
-- Yararlan Bulk Seed V2 Migration
DROP TABLE IF EXISTS website_intents;
DROP TABLE IF EXISTS website_personas;
DROP TABLE IF EXISTS recommended_websites;
DROP TABLE IF EXISTS websites;
DROP TABLE IF EXISTS categories;
DROP TABLE IF EXISTS intents;
DROP TABLE IF EXISTS personas;

CREATE TABLE IF NOT EXISTS categories (id INTEGER PRIMARY KEY AUTOINCREMENT, slug TEXT UNIQUE, name_tr TEXT NOT NULL, name_en TEXT NOT NULL, name_es TEXT NOT NULL);
CREATE TABLE IF NOT EXISTS intents (id INTEGER PRIMARY KEY AUTOINCREMENT, slug TEXT UNIQUE, name_tr TEXT NOT NULL, name_en TEXT NOT NULL, name_es TEXT NOT NULL);
CREATE TABLE IF NOT EXISTS personas (id INTEGER PRIMARY KEY AUTOINCREMENT, slug TEXT UNIQUE, name_tr TEXT NOT NULL, name_en TEXT NOT NULL, name_es TEXT NOT NULL);

CREATE TABLE IF NOT EXISTS websites (
  id INTEGER PRIMARY KEY AUTOINCREMENT,
  name TEXT NOT NULL,
  slug TEXT UNIQUE NOT NULL,
  url TEXT NOT NULL,
  short_description TEXT,
  purpose TEXT,
  category_id INTEGER REFERENCES categories(id) ON DELETE CASCADE,
  click_count INTEGER DEFAULT 0,
  is_active INTEGER DEFAULT 1
);

CREATE TABLE IF NOT EXISTS website_intents (
  website_id INTEGER REFERENCES websites(id) ON DELETE CASCADE,
  intent_id INTEGER REFERENCES intents(id) ON DELETE CASCADE,
  PRIMARY KEY (website_id, intent_id)
);

CREATE TABLE IF NOT EXISTS website_personas (
  website_id INTEGER REFERENCES websites(id) ON DELETE CASCADE,
  persona_id INTEGER REFERENCES personas(id) ON DELETE CASCADE,
  PRIMARY KEY (website_id, persona_id)
);

CREATE TABLE IF NOT EXISTS recommended_websites (
  id INTEGER PRIMARY KEY AUTOINCREMENT,
  website_id INTEGER NOT NULL REFERENCES websites(id) ON DELETE CASCADE,
  is_active INTEGER DEFAULT 1,
  created_at DATETIME DEFAULT CURRENT_TIMESTAMP
);

CREATE TABLE IF NOT EXISTS suggested_tools (
  id INTEGER PRIMARY KEY AUTOINCREMENT,
  website_name TEXT NOT NULL,
  created_at DATETIME DEFAULT CURRENT_TIMESTAMP
);

INSERT INTO categories (id, slug, name_tr, name_en, name_es) VALUES (1, 'icerik-uretimi', 'İçerik Üretimi', 'Content Creation', 'Creación de Contenido');
INSERT INTO categories (id, slug, name_tr, name_en, name_es) VALUES (2, 'video-reels', 'Video & Reels', 'Video & Reels', 'Video y Reels');
INSERT INTO categories (id, slug, name_tr, name_en, name_es) VALUES (3, 'gorsel-tasarim', 'Görsel/Tasarım', 'Visual/Design', 'Visual/Diseño');
INSERT INTO categories (id, slug, name_tr, name_en, name_es) VALUES (4, 'arastirma-analiz', 'Araştırma & Analiz', 'Research & Analysis', 'Investigación y Analítica');
INSERT INTO categories (id, slug, name_tr, name_en, name_es) VALUES (5, 'kod-gelistirme', 'Kod & Geliştirme', 'Code & Development', 'Código y Desarrollo');
INSERT INTO categories (id, slug, name_tr, name_en, name_es) VALUES (6, 'veri-dashboard', 'Veri & Dashboard', 'Data & Dashboard', 'Datos y Tablero');
INSERT INTO categories (id, slug, name_tr, name_en, name_es) VALUES (7, 'pazarlama-growth', 'Pazarlama & Growth', 'Marketing & Growth', 'Marketing y Crecimiento');
INSERT INTO categories (id, slug, name_tr, name_en, name_es) VALUES (8, 'otomasyon-agent', 'Otomasyon & Agent', 'Automation & Agent', 'Automatización y Agente');
INSERT INTO categories (id, slug, name_tr, name_en, name_es) VALUES (9, 'ses-muzik', 'Ses & Müzik', 'Audio & Music', 'Audio y Música');
INSERT INTO categories (id, slug, name_tr, name_en, name_es) VALUES (10, 'sunum-dokuman', 'Sunum & Doküman', 'Presentation & Document', 'Presentación y Documento');
INSERT INTO intents (id, slug, name_tr, name_en, name_es) VALUES (1, 'para-kazan', 'Para Kazan', 'Make Money', 'Ganar Dinero');
INSERT INTO intents (id, slug, name_tr, name_en, name_es) VALUES (2, 'viral-icerik', 'Viral İçerik', 'Viral Content', 'Contenido Viral');
INSERT INTO intents (id, slug, name_tr, name_en, name_es) VALUES (3, 'zamandan-kazan', 'Zamandan Kazan', 'Save Time', 'Ahorrar Tiempo');
INSERT INTO intents (id, slug, name_tr, name_en, name_es) VALUES (4, 'otomatiklestir', 'Otomatikleştir', 'Automate', 'Automatizar');
INSERT INTO intents (id, slug, name_tr, name_en, name_es) VALUES (5, 'skill-up', 'Skill Up / Öğren', 'Skill Up / Learn', 'Aprender / Mejorar');
INSERT INTO intents (id, slug, name_tr, name_en, name_es) VALUES (6, 'growth-hack', 'Growth Hack', 'Growth Hack', 'Growth Hack');
INSERT INTO personas (id, slug, name_tr, name_en, name_es) VALUES (1, 'developer', 'Developer', 'Developer', 'Desarrollador');
INSERT INTO personas (id, slug, name_tr, name_en, name_es) VALUES (2, 'designer', 'Designer', 'Designer', 'Diseñador');
INSERT INTO personas (id, slug, name_tr, name_en, name_es) VALUES (3, 'content-creator', 'Content Creator', 'Content Creator', 'Creador de Contenido');
INSERT INTO personas (id, slug, name_tr, name_en, name_es) VALUES (4, 'founder', 'Founder / Girişimci', 'Founder / Entrepreneur', 'Fundador / Emprendedor');
INSERT INTO personas (id, slug, name_tr, name_en, name_es) VALUES (5, 'marketer', 'Marketer', 'Marketer', 'Comercializador');
INSERT INTO personas (id, slug, name_tr, name_en, name_es) VALUES (6, 'ogrenci', 'Öğrenci', 'Student', 'Estudiante');
INSERT INTO websites (id, name, slug, url, short_description, purpose, category_id, click_count, is_active) VALUES (1, 'FB Menu', 'fb-menu', 'https://fbmenu.com', 'Manage your automated menus and funnels intelligently over FB platforms.', 'Advanced Toolchain', 8, 0, 1);
INSERT INTO website_intents (website_id, intent_id) VALUES (1, 4);
INSERT INTO website_intents (website_id, intent_id) VALUES (1, 1);
INSERT INTO website_personas (website_id, persona_id) VALUES (1, 4);
INSERT INTO website_personas (website_id, persona_id) VALUES (1, 5);
INSERT INTO recommended_websites (website_id, is_active) VALUES (1, 1);
INSERT INTO websites (id, name, slug, url, short_description, purpose, category_id, click_count, is_active) VALUES (2, 'Inflera', 'inflera', 'https://inflera.com', 'Infuencer discovery and dynamic marketing growth engine.', 'Advanced Toolchain', 7, 0, 1);
INSERT INTO website_intents (website_id, intent_id) VALUES (2, 6);
INSERT INTO website_intents (website_id, intent_id) VALUES (2, 2);
INSERT INTO website_personas (website_id, persona_id) VALUES (2, 5);
INSERT INTO website_personas (website_id, persona_id) VALUES (2, 3);
INSERT INTO recommended_websites (website_id, is_active) VALUES (2, 1);
INSERT INTO websites (id, name, slug, url, short_description, purpose, category_id, click_count, is_active) VALUES (3, 'AI Skill Score', 'ai-skill-score', 'https://aiskillscore.com', 'Test and measure your capabilities inside AI ecosystems.', 'Advanced Toolchain', 4, 0, 1);
INSERT INTO website_intents (website_id, intent_id) VALUES (3, 5);
INSERT INTO website_personas (website_id, persona_id) VALUES (3, 6);
INSERT INTO website_personas (website_id, persona_id) VALUES (3, 1);
INSERT INTO recommended_websites (website_id, is_active) VALUES (3, 1);
INSERT INTO websites (id, name, slug, url, short_description, purpose, category_id, click_count, is_active) VALUES (4, 'TokeAtlas', 'tokeatlas', 'https://tokeatlas.com', 'Real-time interactive mappings of analytical metrics globally.', 'Advanced Toolchain', 6, 0, 1);
INSERT INTO website_intents (website_id, intent_id) VALUES (4, 1);
INSERT INTO website_personas (website_id, persona_id) VALUES (4, 4);
INSERT INTO recommended_websites (website_id, is_active) VALUES (4, 1);
INSERT INTO websites (id, name, slug, url, short_description, purpose, category_id, click_count, is_active) VALUES (5, 'ChatGPT', 'chatgpt', 'https://chat.openai.com', 'ChatGPT is a powerful solution tailored for research & analysis processes using artificial intelligence.', 'Industry Leader', 4, 0, 1);
INSERT INTO website_intents (website_id, intent_id) VALUES (5, 5);
INSERT INTO website_intents (website_id, intent_id) VALUES (5, 4);
INSERT INTO website_personas (website_id, persona_id) VALUES (5, 1);
INSERT INTO websites (id, name, slug, url, short_description, purpose, category_id, click_count, is_active) VALUES (6, 'Midjourney', 'midjourney', 'https://midjourney.com', 'Midjourney is a powerful solution tailored for visual/design processes using artificial intelligence.', 'Industry Leader', 3, 0, 1);
INSERT INTO website_intents (website_id, intent_id) VALUES (6, 4);
INSERT INTO website_personas (website_id, persona_id) VALUES (6, 2);
INSERT INTO website_personas (website_id, persona_id) VALUES (6, 1);
INSERT INTO websites (id, name, slug, url, short_description, purpose, category_id, click_count, is_active) VALUES (7, 'Notion AI', 'notion-ai', 'https://notion.so', 'Notion AI is a powerful solution tailored for presentation & document processes using artificial intelligence.', 'Industry Leader', 10, 0, 1);
INSERT INTO website_intents (website_id, intent_id) VALUES (7, 3);
INSERT INTO website_intents (website_id, intent_id) VALUES (7, 4);
INSERT INTO website_personas (website_id, persona_id) VALUES (7, 5);
INSERT INTO website_personas (website_id, persona_id) VALUES (7, 3);
INSERT INTO websites (id, name, slug, url, short_description, purpose, category_id, click_count, is_active) VALUES (8, 'GitHub Copilot', 'github-copilot', 'https://github.com/features/copilot', 'GitHub Copilot is a powerful solution tailored for code & development processes using artificial intelligence.', 'Industry Leader', 5, 0, 1);
INSERT INTO website_intents (website_id, intent_id) VALUES (8, 4);
INSERT INTO website_intents (website_id, intent_id) VALUES (8, 3);
INSERT INTO website_personas (website_id, persona_id) VALUES (8, 3);
INSERT INTO websites (id, name, slug, url, short_description, purpose, category_id, click_count, is_active) VALUES (9, 'Jasper', 'jasper', 'https://jasper.ai', 'Jasper is a powerful solution tailored for content creation processes using artificial intelligence.', 'Industry Leader', 1, 0, 1);
INSERT INTO website_intents (website_id, intent_id) VALUES (9, 6);
INSERT INTO website_personas (website_id, persona_id) VALUES (9, 6);
INSERT INTO website_personas (website_id, persona_id) VALUES (9, 4);
INSERT INTO website_personas (website_id, persona_id) VALUES (9, 3);
INSERT INTO websites (id, name, slug, url, short_description, purpose, category_id, click_count, is_active) VALUES (10, 'Runway', 'runway', 'https://runwayml.com', 'Runway is a powerful solution tailored for video & reels processes using artificial intelligence.', 'Industry Leader', 2, 0, 1);
INSERT INTO website_intents (website_id, intent_id) VALUES (10, 6);
INSERT INTO website_personas (website_id, persona_id) VALUES (10, 5);
INSERT INTO website_personas (website_id, persona_id) VALUES (10, 3);
INSERT INTO websites (id, name, slug, url, short_description, purpose, category_id, click_count, is_active) VALUES (11, 'Suno', 'suno', 'https://suno.com', 'Suno is a powerful solution tailored for audio & music processes using artificial intelligence.', 'Industry Leader', 9, 0, 1);
INSERT INTO website_intents (website_id, intent_id) VALUES (11, 2);
INSERT INTO website_personas (website_id, persona_id) VALUES (11, 1);
INSERT INTO website_personas (website_id, persona_id) VALUES (11, 4);
INSERT INTO website_personas (website_id, persona_id) VALUES (11, 6);
INSERT INTO websites (id, name, slug, url, short_description, purpose, category_id, click_count, is_active) VALUES (12, 'Zapier', 'zapier', 'https://zapier.com', 'Zapier is a powerful solution tailored for automation & agent processes using artificial intelligence.', 'Industry Leader', 8, 0, 1);
INSERT INTO website_intents (website_id, intent_id) VALUES (12, 3);
INSERT INTO website_personas (website_id, persona_id) VALUES (12, 1);
INSERT INTO website_personas (website_id, persona_id) VALUES (12, 2);
INSERT INTO websites (id, name, slug, url, short_description, purpose, category_id, click_count, is_active) VALUES (13, 'Tableau AI', 'tableau-ai', 'https://tableau.com', 'Tableau AI is a powerful solution tailored for data & dashboard processes using artificial intelligence.', 'Industry Leader', 6, 0, 1);
INSERT INTO website_intents (website_id, intent_id) VALUES (13, 2);
INSERT INTO website_intents (website_id, intent_id) VALUES (13, 1);
INSERT INTO website_personas (website_id, persona_id) VALUES (13, 2);
INSERT INTO website_personas (website_id, persona_id) VALUES (13, 1);
INSERT INTO website_personas (website_id, persona_id) VALUES (13, 6);
INSERT INTO websites (id, name, slug, url, short_description, purpose, category_id, click_count, is_active) VALUES (14, 'Copy.ai', 'copy-ai', 'https://copy.ai', 'Copy.ai is a powerful solution tailored for marketing & growth processes using artificial intelligence.', 'Industry Leader', 7, 0, 1);
INSERT INTO website_intents (website_id, intent_id) VALUES (14, 4);
INSERT INTO website_intents (website_id, intent_id) VALUES (14, 3);
INSERT INTO website_personas (website_id, persona_id) VALUES (14, 4);
INSERT INTO websites (id, name, slug, url, short_description, purpose, category_id, click_count, is_active) VALUES (15, 'AutoMate', 'automate-3417', 'https://automate-3417.com', 'Enhance your productivity with AutoMate. Perfect for seamless content creation automation.', 'Productivity Engine', 1, 0, 1);
INSERT INTO website_intents (website_id, intent_id) VALUES (15, 5);
INSERT INTO website_intents (website_id, intent_id) VALUES (15, 4);
INSERT INTO website_personas (website_id, persona_id) VALUES (15, 2);
INSERT INTO websites (id, name, slug, url, short_description, purpose, category_id, click_count, is_active) VALUES (16, 'GeniAI', 'geniai-9978', 'https://geniai-9978.com', 'An incredibly advanced AI tool revolutionizing the way you handle content creation. Try GeniAI today.', 'Creative Studio', 1, 0, 1);
INSERT INTO website_intents (website_id, intent_id) VALUES (16, 3);
INSERT INTO website_intents (website_id, intent_id) VALUES (16, 4);
INSERT INTO website_personas (website_id, persona_id) VALUES (16, 1);
INSERT INTO website_personas (website_id, persona_id) VALUES (16, 2);
INSERT INTO websites (id, name, slug, url, short_description, purpose, category_id, click_count, is_active) VALUES (17, 'Nextly', 'nextly-8656', 'https://nextly-8656.com', 'An incredibly advanced AI tool revolutionizing the way you handle content creation. Try Nextly today.', 'Productivity Engine', 1, 0, 1);
INSERT INTO website_intents (website_id, intent_id) VALUES (17, 5);
INSERT INTO website_personas (website_id, persona_id) VALUES (17, 4);
INSERT INTO websites (id, name, slug, url, short_description, purpose, category_id, click_count, is_active) VALUES (18, 'VibeBase', 'vibebase-1350', 'https://vibebase-1350.com', 'Enhance your productivity with VibeBase. Perfect for seamless content creation automation.', 'Creative Studio', 1, 0, 1);
INSERT INTO website_intents (website_id, intent_id) VALUES (18, 4);
INSERT INTO website_personas (website_id, persona_id) VALUES (18, 5);
INSERT INTO website_personas (website_id, persona_id) VALUES (18, 2);
INSERT INTO websites (id, name, slug, url, short_description, purpose, category_id, click_count, is_active) VALUES (19, 'Synthely', 'synthely-106', 'https://synthely-106.com', 'An incredibly advanced AI tool revolutionizing the way you handle content creation. Try Synthely today.', 'Productivity Engine', 1, 0, 1);
INSERT INTO website_intents (website_id, intent_id) VALUES (19, 6);
INSERT INTO website_intents (website_id, intent_id) VALUES (19, 3);
INSERT INTO website_personas (website_id, persona_id) VALUES (19, 6);
INSERT INTO websites (id, name, slug, url, short_description, purpose, category_id, click_count, is_active) VALUES (20, 'VibeForge', 'vibeforge-9398', 'https://vibeforge-9398.com', 'An incredibly advanced AI tool revolutionizing the way you handle content creation. Try VibeForge today.', 'Creative Studio', 1, 0, 1);
INSERT INTO website_intents (website_id, intent_id) VALUES (20, 1);
INSERT INTO website_personas (website_id, persona_id) VALUES (20, 4);
INSERT INTO website_personas (website_id, persona_id) VALUES (20, 5);
INSERT INTO websites (id, name, slug, url, short_description, purpose, category_id, click_count, is_active) VALUES (21, 'Syntheify Pro', 'syntheify-pro-3231', 'https://syntheify-pro-3231.com', 'Enhance your productivity with Syntheify Pro. Perfect for seamless content creation automation.', 'Productivity Engine', 1, 0, 1);
INSERT INTO website_intents (website_id, intent_id) VALUES (21, 2);
INSERT INTO website_personas (website_id, persona_id) VALUES (21, 5);
INSERT INTO website_personas (website_id, persona_id) VALUES (21, 4);
INSERT INTO websites (id, name, slug, url, short_description, purpose, category_id, click_count, is_active) VALUES (22, 'CogniGen', 'cognigen-1240', 'https://cognigen-1240.com', 'An incredibly advanced AI tool revolutionizing the way you handle content creation. Try CogniGen today.', 'Creative Studio', 1, 0, 1);
INSERT INTO website_intents (website_id, intent_id) VALUES (22, 1);
INSERT INTO website_intents (website_id, intent_id) VALUES (22, 2);
INSERT INTO website_personas (website_id, persona_id) VALUES (22, 1);
INSERT INTO website_personas (website_id, persona_id) VALUES (22, 2);
INSERT INTO websites (id, name, slug, url, short_description, purpose, category_id, click_count, is_active) VALUES (23, 'DeepCraft', 'deepcraft-7289', 'https://deepcraft-7289.com', 'An incredibly advanced AI tool revolutionizing the way you handle content creation. Try DeepCraft today.', 'Productivity Engine', 1, 0, 1);
INSERT INTO website_intents (website_id, intent_id) VALUES (23, 5);
INSERT INTO website_intents (website_id, intent_id) VALUES (23, 4);
INSERT INTO website_personas (website_id, persona_id) VALUES (23, 4);
INSERT INTO website_personas (website_id, persona_id) VALUES (23, 1);
INSERT INTO websites (id, name, slug, url, short_description, purpose, category_id, click_count, is_active) VALUES (24, 'Nextly', 'nextly-7758', 'https://nextly-7758.com', 'Enhance your productivity with Nextly. Perfect for seamless content creation automation.', 'Creative Studio', 1, 0, 1);
INSERT INTO website_intents (website_id, intent_id) VALUES (24, 4);
INSERT INTO website_personas (website_id, persona_id) VALUES (24, 4);
INSERT INTO website_personas (website_id, persona_id) VALUES (24, 3);
INSERT INTO websites (id, name, slug, url, short_description, purpose, category_id, click_count, is_active) VALUES (25, 'Flowify', 'flowify-2553', 'https://flowify-2553.com', 'An incredibly advanced AI tool revolutionizing the way you handle content creation. Try Flowify today.', 'Productivity Engine', 1, 0, 1);
INSERT INTO website_intents (website_id, intent_id) VALUES (25, 4);
INSERT INTO website_personas (website_id, persona_id) VALUES (25, 4);
INSERT INTO website_personas (website_id, persona_id) VALUES (25, 2);
INSERT INTO websites (id, name, slug, url, short_description, purpose, category_id, click_count, is_active) VALUES (26, 'CogniFlow', 'cogniflow-7864', 'https://cogniflow-7864.com', 'An incredibly advanced AI tool revolutionizing the way you handle content creation. Try CogniFlow today.', 'Creative Studio', 1, 0, 1);
INSERT INTO website_intents (website_id, intent_id) VALUES (26, 3);
INSERT INTO website_personas (website_id, persona_id) VALUES (26, 4);
INSERT INTO website_personas (website_id, persona_id) VALUES (26, 1);
INSERT INTO websites (id, name, slug, url, short_description, purpose, category_id, click_count, is_active) VALUES (27, 'Smartly Pro', 'smartly-pro-9464', 'https://smartly-pro-9464.com', 'Enhance your productivity with Smartly Pro. Perfect for seamless content creation automation.', 'Productivity Engine', 1, 0, 1);
INSERT INTO website_intents (website_id, intent_id) VALUES (27, 5);
INSERT INTO website_personas (website_id, persona_id) VALUES (27, 3);
INSERT INTO website_personas (website_id, persona_id) VALUES (27, 1);
INSERT INTO websites (id, name, slug, url, short_description, purpose, category_id, click_count, is_active) VALUES (28, 'HyperBot', 'hyperbot-1036', 'https://hyperbot-1036.com', 'An incredibly advanced AI tool revolutionizing the way you handle content creation. Try HyperBot today.', 'Creative Studio', 1, 0, 1);
INSERT INTO website_intents (website_id, intent_id) VALUES (28, 3);
INSERT INTO website_personas (website_id, persona_id) VALUES (28, 5);
INSERT INTO website_personas (website_id, persona_id) VALUES (28, 6);
INSERT INTO websites (id, name, slug, url, short_description, purpose, category_id, click_count, is_active) VALUES (29, 'HyperMate', 'hypermate-5961', 'https://hypermate-5961.com', 'An incredibly advanced AI tool revolutionizing the way you handle content creation. Try HyperMate today.', 'Productivity Engine', 1, 0, 1);
INSERT INTO website_intents (website_id, intent_id) VALUES (29, 3);
INSERT INTO website_personas (website_id, persona_id) VALUES (29, 2);
INSERT INTO websites (id, name, slug, url, short_description, purpose, category_id, click_count, is_active) VALUES (30, 'QuickMate', 'quickmate-4710', 'https://quickmate-4710.com', 'Enhance your productivity with QuickMate. Perfect for seamless content creation automation.', 'Creative Studio', 1, 0, 1);
INSERT INTO website_intents (website_id, intent_id) VALUES (30, 4);
INSERT INTO website_intents (website_id, intent_id) VALUES (30, 2);
INSERT INTO website_personas (website_id, persona_id) VALUES (30, 3);
INSERT INTO websites (id, name, slug, url, short_description, purpose, category_id, click_count, is_active) VALUES (31, 'NextMind', 'nextmind-9147', 'https://nextmind-9147.com', 'An incredibly advanced AI tool revolutionizing the way you handle content creation. Try NextMind today.', 'Productivity Engine', 1, 0, 1);
INSERT INTO website_intents (website_id, intent_id) VALUES (31, 2);
INSERT INTO website_personas (website_id, persona_id) VALUES (31, 3);
INSERT INTO website_personas (website_id, persona_id) VALUES (31, 2);
INSERT INTO websites (id, name, slug, url, short_description, purpose, category_id, click_count, is_active) VALUES (32, 'ZenBase', 'zenbase-2930', 'https://zenbase-2930.com', 'An incredibly advanced AI tool revolutionizing the way you handle content creation. Try ZenBase today.', 'Creative Studio', 1, 0, 1);
INSERT INTO website_intents (website_id, intent_id) VALUES (32, 4);
INSERT INTO website_intents (website_id, intent_id) VALUES (32, 6);
INSERT INTO website_personas (website_id, persona_id) VALUES (32, 3);
INSERT INTO website_personas (website_id, persona_id) VALUES (32, 4);
INSERT INTO websites (id, name, slug, url, short_description, purpose, category_id, click_count, is_active) VALUES (33, 'Quickify', 'quickify-1790', 'https://quickify-1790.com', 'Enhance your productivity with Quickify. Perfect for seamless content creation automation.', 'Productivity Engine', 1, 0, 1);
INSERT INTO website_intents (website_id, intent_id) VALUES (33, 3);
INSERT INTO website_personas (website_id, persona_id) VALUES (33, 1);
INSERT INTO websites (id, name, slug, url, short_description, purpose, category_id, click_count, is_active) VALUES (34, 'AutoMate', 'automate-3155', 'https://automate-3155.com', 'An incredibly advanced AI tool revolutionizing the way you handle content creation. Try AutoMate today.', 'Creative Studio', 1, 0, 1);
INSERT INTO website_intents (website_id, intent_id) VALUES (34, 1);
INSERT INTO website_personas (website_id, persona_id) VALUES (34, 3);
INSERT INTO websites (id, name, slug, url, short_description, purpose, category_id, click_count, is_active) VALUES (35, 'SmartSync', 'smartsync-6409', 'https://smartsync-6409.com', 'An incredibly advanced AI tool revolutionizing the way you handle content creation. Try SmartSync today.', 'Productivity Engine', 1, 0, 1);
INSERT INTO website_intents (website_id, intent_id) VALUES (35, 2);
INSERT INTO website_intents (website_id, intent_id) VALUES (35, 3);
INSERT INTO website_personas (website_id, persona_id) VALUES (35, 4);
INSERT INTO website_personas (website_id, persona_id) VALUES (35, 6);
INSERT INTO websites (id, name, slug, url, short_description, purpose, category_id, click_count, is_active) VALUES (36, 'ProSync', 'prosync-1025', 'https://prosync-1025.com', 'Enhance your productivity with ProSync. Perfect for seamless content creation automation.', 'Creative Studio', 1, 0, 1);
INSERT INTO website_intents (website_id, intent_id) VALUES (36, 4);
INSERT INTO website_intents (website_id, intent_id) VALUES (36, 1);
INSERT INTO website_personas (website_id, persona_id) VALUES (36, 1);
INSERT INTO website_personas (website_id, persona_id) VALUES (36, 4);
INSERT INTO websites (id, name, slug, url, short_description, purpose, category_id, click_count, is_active) VALUES (37, 'Vibely', 'vibely-35', 'https://vibely-35.com', 'An incredibly advanced AI tool revolutionizing the way you handle content creation. Try Vibely today.', 'Productivity Engine', 1, 0, 1);
INSERT INTO website_intents (website_id, intent_id) VALUES (37, 1);
INSERT INTO website_personas (website_id, persona_id) VALUES (37, 4);
INSERT INTO website_personas (website_id, persona_id) VALUES (37, 1);
INSERT INTO websites (id, name, slug, url, short_description, purpose, category_id, click_count, is_active) VALUES (38, 'QuickMind Pro', 'quickmind-pro-3455', 'https://quickmind-pro-3455.com', 'An incredibly advanced AI tool revolutionizing the way you handle content creation. Try QuickMind Pro today.', 'Creative Studio', 1, 0, 1);
INSERT INTO website_intents (website_id, intent_id) VALUES (38, 6);
INSERT INTO website_intents (website_id, intent_id) VALUES (38, 5);
INSERT INTO website_personas (website_id, persona_id) VALUES (38, 1);
INSERT INTO website_personas (website_id, persona_id) VALUES (38, 3);
INSERT INTO websites (id, name, slug, url, short_description, purpose, category_id, click_count, is_active) VALUES (39, 'ProBot', 'probot-8143', 'https://probot-8143.com', 'Enhance your productivity with ProBot. Perfect for seamless content creation automation.', 'Productivity Engine', 1, 0, 1);
INSERT INTO website_intents (website_id, intent_id) VALUES (39, 2);
INSERT INTO website_intents (website_id, intent_id) VALUES (39, 3);
INSERT INTO website_personas (website_id, persona_id) VALUES (39, 4);
INSERT INTO websites (id, name, slug, url, short_description, purpose, category_id, click_count, is_active) VALUES (40, 'DeepBot', 'deepbot-5680', 'https://deepbot-5680.com', 'An incredibly advanced AI tool revolutionizing the way you handle content creation. Try DeepBot today.', 'Creative Studio', 1, 0, 1);
INSERT INTO website_intents (website_id, intent_id) VALUES (40, 1);
INSERT INTO website_personas (website_id, persona_id) VALUES (40, 1);
INSERT INTO websites (id, name, slug, url, short_description, purpose, category_id, click_count, is_active) VALUES (41, 'Quickify', 'quickify-4581', 'https://quickify-4581.com', 'An incredibly advanced AI tool revolutionizing the way you handle content creation. Try Quickify today.', 'Productivity Engine', 1, 0, 1);
INSERT INTO website_intents (website_id, intent_id) VALUES (41, 5);
INSERT INTO website_personas (website_id, persona_id) VALUES (41, 1);
INSERT INTO website_personas (website_id, persona_id) VALUES (41, 2);
INSERT INTO websites (id, name, slug, url, short_description, purpose, category_id, click_count, is_active) VALUES (42, 'FlowMate', 'flowmate-5702', 'https://flowmate-5702.com', 'Enhance your productivity with FlowMate. Perfect for seamless content creation automation.', 'Creative Studio', 1, 0, 1);
INSERT INTO website_intents (website_id, intent_id) VALUES (42, 5);
INSERT INTO website_personas (website_id, persona_id) VALUES (42, 6);
INSERT INTO website_personas (website_id, persona_id) VALUES (42, 4);
INSERT INTO websites (id, name, slug, url, short_description, purpose, category_id, click_count, is_active) VALUES (43, 'Genily', 'genily-5280', 'https://genily-5280.com', 'An incredibly advanced AI tool revolutionizing the way you handle content creation. Try Genily today.', 'Productivity Engine', 1, 0, 1);
INSERT INTO website_intents (website_id, intent_id) VALUES (43, 5);
INSERT INTO website_personas (website_id, persona_id) VALUES (43, 1);
INSERT INTO websites (id, name, slug, url, short_description, purpose, category_id, click_count, is_active) VALUES (44, 'QuickSync', 'quicksync-426', 'https://quicksync-426.com', 'An incredibly advanced AI tool revolutionizing the way you handle content creation. Try QuickSync today.', 'Creative Studio', 1, 0, 1);
INSERT INTO website_intents (website_id, intent_id) VALUES (44, 4);
INSERT INTO website_personas (website_id, persona_id) VALUES (44, 4);
INSERT INTO websites (id, name, slug, url, short_description, purpose, category_id, click_count, is_active) VALUES (45, 'VibeMind Pro', 'vibemind-pro-7698', 'https://vibemind-pro-7698.com', 'Enhance your productivity with VibeMind Pro. Perfect for seamless content creation automation.', 'Productivity Engine', 1, 0, 1);
INSERT INTO website_intents (website_id, intent_id) VALUES (45, 1);
INSERT INTO website_personas (website_id, persona_id) VALUES (45, 1);
INSERT INTO website_personas (website_id, persona_id) VALUES (45, 2);
INSERT INTO websites (id, name, slug, url, short_description, purpose, category_id, click_count, is_active) VALUES (46, 'ProMind', 'promind-3048', 'https://promind-3048.com', 'An incredibly advanced AI tool revolutionizing the way you handle content creation. Try ProMind today.', 'Creative Studio', 1, 0, 1);
INSERT INTO website_intents (website_id, intent_id) VALUES (46, 5);
INSERT INTO website_personas (website_id, persona_id) VALUES (46, 1);
INSERT INTO website_personas (website_id, persona_id) VALUES (46, 5);
INSERT INTO websites (id, name, slug, url, short_description, purpose, category_id, click_count, is_active) VALUES (47, 'Genily Pro', 'genily-pro-611', 'https://genily-pro-611.com', 'An incredibly advanced AI tool revolutionizing the way you handle content creation. Try Genily Pro today.', 'Productivity Engine', 1, 0, 1);
INSERT INTO website_intents (website_id, intent_id) VALUES (47, 3);
INSERT INTO website_personas (website_id, persona_id) VALUES (47, 4);
INSERT INTO websites (id, name, slug, url, short_description, purpose, category_id, click_count, is_active) VALUES (48, 'SyntheCraft', 'synthecraft-2787', 'https://synthecraft-2787.com', 'Enhance your productivity with SyntheCraft. Perfect for seamless content creation automation.', 'Creative Studio', 1, 0, 1);
INSERT INTO website_intents (website_id, intent_id) VALUES (48, 3);
INSERT INTO website_intents (website_id, intent_id) VALUES (48, 1);
INSERT INTO website_personas (website_id, persona_id) VALUES (48, 6);
INSERT INTO website_personas (website_id, persona_id) VALUES (48, 4);
INSERT INTO websites (id, name, slug, url, short_description, purpose, category_id, click_count, is_active) VALUES (49, 'CogniMind Pro', 'cognimind-pro-5381', 'https://cognimind-pro-5381.com', 'An incredibly advanced AI tool revolutionizing the way you handle content creation. Try CogniMind Pro today.', 'Productivity Engine', 1, 0, 1);
INSERT INTO website_intents (website_id, intent_id) VALUES (49, 1);
INSERT INTO website_intents (website_id, intent_id) VALUES (49, 2);
INSERT INTO website_personas (website_id, persona_id) VALUES (49, 3);
INSERT INTO websites (id, name, slug, url, short_description, purpose, category_id, click_count, is_active) VALUES (50, 'AutoMate', 'automate-6111', 'https://automate-6111.com', 'An incredibly advanced AI tool revolutionizing the way you handle content creation. Try AutoMate today.', 'Creative Studio', 1, 0, 1);
INSERT INTO website_intents (website_id, intent_id) VALUES (50, 1);
INSERT INTO website_personas (website_id, persona_id) VALUES (50, 6);
INSERT INTO websites (id, name, slug, url, short_description, purpose, category_id, click_count, is_active) VALUES (51, 'VibeMate', 'vibemate-7593', 'https://vibemate-7593.com', 'Enhance your productivity with VibeMate. Perfect for seamless content creation automation.', 'Productivity Engine', 1, 0, 1);
INSERT INTO website_intents (website_id, intent_id) VALUES (51, 2);
INSERT INTO website_intents (website_id, intent_id) VALUES (51, 1);
INSERT INTO website_personas (website_id, persona_id) VALUES (51, 1);
INSERT INTO website_personas (website_id, persona_id) VALUES (51, 5);
INSERT INTO websites (id, name, slug, url, short_description, purpose, category_id, click_count, is_active) VALUES (52, 'ProMate Pro', 'promate-pro-5097', 'https://promate-pro-5097.com', 'An incredibly advanced AI tool revolutionizing the way you handle content creation. Try ProMate Pro today.', 'Creative Studio', 1, 0, 1);
INSERT INTO website_intents (website_id, intent_id) VALUES (52, 2);
INSERT INTO website_personas (website_id, persona_id) VALUES (52, 6);
INSERT INTO websites (id, name, slug, url, short_description, purpose, category_id, click_count, is_active) VALUES (53, 'DeepAI Pro', 'deepai-pro-1883', 'https://deepai-pro-1883.com', 'An incredibly advanced AI tool revolutionizing the way you handle content creation. Try DeepAI Pro today.', 'Productivity Engine', 1, 0, 1);
INSERT INTO website_intents (website_id, intent_id) VALUES (53, 2);
INSERT INTO website_intents (website_id, intent_id) VALUES (53, 5);
INSERT INTO website_personas (website_id, persona_id) VALUES (53, 1);
INSERT INTO website_personas (website_id, persona_id) VALUES (53, 2);
INSERT INTO websites (id, name, slug, url, short_description, purpose, category_id, click_count, is_active) VALUES (54, 'AutoFlow', 'autoflow-7407', 'https://autoflow-7407.com', 'Enhance your productivity with AutoFlow. Perfect for seamless content creation automation.', 'Creative Studio', 1, 0, 1);
INSERT INTO website_intents (website_id, intent_id) VALUES (54, 2);
INSERT INTO website_personas (website_id, persona_id) VALUES (54, 6);
INSERT INTO websites (id, name, slug, url, short_description, purpose, category_id, click_count, is_active) VALUES (55, 'AutoBase Pro', 'autobase-pro-884', 'https://autobase-pro-884.com', 'An incredibly advanced AI tool revolutionizing the way you handle content creation. Try AutoBase Pro today.', 'Productivity Engine', 1, 0, 1);
INSERT INTO website_intents (website_id, intent_id) VALUES (55, 1);
INSERT INTO website_intents (website_id, intent_id) VALUES (55, 3);
INSERT INTO website_personas (website_id, persona_id) VALUES (55, 6);
INSERT INTO websites (id, name, slug, url, short_description, purpose, category_id, click_count, is_active) VALUES (56, 'CogniBase', 'cognibase-4094', 'https://cognibase-4094.com', 'An incredibly advanced AI tool revolutionizing the way you handle content creation. Try CogniBase today.', 'Creative Studio', 1, 0, 1);
INSERT INTO website_intents (website_id, intent_id) VALUES (56, 4);
INSERT INTO website_intents (website_id, intent_id) VALUES (56, 5);
INSERT INTO website_personas (website_id, persona_id) VALUES (56, 2);
INSERT INTO website_personas (website_id, persona_id) VALUES (56, 4);
INSERT INTO websites (id, name, slug, url, short_description, purpose, category_id, click_count, is_active) VALUES (57, 'SmartSync', 'smartsync-4765', 'https://smartsync-4765.com', 'Enhance your productivity with SmartSync. Perfect for seamless content creation automation.', 'Productivity Engine', 1, 0, 1);
INSERT INTO website_intents (website_id, intent_id) VALUES (57, 1);
INSERT INTO website_personas (website_id, persona_id) VALUES (57, 6);
INSERT INTO websites (id, name, slug, url, short_description, purpose, category_id, click_count, is_active) VALUES (58, 'Quickify Pro', 'quickify-pro-4459', 'https://quickify-pro-4459.com', 'An incredibly advanced AI tool revolutionizing the way you handle content creation. Try Quickify Pro today.', 'Creative Studio', 1, 0, 1);
INSERT INTO website_intents (website_id, intent_id) VALUES (58, 5);
INSERT INTO website_intents (website_id, intent_id) VALUES (58, 4);
INSERT INTO website_personas (website_id, persona_id) VALUES (58, 4);
INSERT INTO website_personas (website_id, persona_id) VALUES (58, 1);
INSERT INTO websites (id, name, slug, url, short_description, purpose, category_id, click_count, is_active) VALUES (59, 'SyntheCraft', 'synthecraft-7722', 'https://synthecraft-7722.com', 'An incredibly advanced AI tool revolutionizing the way you handle content creation. Try SyntheCraft today.', 'Productivity Engine', 1, 0, 1);
INSERT INTO website_intents (website_id, intent_id) VALUES (59, 3);
INSERT INTO website_intents (website_id, intent_id) VALUES (59, 5);
INSERT INTO website_personas (website_id, persona_id) VALUES (59, 1);
INSERT INTO websites (id, name, slug, url, short_description, purpose, category_id, click_count, is_active) VALUES (60, 'NextMate Pro', 'nextmate-pro-8576', 'https://nextmate-pro-8576.com', 'Enhance your productivity with NextMate Pro. Perfect for seamless content creation automation.', 'Creative Studio', 1, 0, 1);
INSERT INTO website_intents (website_id, intent_id) VALUES (60, 2);
INSERT INTO website_intents (website_id, intent_id) VALUES (60, 4);
INSERT INTO website_personas (website_id, persona_id) VALUES (60, 1);
INSERT INTO website_personas (website_id, persona_id) VALUES (60, 4);
INSERT INTO websites (id, name, slug, url, short_description, purpose, category_id, click_count, is_active) VALUES (61, 'ProFlow', 'proflow-7871', 'https://proflow-7871.com', 'An incredibly advanced AI tool revolutionizing the way you handle content creation. Try ProFlow today.', 'Productivity Engine', 1, 0, 1);
INSERT INTO website_intents (website_id, intent_id) VALUES (61, 1);
INSERT INTO website_personas (website_id, persona_id) VALUES (61, 4);
INSERT INTO website_personas (website_id, persona_id) VALUES (61, 3);
INSERT INTO websites (id, name, slug, url, short_description, purpose, category_id, click_count, is_active) VALUES (62, 'SmartBase Pro', 'smartbase-pro-7164', 'https://smartbase-pro-7164.com', 'An incredibly advanced AI tool revolutionizing the way you handle content creation. Try SmartBase Pro today.', 'Creative Studio', 1, 0, 1);
INSERT INTO website_intents (website_id, intent_id) VALUES (62, 2);
INSERT INTO website_personas (website_id, persona_id) VALUES (62, 1);
INSERT INTO website_personas (website_id, persona_id) VALUES (62, 6);
INSERT INTO websites (id, name, slug, url, short_description, purpose, category_id, click_count, is_active) VALUES (63, 'ProMind', 'promind-2829', 'https://promind-2829.com', 'Enhance your productivity with ProMind. Perfect for seamless content creation automation.', 'Productivity Engine', 1, 0, 1);
INSERT INTO website_intents (website_id, intent_id) VALUES (63, 5);
INSERT INTO website_personas (website_id, persona_id) VALUES (63, 1);
INSERT INTO website_personas (website_id, persona_id) VALUES (63, 4);
INSERT INTO websites (id, name, slug, url, short_description, purpose, category_id, click_count, is_active) VALUES (64, 'QuickCraft', 'quickcraft-658', 'https://quickcraft-658.com', 'An incredibly advanced AI tool revolutionizing the way you handle content creation. Try QuickCraft today.', 'Creative Studio', 1, 0, 1);
INSERT INTO website_intents (website_id, intent_id) VALUES (64, 1);
INSERT INTO website_personas (website_id, persona_id) VALUES (64, 1);
INSERT INTO websites (id, name, slug, url, short_description, purpose, category_id, click_count, is_active) VALUES (65, 'CogniForge', 'cogniforge-8929', 'https://cogniforge-8929.com', 'An incredibly advanced AI tool revolutionizing the way you handle content creation. Try CogniForge today.', 'Productivity Engine', 1, 0, 1);
INSERT INTO website_intents (website_id, intent_id) VALUES (65, 4);
INSERT INTO website_personas (website_id, persona_id) VALUES (65, 1);
INSERT INTO websites (id, name, slug, url, short_description, purpose, category_id, click_count, is_active) VALUES (66, 'QuickFlow', 'quickflow-7309', 'https://quickflow-7309.com', 'Enhance your productivity with QuickFlow. Perfect for seamless content creation automation.', 'Creative Studio', 1, 0, 1);
INSERT INTO website_intents (website_id, intent_id) VALUES (66, 3);
INSERT INTO website_intents (website_id, intent_id) VALUES (66, 2);
INSERT INTO website_personas (website_id, persona_id) VALUES (66, 2);
INSERT INTO websites (id, name, slug, url, short_description, purpose, category_id, click_count, is_active) VALUES (67, 'FlowMind', 'flowmind-3048', 'https://flowmind-3048.com', 'An incredibly advanced AI tool revolutionizing the way you handle content creation. Try FlowMind today.', 'Productivity Engine', 1, 0, 1);
INSERT INTO website_intents (website_id, intent_id) VALUES (67, 3);
INSERT INTO website_intents (website_id, intent_id) VALUES (67, 2);
INSERT INTO website_personas (website_id, persona_id) VALUES (67, 6);
INSERT INTO website_personas (website_id, persona_id) VALUES (67, 4);
INSERT INTO websites (id, name, slug, url, short_description, purpose, category_id, click_count, is_active) VALUES (68, 'SyntheFlow', 'syntheflow-3173', 'https://syntheflow-3173.com', 'An incredibly advanced AI tool revolutionizing the way you handle content creation. Try SyntheFlow today.', 'Creative Studio', 1, 0, 1);
INSERT INTO website_intents (website_id, intent_id) VALUES (68, 1);
INSERT INTO website_intents (website_id, intent_id) VALUES (68, 2);
INSERT INTO website_personas (website_id, persona_id) VALUES (68, 3);
INSERT INTO websites (id, name, slug, url, short_description, purpose, category_id, click_count, is_active) VALUES (69, 'QuickGen Pro', 'quickgen-pro-533', 'https://quickgen-pro-533.com', 'Enhance your productivity with QuickGen Pro. Perfect for seamless content creation automation.', 'Productivity Engine', 1, 0, 1);
INSERT INTO website_intents (website_id, intent_id) VALUES (69, 4);
INSERT INTO website_intents (website_id, intent_id) VALUES (69, 1);
INSERT INTO website_personas (website_id, persona_id) VALUES (69, 6);
INSERT INTO website_personas (website_id, persona_id) VALUES (69, 1);
INSERT INTO websites (id, name, slug, url, short_description, purpose, category_id, click_count, is_active) VALUES (70, 'SmartMate', 'smartmate-4708', 'https://smartmate-4708.com', 'An incredibly advanced AI tool revolutionizing the way you handle content creation. Try SmartMate today.', 'Creative Studio', 1, 0, 1);
INSERT INTO website_intents (website_id, intent_id) VALUES (70, 1);
INSERT INTO website_intents (website_id, intent_id) VALUES (70, 5);
INSERT INTO website_personas (website_id, persona_id) VALUES (70, 6);
INSERT INTO website_personas (website_id, persona_id) VALUES (70, 3);
INSERT INTO websites (id, name, slug, url, short_description, purpose, category_id, click_count, is_active) VALUES (71, 'NextMate Pro', 'nextmate-pro-2682', 'https://nextmate-pro-2682.com', 'An incredibly advanced AI tool revolutionizing the way you handle content creation. Try NextMate Pro today.', 'Productivity Engine', 1, 0, 1);
INSERT INTO website_intents (website_id, intent_id) VALUES (71, 4);
INSERT INTO website_intents (website_id, intent_id) VALUES (71, 3);
INSERT INTO website_personas (website_id, persona_id) VALUES (71, 5);
INSERT INTO websites (id, name, slug, url, short_description, purpose, category_id, click_count, is_active) VALUES (72, 'QuickSync', 'quicksync-1268', 'https://quicksync-1268.com', 'Enhance your productivity with QuickSync. Perfect for seamless content creation automation.', 'Creative Studio', 1, 0, 1);
INSERT INTO website_intents (website_id, intent_id) VALUES (72, 5);
INSERT INTO website_intents (website_id, intent_id) VALUES (72, 4);
INSERT INTO website_personas (website_id, persona_id) VALUES (72, 6);
INSERT INTO websites (id, name, slug, url, short_description, purpose, category_id, click_count, is_active) VALUES (73, 'SmartSync', 'smartsync-6063', 'https://smartsync-6063.com', 'An incredibly advanced AI tool revolutionizing the way you handle content creation. Try SmartSync today.', 'Productivity Engine', 1, 0, 1);
INSERT INTO website_intents (website_id, intent_id) VALUES (73, 6);
INSERT INTO website_personas (website_id, persona_id) VALUES (73, 1);
INSERT INTO website_personas (website_id, persona_id) VALUES (73, 2);
INSERT INTO websites (id, name, slug, url, short_description, purpose, category_id, click_count, is_active) VALUES (74, 'SyntheCraft', 'synthecraft-4429', 'https://synthecraft-4429.com', 'An incredibly advanced AI tool revolutionizing the way you handle content creation. Try SyntheCraft today.', 'Creative Studio', 1, 0, 1);
INSERT INTO website_intents (website_id, intent_id) VALUES (74, 4);
INSERT INTO website_personas (website_id, persona_id) VALUES (74, 1);
INSERT INTO websites (id, name, slug, url, short_description, purpose, category_id, click_count, is_active) VALUES (75, 'Proify', 'proify-4240', 'https://proify-4240.com', 'Enhance your productivity with Proify. Perfect for seamless content creation automation.', 'Productivity Engine', 1, 0, 1);
INSERT INTO website_intents (website_id, intent_id) VALUES (75, 5);
INSERT INTO website_intents (website_id, intent_id) VALUES (75, 2);
INSERT INTO website_personas (website_id, persona_id) VALUES (75, 3);
INSERT INTO websites (id, name, slug, url, short_description, purpose, category_id, click_count, is_active) VALUES (76, 'Quickly', 'quickly-7981', 'https://quickly-7981.com', 'An incredibly advanced AI tool revolutionizing the way you handle content creation. Try Quickly today.', 'Creative Studio', 1, 0, 1);
INSERT INTO website_intents (website_id, intent_id) VALUES (76, 5);
INSERT INTO website_intents (website_id, intent_id) VALUES (76, 2);
INSERT INTO website_personas (website_id, persona_id) VALUES (76, 1);
INSERT INTO website_personas (website_id, persona_id) VALUES (76, 2);
INSERT INTO websites (id, name, slug, url, short_description, purpose, category_id, click_count, is_active) VALUES (77, 'VibeBase Pro', 'vibebase-pro-7949', 'https://vibebase-pro-7949.com', 'An incredibly advanced AI tool revolutionizing the way you handle content creation. Try VibeBase Pro today.', 'Productivity Engine', 1, 0, 1);
INSERT INTO website_intents (website_id, intent_id) VALUES (77, 1);
INSERT INTO website_personas (website_id, persona_id) VALUES (77, 6);
INSERT INTO website_personas (website_id, persona_id) VALUES (77, 1);
INSERT INTO websites (id, name, slug, url, short_description, purpose, category_id, click_count, is_active) VALUES (78, 'AutoCraft', 'autocraft-3898', 'https://autocraft-3898.com', 'Enhance your productivity with AutoCraft. Perfect for seamless content creation automation.', 'Creative Studio', 1, 0, 1);
INSERT INTO website_intents (website_id, intent_id) VALUES (78, 1);
INSERT INTO website_personas (website_id, persona_id) VALUES (78, 4);
INSERT INTO websites (id, name, slug, url, short_description, purpose, category_id, click_count, is_active) VALUES (79, 'SyntheGen', 'synthegen-7071', 'https://synthegen-7071.com', 'An incredibly advanced AI tool revolutionizing the way you handle content creation. Try SyntheGen today.', 'Productivity Engine', 1, 0, 1);
INSERT INTO website_intents (website_id, intent_id) VALUES (79, 4);
INSERT INTO website_intents (website_id, intent_id) VALUES (79, 2);
INSERT INTO website_personas (website_id, persona_id) VALUES (79, 4);
INSERT INTO websites (id, name, slug, url, short_description, purpose, category_id, click_count, is_active) VALUES (80, 'ProFlow', 'proflow-3777', 'https://proflow-3777.com', 'An incredibly advanced AI tool revolutionizing the way you handle content creation. Try ProFlow today.', 'Creative Studio', 1, 0, 1);
INSERT INTO website_intents (website_id, intent_id) VALUES (80, 4);
INSERT INTO website_intents (website_id, intent_id) VALUES (80, 3);
INSERT INTO website_personas (website_id, persona_id) VALUES (80, 6);
INSERT INTO website_personas (website_id, persona_id) VALUES (80, 5);
INSERT INTO websites (id, name, slug, url, short_description, purpose, category_id, click_count, is_active) VALUES (81, 'AutoSync', 'autosync-1880', 'https://autosync-1880.com', 'Enhance your productivity with AutoSync. Perfect for seamless content creation automation.', 'Productivity Engine', 1, 0, 1);
INSERT INTO website_intents (website_id, intent_id) VALUES (81, 6);
INSERT INTO website_intents (website_id, intent_id) VALUES (81, 5);
INSERT INTO website_personas (website_id, persona_id) VALUES (81, 1);
INSERT INTO websites (id, name, slug, url, short_description, purpose, category_id, click_count, is_active) VALUES (82, 'NextSync', 'nextsync-6623', 'https://nextsync-6623.com', 'An incredibly advanced AI tool revolutionizing the way you handle content creation. Try NextSync today.', 'Creative Studio', 1, 0, 1);
INSERT INTO website_intents (website_id, intent_id) VALUES (82, 5);
INSERT INTO website_personas (website_id, persona_id) VALUES (82, 5);
INSERT INTO websites (id, name, slug, url, short_description, purpose, category_id, click_count, is_active) VALUES (83, 'Proly', 'proly-8824', 'https://proly-8824.com', 'An incredibly advanced AI tool revolutionizing the way you handle content creation. Try Proly today.', 'Productivity Engine', 1, 0, 1);
INSERT INTO website_intents (website_id, intent_id) VALUES (83, 1);
INSERT INTO website_intents (website_id, intent_id) VALUES (83, 2);
INSERT INTO website_personas (website_id, persona_id) VALUES (83, 5);
INSERT INTO website_personas (website_id, persona_id) VALUES (83, 6);
INSERT INTO websites (id, name, slug, url, short_description, purpose, category_id, click_count, is_active) VALUES (84, 'QuickMate Pro', 'quickmate-pro-860', 'https://quickmate-pro-860.com', 'Enhance your productivity with QuickMate Pro. Perfect for seamless content creation automation.', 'Creative Studio', 1, 0, 1);
INSERT INTO website_intents (website_id, intent_id) VALUES (84, 3);
INSERT INTO website_intents (website_id, intent_id) VALUES (84, 6);
INSERT INTO website_personas (website_id, persona_id) VALUES (84, 1);
INSERT INTO website_personas (website_id, persona_id) VALUES (84, 4);
INSERT INTO websites (id, name, slug, url, short_description, purpose, category_id, click_count, is_active) VALUES (85, 'SmartCraft Pro', 'smartcraft-pro-1855', 'https://smartcraft-pro-1855.com', 'An incredibly advanced AI tool revolutionizing the way you handle content creation. Try SmartCraft Pro today.', 'Productivity Engine', 1, 0, 1);
INSERT INTO website_intents (website_id, intent_id) VALUES (85, 2);
INSERT INTO website_personas (website_id, persona_id) VALUES (85, 1);
INSERT INTO website_personas (website_id, persona_id) VALUES (85, 5);
INSERT INTO websites (id, name, slug, url, short_description, purpose, category_id, click_count, is_active) VALUES (86, 'FlowAI', 'flowai-821', 'https://flowai-821.com', 'An incredibly advanced AI tool revolutionizing the way you handle content creation. Try FlowAI today.', 'Creative Studio', 1, 0, 1);
INSERT INTO website_intents (website_id, intent_id) VALUES (86, 2);
INSERT INTO website_personas (website_id, persona_id) VALUES (86, 6);
INSERT INTO website_personas (website_id, persona_id) VALUES (86, 3);
INSERT INTO websites (id, name, slug, url, short_description, purpose, category_id, click_count, is_active) VALUES (87, 'SmartSync', 'smartsync-1343', 'https://smartsync-1343.com', 'Enhance your productivity with SmartSync. Perfect for seamless content creation automation.', 'Productivity Engine', 1, 0, 1);
INSERT INTO website_intents (website_id, intent_id) VALUES (87, 5);
INSERT INTO website_personas (website_id, persona_id) VALUES (87, 4);
INSERT INTO websites (id, name, slug, url, short_description, purpose, category_id, click_count, is_active) VALUES (88, 'QuickCraft', 'quickcraft-4776', 'https://quickcraft-4776.com', 'An incredibly advanced AI tool revolutionizing the way you handle content creation. Try QuickCraft today.', 'Creative Studio', 1, 0, 1);
INSERT INTO website_intents (website_id, intent_id) VALUES (88, 2);
INSERT INTO website_personas (website_id, persona_id) VALUES (88, 1);
INSERT INTO website_personas (website_id, persona_id) VALUES (88, 2);
INSERT INTO websites (id, name, slug, url, short_description, purpose, category_id, click_count, is_active) VALUES (89, 'NextCraft', 'nextcraft-6922', 'https://nextcraft-6922.com', 'An incredibly advanced AI tool revolutionizing the way you handle content creation. Try NextCraft today.', 'Productivity Engine', 1, 0, 1);
INSERT INTO website_intents (website_id, intent_id) VALUES (89, 2);
INSERT INTO website_intents (website_id, intent_id) VALUES (89, 4);
INSERT INTO website_personas (website_id, persona_id) VALUES (89, 5);
INSERT INTO websites (id, name, slug, url, short_description, purpose, category_id, click_count, is_active) VALUES (90, 'Synthely Pro', 'synthely-pro-9362', 'https://synthely-pro-9362.com', 'Enhance your productivity with Synthely Pro. Perfect for seamless content creation automation.', 'Creative Studio', 1, 0, 1);
INSERT INTO website_intents (website_id, intent_id) VALUES (90, 1);
INSERT INTO website_personas (website_id, persona_id) VALUES (90, 1);
INSERT INTO websites (id, name, slug, url, short_description, purpose, category_id, click_count, is_active) VALUES (91, 'FlowAI Pro', 'flowai-pro-4193', 'https://flowai-pro-4193.com', 'An incredibly advanced AI tool revolutionizing the way you handle content creation. Try FlowAI Pro today.', 'Productivity Engine', 1, 0, 1);
INSERT INTO website_intents (website_id, intent_id) VALUES (91, 6);
INSERT INTO website_intents (website_id, intent_id) VALUES (91, 5);
INSERT INTO website_personas (website_id, persona_id) VALUES (91, 3);
INSERT INTO websites (id, name, slug, url, short_description, purpose, category_id, click_count, is_active) VALUES (92, 'AutoForge', 'autoforge-1549', 'https://autoforge-1549.com', 'An incredibly advanced AI tool revolutionizing the way you handle content creation. Try AutoForge today.', 'Creative Studio', 1, 0, 1);
INSERT INTO website_intents (website_id, intent_id) VALUES (92, 4);
INSERT INTO website_intents (website_id, intent_id) VALUES (92, 3);
INSERT INTO website_personas (website_id, persona_id) VALUES (92, 3);
INSERT INTO website_personas (website_id, persona_id) VALUES (92, 2);
INSERT INTO websites (id, name, slug, url, short_description, purpose, category_id, click_count, is_active) VALUES (93, 'NextBase', 'nextbase-1916', 'https://nextbase-1916.com', 'Enhance your productivity with NextBase. Perfect for seamless content creation automation.', 'Productivity Engine', 1, 0, 1);
INSERT INTO website_intents (website_id, intent_id) VALUES (93, 2);
INSERT INTO website_personas (website_id, persona_id) VALUES (93, 2);
INSERT INTO website_personas (website_id, persona_id) VALUES (93, 1);
INSERT INTO websites (id, name, slug, url, short_description, purpose, category_id, click_count, is_active) VALUES (94, 'Deeply', 'deeply-810', 'https://deeply-810.com', 'An incredibly advanced AI tool revolutionizing the way you handle content creation. Try Deeply today.', 'Creative Studio', 1, 0, 1);
INSERT INTO website_intents (website_id, intent_id) VALUES (94, 2);
INSERT INTO website_intents (website_id, intent_id) VALUES (94, 4);
INSERT INTO website_personas (website_id, persona_id) VALUES (94, 6);
INSERT INTO websites (id, name, slug, url, short_description, purpose, category_id, click_count, is_active) VALUES (95, 'ZenAI Pro', 'zenai-pro-5582', 'https://zenai-pro-5582.com', 'An incredibly advanced AI tool revolutionizing the way you handle content creation. Try ZenAI Pro today.', 'Productivity Engine', 1, 0, 1);
INSERT INTO website_intents (website_id, intent_id) VALUES (95, 1);
INSERT INTO website_personas (website_id, persona_id) VALUES (95, 3);
INSERT INTO websites (id, name, slug, url, short_description, purpose, category_id, click_count, is_active) VALUES (96, 'Deepify', 'deepify-4838', 'https://deepify-4838.com', 'Enhance your productivity with Deepify. Perfect for seamless content creation automation.', 'Creative Studio', 1, 0, 1);
INSERT INTO website_intents (website_id, intent_id) VALUES (96, 3);
INSERT INTO website_personas (website_id, persona_id) VALUES (96, 1);
INSERT INTO website_personas (website_id, persona_id) VALUES (96, 2);
INSERT INTO websites (id, name, slug, url, short_description, purpose, category_id, click_count, is_active) VALUES (97, 'GeniGen', 'genigen-9721', 'https://genigen-9721.com', 'An incredibly advanced AI tool revolutionizing the way you handle content creation. Try GeniGen today.', 'Productivity Engine', 1, 0, 1);
INSERT INTO website_intents (website_id, intent_id) VALUES (97, 4);
INSERT INTO website_personas (website_id, persona_id) VALUES (97, 5);
INSERT INTO websites (id, name, slug, url, short_description, purpose, category_id, click_count, is_active) VALUES (98, 'SmartSync', 'smartsync-4789', 'https://smartsync-4789.com', 'An incredibly advanced AI tool revolutionizing the way you handle content creation. Try SmartSync today.', 'Creative Studio', 1, 0, 1);
INSERT INTO website_intents (website_id, intent_id) VALUES (98, 6);
INSERT INTO website_personas (website_id, persona_id) VALUES (98, 6);
INSERT INTO website_personas (website_id, persona_id) VALUES (98, 1);
INSERT INTO websites (id, name, slug, url, short_description, purpose, category_id, click_count, is_active) VALUES (99, 'HyperBot', 'hyperbot-4628', 'https://hyperbot-4628.com', 'Enhance your productivity with HyperBot. Perfect for seamless content creation automation.', 'Productivity Engine', 1, 0, 1);
INSERT INTO website_intents (website_id, intent_id) VALUES (99, 1);
INSERT INTO website_personas (website_id, persona_id) VALUES (99, 4);
INSERT INTO websites (id, name, slug, url, short_description, purpose, category_id, click_count, is_active) VALUES (100, 'Syntheify Pro', 'syntheify-pro-6116', 'https://syntheify-pro-6116.com', 'An incredibly advanced AI tool revolutionizing the way you handle content creation. Try Syntheify Pro today.', 'Creative Studio', 1, 0, 1);
INSERT INTO website_intents (website_id, intent_id) VALUES (100, 5);
INSERT INTO website_intents (website_id, intent_id) VALUES (100, 4);
INSERT INTO website_personas (website_id, persona_id) VALUES (100, 4);
INSERT INTO website_personas (website_id, persona_id) VALUES (100, 5);
INSERT INTO websites (id, name, slug, url, short_description, purpose, category_id, click_count, is_active) VALUES (101, 'VibeBot', 'vibebot-578', 'https://vibebot-578.com', 'An incredibly advanced AI tool revolutionizing the way you handle content creation. Try VibeBot today.', 'Productivity Engine', 1, 0, 1);
INSERT INTO website_intents (website_id, intent_id) VALUES (101, 1);
INSERT INTO website_personas (website_id, persona_id) VALUES (101, 6);
INSERT INTO website_personas (website_id, persona_id) VALUES (101, 4);
INSERT INTO websites (id, name, slug, url, short_description, purpose, category_id, click_count, is_active) VALUES (102, 'ZenGen', 'zengen-9992', 'https://zengen-9992.com', 'Enhance your productivity with ZenGen. Perfect for seamless content creation automation.', 'Creative Studio', 1, 0, 1);
INSERT INTO website_intents (website_id, intent_id) VALUES (102, 1);
INSERT INTO website_intents (website_id, intent_id) VALUES (102, 2);
INSERT INTO website_personas (website_id, persona_id) VALUES (102, 1);
INSERT INTO website_personas (website_id, persona_id) VALUES (102, 3);
INSERT INTO websites (id, name, slug, url, short_description, purpose, category_id, click_count, is_active) VALUES (103, 'AutoMate', 'automate-6855', 'https://automate-6855.com', 'An incredibly advanced AI tool revolutionizing the way you handle content creation. Try AutoMate today.', 'Productivity Engine', 1, 0, 1);
INSERT INTO website_intents (website_id, intent_id) VALUES (103, 1);
INSERT INTO website_personas (website_id, persona_id) VALUES (103, 5);
INSERT INTO websites (id, name, slug, url, short_description, purpose, category_id, click_count, is_active) VALUES (104, 'HyperAI', 'hyperai-9349', 'https://hyperai-9349.com', 'An incredibly advanced AI tool revolutionizing the way you handle content creation. Try HyperAI today.', 'Creative Studio', 1, 0, 1);
INSERT INTO website_intents (website_id, intent_id) VALUES (104, 1);
INSERT INTO website_intents (website_id, intent_id) VALUES (104, 2);
INSERT INTO website_personas (website_id, persona_id) VALUES (104, 5);
INSERT INTO website_personas (website_id, persona_id) VALUES (104, 6);
INSERT INTO websites (id, name, slug, url, short_description, purpose, category_id, click_count, is_active) VALUES (105, 'Nextly', 'nextly-8518', 'https://nextly-8518.com', 'Enhance your productivity with Nextly. Perfect for seamless content creation automation.', 'Productivity Engine', 1, 0, 1);
INSERT INTO website_intents (website_id, intent_id) VALUES (105, 2);
INSERT INTO website_intents (website_id, intent_id) VALUES (105, 5);
INSERT INTO website_personas (website_id, persona_id) VALUES (105, 4);
INSERT INTO websites (id, name, slug, url, short_description, purpose, category_id, click_count, is_active) VALUES (106, 'NextBot', 'nextbot-4322', 'https://nextbot-4322.com', 'An incredibly advanced AI tool revolutionizing the way you handle content creation. Try NextBot today.', 'Creative Studio', 1, 0, 1);
INSERT INTO website_intents (website_id, intent_id) VALUES (106, 4);
INSERT INTO website_personas (website_id, persona_id) VALUES (106, 4);
INSERT INTO website_personas (website_id, persona_id) VALUES (106, 6);
INSERT INTO websites (id, name, slug, url, short_description, purpose, category_id, click_count, is_active) VALUES (107, 'VibeAI', 'vibeai-319', 'https://vibeai-319.com', 'An incredibly advanced AI tool revolutionizing the way you handle content creation. Try VibeAI today.', 'Productivity Engine', 1, 0, 1);
INSERT INTO website_intents (website_id, intent_id) VALUES (107, 6);
INSERT INTO website_personas (website_id, persona_id) VALUES (107, 3);
INSERT INTO website_personas (website_id, persona_id) VALUES (107, 5);
INSERT INTO websites (id, name, slug, url, short_description, purpose, category_id, click_count, is_active) VALUES (108, 'CogniCraft Pro', 'cognicraft-pro-8332', 'https://cognicraft-pro-8332.com', 'Enhance your productivity with CogniCraft Pro. Perfect for seamless content creation automation.', 'Creative Studio', 1, 0, 1);
INSERT INTO website_intents (website_id, intent_id) VALUES (108, 4);
INSERT INTO website_personas (website_id, persona_id) VALUES (108, 4);
INSERT INTO websites (id, name, slug, url, short_description, purpose, category_id, click_count, is_active) VALUES (109, 'ZenAI Pro', 'zenai-pro-1005', 'https://zenai-pro-1005.com', 'An incredibly advanced AI tool revolutionizing the way you handle content creation. Try ZenAI Pro today.', 'Productivity Engine', 1, 0, 1);
INSERT INTO website_intents (website_id, intent_id) VALUES (109, 1);
INSERT INTO website_intents (website_id, intent_id) VALUES (109, 2);
INSERT INTO website_personas (website_id, persona_id) VALUES (109, 4);
INSERT INTO website_personas (website_id, persona_id) VALUES (109, 1);
INSERT INTO websites (id, name, slug, url, short_description, purpose, category_id, click_count, is_active) VALUES (110, 'FlowMind', 'flowmind-9060', 'https://flowmind-9060.com', 'An incredibly advanced AI tool revolutionizing the way you handle content creation. Try FlowMind today.', 'Creative Studio', 1, 0, 1);
INSERT INTO website_intents (website_id, intent_id) VALUES (110, 4);
INSERT INTO website_intents (website_id, intent_id) VALUES (110, 1);
INSERT INTO website_personas (website_id, persona_id) VALUES (110, 1);
INSERT INTO website_personas (website_id, persona_id) VALUES (110, 6);
INSERT INTO websites (id, name, slug, url, short_description, purpose, category_id, click_count, is_active) VALUES (111, 'VibeSync Pro', 'vibesync-pro-599', 'https://vibesync-pro-599.com', 'Enhance your productivity with VibeSync Pro. Perfect for seamless content creation automation.', 'Productivity Engine', 1, 0, 1);
INSERT INTO website_intents (website_id, intent_id) VALUES (111, 4);
INSERT INTO website_personas (website_id, persona_id) VALUES (111, 5);
INSERT INTO website_personas (website_id, persona_id) VALUES (111, 4);
INSERT INTO websites (id, name, slug, url, short_description, purpose, category_id, click_count, is_active) VALUES (112, 'AutoFlow', 'autoflow-2955', 'https://autoflow-2955.com', 'An incredibly advanced AI tool revolutionizing the way you handle content creation. Try AutoFlow today.', 'Creative Studio', 1, 0, 1);
INSERT INTO website_intents (website_id, intent_id) VALUES (112, 1);
INSERT INTO website_intents (website_id, intent_id) VALUES (112, 2);
INSERT INTO website_personas (website_id, persona_id) VALUES (112, 1);
INSERT INTO websites (id, name, slug, url, short_description, purpose, category_id, click_count, is_active) VALUES (113, 'QuickBase', 'quickbase-8828', 'https://quickbase-8828.com', 'An incredibly advanced AI tool revolutionizing the way you handle content creation. Try QuickBase today.', 'Productivity Engine', 1, 0, 1);
INSERT INTO website_intents (website_id, intent_id) VALUES (113, 3);
INSERT INTO website_intents (website_id, intent_id) VALUES (113, 4);
INSERT INTO website_personas (website_id, persona_id) VALUES (113, 6);
INSERT INTO websites (id, name, slug, url, short_description, purpose, category_id, click_count, is_active) VALUES (114, 'FlowAI', 'flowai-9830', 'https://flowai-9830.com', 'Enhance your productivity with FlowAI. Perfect for seamless content creation automation.', 'Creative Studio', 1, 0, 1);
INSERT INTO website_intents (website_id, intent_id) VALUES (114, 1);
INSERT INTO website_personas (website_id, persona_id) VALUES (114, 6);
INSERT INTO website_personas (website_id, persona_id) VALUES (114, 1);
INSERT INTO websites (id, name, slug, url, short_description, purpose, category_id, click_count, is_active) VALUES (115, 'GeniSync', 'genisync-7077', 'https://genisync-7077.com', 'Enhance your productivity with GeniSync. Perfect for seamless video & reels automation.', 'Productivity Engine', 2, 0, 1);
INSERT INTO website_intents (website_id, intent_id) VALUES (115, 2);
INSERT INTO website_intents (website_id, intent_id) VALUES (115, 6);
INSERT INTO website_personas (website_id, persona_id) VALUES (115, 6);
INSERT INTO website_personas (website_id, persona_id) VALUES (115, 5);
INSERT INTO websites (id, name, slug, url, short_description, purpose, category_id, click_count, is_active) VALUES (116, 'Nextify', 'nextify-7771', 'https://nextify-7771.com', 'An incredibly advanced AI tool revolutionizing the way you handle video & reels. Try Nextify today.', 'Creative Studio', 2, 0, 1);
INSERT INTO website_intents (website_id, intent_id) VALUES (116, 3);
INSERT INTO website_personas (website_id, persona_id) VALUES (116, 3);
INSERT INTO websites (id, name, slug, url, short_description, purpose, category_id, click_count, is_active) VALUES (117, 'Cognily Pro', 'cognily-pro-2960', 'https://cognily-pro-2960.com', 'An incredibly advanced AI tool revolutionizing the way you handle video & reels. Try Cognily Pro today.', 'Productivity Engine', 2, 0, 1);
INSERT INTO website_intents (website_id, intent_id) VALUES (117, 6);
INSERT INTO website_intents (website_id, intent_id) VALUES (117, 3);
INSERT INTO website_personas (website_id, persona_id) VALUES (117, 3);
INSERT INTO websites (id, name, slug, url, short_description, purpose, category_id, click_count, is_active) VALUES (118, 'QuickAI', 'quickai-7982', 'https://quickai-7982.com', 'Enhance your productivity with QuickAI. Perfect for seamless video & reels automation.', 'Creative Studio', 2, 0, 1);
INSERT INTO website_intents (website_id, intent_id) VALUES (118, 1);
INSERT INTO website_personas (website_id, persona_id) VALUES (118, 2);
INSERT INTO website_personas (website_id, persona_id) VALUES (118, 4);
INSERT INTO websites (id, name, slug, url, short_description, purpose, category_id, click_count, is_active) VALUES (119, 'NextGen', 'nextgen-6320', 'https://nextgen-6320.com', 'An incredibly advanced AI tool revolutionizing the way you handle video & reels. Try NextGen today.', 'Productivity Engine', 2, 0, 1);
INSERT INTO website_intents (website_id, intent_id) VALUES (119, 6);
INSERT INTO website_personas (website_id, persona_id) VALUES (119, 6);
INSERT INTO website_personas (website_id, persona_id) VALUES (119, 1);
INSERT INTO websites (id, name, slug, url, short_description, purpose, category_id, click_count, is_active) VALUES (120, 'HyperBase Pro', 'hyperbase-pro-7113', 'https://hyperbase-pro-7113.com', 'An incredibly advanced AI tool revolutionizing the way you handle video & reels. Try HyperBase Pro today.', 'Creative Studio', 2, 0, 1);
INSERT INTO website_intents (website_id, intent_id) VALUES (120, 5);
INSERT INTO website_personas (website_id, persona_id) VALUES (120, 4);
INSERT INTO websites (id, name, slug, url, short_description, purpose, category_id, click_count, is_active) VALUES (121, 'FlowCraft', 'flowcraft-3595', 'https://flowcraft-3595.com', 'Enhance your productivity with FlowCraft. Perfect for seamless video & reels automation.', 'Productivity Engine', 2, 0, 1);
INSERT INTO website_intents (website_id, intent_id) VALUES (121, 1);
INSERT INTO website_personas (website_id, persona_id) VALUES (121, 3);
INSERT INTO website_personas (website_id, persona_id) VALUES (121, 5);
INSERT INTO websites (id, name, slug, url, short_description, purpose, category_id, click_count, is_active) VALUES (122, 'SmartAI', 'smartai-6751', 'https://smartai-6751.com', 'An incredibly advanced AI tool revolutionizing the way you handle video & reels. Try SmartAI today.', 'Creative Studio', 2, 0, 1);
INSERT INTO website_intents (website_id, intent_id) VALUES (122, 1);
INSERT INTO website_intents (website_id, intent_id) VALUES (122, 2);
INSERT INTO website_personas (website_id, persona_id) VALUES (122, 1);
INSERT INTO website_personas (website_id, persona_id) VALUES (122, 3);
INSERT INTO websites (id, name, slug, url, short_description, purpose, category_id, click_count, is_active) VALUES (123, 'VibeMate', 'vibemate-9631', 'https://vibemate-9631.com', 'An incredibly advanced AI tool revolutionizing the way you handle video & reels. Try VibeMate today.', 'Productivity Engine', 2, 0, 1);
INSERT INTO website_intents (website_id, intent_id) VALUES (123, 6);
INSERT INTO website_personas (website_id, persona_id) VALUES (123, 5);
INSERT INTO website_personas (website_id, persona_id) VALUES (123, 6);
INSERT INTO websites (id, name, slug, url, short_description, purpose, category_id, click_count, is_active) VALUES (124, 'SmartBot', 'smartbot-1189', 'https://smartbot-1189.com', 'Enhance your productivity with SmartBot. Perfect for seamless video & reels automation.', 'Creative Studio', 2, 0, 1);
INSERT INTO website_intents (website_id, intent_id) VALUES (124, 1);
INSERT INTO website_personas (website_id, persona_id) VALUES (124, 2);
INSERT INTO websites (id, name, slug, url, short_description, purpose, category_id, click_count, is_active) VALUES (125, 'ZenMate', 'zenmate-8991', 'https://zenmate-8991.com', 'An incredibly advanced AI tool revolutionizing the way you handle video & reels. Try ZenMate today.', 'Productivity Engine', 2, 0, 1);
INSERT INTO website_intents (website_id, intent_id) VALUES (125, 2);
INSERT INTO website_intents (website_id, intent_id) VALUES (125, 1);
INSERT INTO website_personas (website_id, persona_id) VALUES (125, 3);
INSERT INTO websites (id, name, slug, url, short_description, purpose, category_id, click_count, is_active) VALUES (126, 'Zenly', 'zenly-8819', 'https://zenly-8819.com', 'An incredibly advanced AI tool revolutionizing the way you handle video & reels. Try Zenly today.', 'Creative Studio', 2, 0, 1);
INSERT INTO website_intents (website_id, intent_id) VALUES (126, 5);
INSERT INTO website_intents (website_id, intent_id) VALUES (126, 4);
INSERT INTO website_personas (website_id, persona_id) VALUES (126, 1);
INSERT INTO websites (id, name, slug, url, short_description, purpose, category_id, click_count, is_active) VALUES (127, 'AutoMate', 'automate-6397', 'https://automate-6397.com', 'Enhance your productivity with AutoMate. Perfect for seamless video & reels automation.', 'Productivity Engine', 2, 0, 1);
INSERT INTO website_intents (website_id, intent_id) VALUES (127, 5);
INSERT INTO website_intents (website_id, intent_id) VALUES (127, 1);
INSERT INTO website_personas (website_id, persona_id) VALUES (127, 3);
INSERT INTO websites (id, name, slug, url, short_description, purpose, category_id, click_count, is_active) VALUES (128, 'HyperBot', 'hyperbot-4770', 'https://hyperbot-4770.com', 'An incredibly advanced AI tool revolutionizing the way you handle video & reels. Try HyperBot today.', 'Creative Studio', 2, 0, 1);
INSERT INTO website_intents (website_id, intent_id) VALUES (128, 2);
INSERT INTO website_personas (website_id, persona_id) VALUES (128, 6);
INSERT INTO websites (id, name, slug, url, short_description, purpose, category_id, click_count, is_active) VALUES (129, 'GeniBase', 'genibase-1759', 'https://genibase-1759.com', 'An incredibly advanced AI tool revolutionizing the way you handle video & reels. Try GeniBase today.', 'Productivity Engine', 2, 0, 1);
INSERT INTO website_intents (website_id, intent_id) VALUES (129, 1);
INSERT INTO website_intents (website_id, intent_id) VALUES (129, 2);
INSERT INTO website_personas (website_id, persona_id) VALUES (129, 6);
INSERT INTO website_personas (website_id, persona_id) VALUES (129, 5);
INSERT INTO websites (id, name, slug, url, short_description, purpose, category_id, click_count, is_active) VALUES (130, 'NextSync', 'nextsync-2479', 'https://nextsync-2479.com', 'Enhance your productivity with NextSync. Perfect for seamless video & reels automation.', 'Creative Studio', 2, 0, 1);
INSERT INTO website_intents (website_id, intent_id) VALUES (130, 4);
INSERT INTO website_intents (website_id, intent_id) VALUES (130, 3);
INSERT INTO website_personas (website_id, persona_id) VALUES (130, 4);
INSERT INTO websites (id, name, slug, url, short_description, purpose, category_id, click_count, is_active) VALUES (131, 'Hyperify', 'hyperify-4908', 'https://hyperify-4908.com', 'An incredibly advanced AI tool revolutionizing the way you handle video & reels. Try Hyperify today.', 'Productivity Engine', 2, 0, 1);
INSERT INTO website_intents (website_id, intent_id) VALUES (131, 2);
INSERT INTO website_personas (website_id, persona_id) VALUES (131, 4);
INSERT INTO website_personas (website_id, persona_id) VALUES (131, 1);
INSERT INTO websites (id, name, slug, url, short_description, purpose, category_id, click_count, is_active) VALUES (132, 'Quickify', 'quickify-5643', 'https://quickify-5643.com', 'An incredibly advanced AI tool revolutionizing the way you handle video & reels. Try Quickify today.', 'Creative Studio', 2, 0, 1);
INSERT INTO website_intents (website_id, intent_id) VALUES (132, 6);
INSERT INTO website_intents (website_id, intent_id) VALUES (132, 4);
INSERT INTO website_personas (website_id, persona_id) VALUES (132, 3);
INSERT INTO websites (id, name, slug, url, short_description, purpose, category_id, click_count, is_active) VALUES (133, 'Zenify', 'zenify-4203', 'https://zenify-4203.com', 'Enhance your productivity with Zenify. Perfect for seamless video & reels automation.', 'Productivity Engine', 2, 0, 1);
INSERT INTO website_intents (website_id, intent_id) VALUES (133, 6);
INSERT INTO website_intents (website_id, intent_id) VALUES (133, 3);
INSERT INTO website_personas (website_id, persona_id) VALUES (133, 4);
INSERT INTO websites (id, name, slug, url, short_description, purpose, category_id, click_count, is_active) VALUES (134, 'FlowMind', 'flowmind-7825', 'https://flowmind-7825.com', 'An incredibly advanced AI tool revolutionizing the way you handle video & reels. Try FlowMind today.', 'Creative Studio', 2, 0, 1);
INSERT INTO website_intents (website_id, intent_id) VALUES (134, 1);
INSERT INTO website_personas (website_id, persona_id) VALUES (134, 1);
INSERT INTO websites (id, name, slug, url, short_description, purpose, category_id, click_count, is_active) VALUES (135, 'CogniBot Pro', 'cognibot-pro-1833', 'https://cognibot-pro-1833.com', 'An incredibly advanced AI tool revolutionizing the way you handle video & reels. Try CogniBot Pro today.', 'Productivity Engine', 2, 0, 1);
INSERT INTO website_intents (website_id, intent_id) VALUES (135, 4);
INSERT INTO website_intents (website_id, intent_id) VALUES (135, 3);
INSERT INTO website_personas (website_id, persona_id) VALUES (135, 5);
INSERT INTO website_personas (website_id, persona_id) VALUES (135, 3);
INSERT INTO websites (id, name, slug, url, short_description, purpose, category_id, click_count, is_active) VALUES (136, 'SyntheAI', 'syntheai-626', 'https://syntheai-626.com', 'Enhance your productivity with SyntheAI. Perfect for seamless video & reels automation.', 'Creative Studio', 2, 0, 1);
INSERT INTO website_intents (website_id, intent_id) VALUES (136, 4);
INSERT INTO website_intents (website_id, intent_id) VALUES (136, 1);
INSERT INTO website_personas (website_id, persona_id) VALUES (136, 3);
INSERT INTO websites (id, name, slug, url, short_description, purpose, category_id, click_count, is_active) VALUES (137, 'SyntheSync', 'synthesync-6030', 'https://synthesync-6030.com', 'An incredibly advanced AI tool revolutionizing the way you handle video & reels. Try SyntheSync today.', 'Productivity Engine', 2, 0, 1);
INSERT INTO website_intents (website_id, intent_id) VALUES (137, 6);
INSERT INTO website_intents (website_id, intent_id) VALUES (137, 2);
INSERT INTO website_personas (website_id, persona_id) VALUES (137, 6);
INSERT INTO websites (id, name, slug, url, short_description, purpose, category_id, click_count, is_active) VALUES (138, 'SyntheCraft', 'synthecraft-4637', 'https://synthecraft-4637.com', 'An incredibly advanced AI tool revolutionizing the way you handle video & reels. Try SyntheCraft today.', 'Creative Studio', 2, 0, 1);
INSERT INTO website_intents (website_id, intent_id) VALUES (138, 1);
INSERT INTO website_intents (website_id, intent_id) VALUES (138, 2);
INSERT INTO website_personas (website_id, persona_id) VALUES (138, 1);
INSERT INTO websites (id, name, slug, url, short_description, purpose, category_id, click_count, is_active) VALUES (139, 'QuickCraft', 'quickcraft-5579', 'https://quickcraft-5579.com', 'Enhance your productivity with QuickCraft. Perfect for seamless video & reels automation.', 'Productivity Engine', 2, 0, 1);
INSERT INTO website_intents (website_id, intent_id) VALUES (139, 2);
INSERT INTO website_personas (website_id, persona_id) VALUES (139, 6);
INSERT INTO website_personas (website_id, persona_id) VALUES (139, 5);
INSERT INTO websites (id, name, slug, url, short_description, purpose, category_id, click_count, is_active) VALUES (140, 'Flowly', 'flowly-4916', 'https://flowly-4916.com', 'An incredibly advanced AI tool revolutionizing the way you handle video & reels. Try Flowly today.', 'Creative Studio', 2, 0, 1);
INSERT INTO website_intents (website_id, intent_id) VALUES (140, 5);
INSERT INTO website_intents (website_id, intent_id) VALUES (140, 1);
INSERT INTO website_personas (website_id, persona_id) VALUES (140, 3);
INSERT INTO websites (id, name, slug, url, short_description, purpose, category_id, click_count, is_active) VALUES (141, 'CogniBot', 'cognibot-8768', 'https://cognibot-8768.com', 'An incredibly advanced AI tool revolutionizing the way you handle video & reels. Try CogniBot today.', 'Productivity Engine', 2, 0, 1);
INSERT INTO website_intents (website_id, intent_id) VALUES (141, 1);
INSERT INTO website_intents (website_id, intent_id) VALUES (141, 2);
INSERT INTO website_personas (website_id, persona_id) VALUES (141, 6);
INSERT INTO websites (id, name, slug, url, short_description, purpose, category_id, click_count, is_active) VALUES (142, 'QuickMind', 'quickmind-1702', 'https://quickmind-1702.com', 'Enhance your productivity with QuickMind. Perfect for seamless video & reels automation.', 'Creative Studio', 2, 0, 1);
INSERT INTO website_intents (website_id, intent_id) VALUES (142, 1);
INSERT INTO website_intents (website_id, intent_id) VALUES (142, 3);
INSERT INTO website_personas (website_id, persona_id) VALUES (142, 6);
INSERT INTO website_personas (website_id, persona_id) VALUES (142, 4);
INSERT INTO websites (id, name, slug, url, short_description, purpose, category_id, click_count, is_active) VALUES (143, 'CogniSync', 'cognisync-8628', 'https://cognisync-8628.com', 'An incredibly advanced AI tool revolutionizing the way you handle video & reels. Try CogniSync today.', 'Productivity Engine', 2, 0, 1);
INSERT INTO website_intents (website_id, intent_id) VALUES (143, 1);
INSERT INTO website_intents (website_id, intent_id) VALUES (143, 4);
INSERT INTO website_personas (website_id, persona_id) VALUES (143, 2);
INSERT INTO websites (id, name, slug, url, short_description, purpose, category_id, click_count, is_active) VALUES (144, 'QuickCraft', 'quickcraft-2670', 'https://quickcraft-2670.com', 'An incredibly advanced AI tool revolutionizing the way you handle video & reels. Try QuickCraft today.', 'Creative Studio', 2, 0, 1);
INSERT INTO website_intents (website_id, intent_id) VALUES (144, 3);
INSERT INTO website_personas (website_id, persona_id) VALUES (144, 2);
INSERT INTO website_personas (website_id, persona_id) VALUES (144, 1);
INSERT INTO websites (id, name, slug, url, short_description, purpose, category_id, click_count, is_active) VALUES (145, 'GeniForge', 'geniforge-7571', 'https://geniforge-7571.com', 'Enhance your productivity with GeniForge. Perfect for seamless video & reels automation.', 'Productivity Engine', 2, 0, 1);
INSERT INTO website_intents (website_id, intent_id) VALUES (145, 3);
INSERT INTO website_personas (website_id, persona_id) VALUES (145, 2);
INSERT INTO websites (id, name, slug, url, short_description, purpose, category_id, click_count, is_active) VALUES (146, 'FlowBot', 'flowbot-1415', 'https://flowbot-1415.com', 'An incredibly advanced AI tool revolutionizing the way you handle video & reels. Try FlowBot today.', 'Creative Studio', 2, 0, 1);
INSERT INTO website_intents (website_id, intent_id) VALUES (146, 5);
INSERT INTO website_personas (website_id, persona_id) VALUES (146, 4);
INSERT INTO websites (id, name, slug, url, short_description, purpose, category_id, click_count, is_active) VALUES (147, 'ProSync Pro', 'prosync-pro-4855', 'https://prosync-pro-4855.com', 'An incredibly advanced AI tool revolutionizing the way you handle video & reels. Try ProSync Pro today.', 'Productivity Engine', 2, 0, 1);
INSERT INTO website_intents (website_id, intent_id) VALUES (147, 1);
INSERT INTO website_personas (website_id, persona_id) VALUES (147, 6);
INSERT INTO websites (id, name, slug, url, short_description, purpose, category_id, click_count, is_active) VALUES (148, 'ProBase Pro', 'probase-pro-4711', 'https://probase-pro-4711.com', 'Enhance your productivity with ProBase Pro. Perfect for seamless video & reels automation.', 'Creative Studio', 2, 0, 1);
INSERT INTO website_intents (website_id, intent_id) VALUES (148, 1);
INSERT INTO website_personas (website_id, persona_id) VALUES (148, 2);
INSERT INTO websites (id, name, slug, url, short_description, purpose, category_id, click_count, is_active) VALUES (149, 'Flowify Pro', 'flowify-pro-5801', 'https://flowify-pro-5801.com', 'An incredibly advanced AI tool revolutionizing the way you handle video & reels. Try Flowify Pro today.', 'Productivity Engine', 2, 0, 1);
INSERT INTO website_intents (website_id, intent_id) VALUES (149, 4);
INSERT INTO website_intents (website_id, intent_id) VALUES (149, 6);
INSERT INTO website_personas (website_id, persona_id) VALUES (149, 4);
INSERT INTO website_personas (website_id, persona_id) VALUES (149, 1);
INSERT INTO websites (id, name, slug, url, short_description, purpose, category_id, click_count, is_active) VALUES (150, 'HyperSync Pro', 'hypersync-pro-6628', 'https://hypersync-pro-6628.com', 'An incredibly advanced AI tool revolutionizing the way you handle video & reels. Try HyperSync Pro today.', 'Creative Studio', 2, 0, 1);
INSERT INTO website_intents (website_id, intent_id) VALUES (150, 4);
INSERT INTO website_intents (website_id, intent_id) VALUES (150, 3);
INSERT INTO website_personas (website_id, persona_id) VALUES (150, 3);
INSERT INTO website_personas (website_id, persona_id) VALUES (150, 4);
INSERT INTO websites (id, name, slug, url, short_description, purpose, category_id, click_count, is_active) VALUES (151, 'Autoify', 'autoify-56', 'https://autoify-56.com', 'Enhance your productivity with Autoify. Perfect for seamless video & reels automation.', 'Productivity Engine', 2, 0, 1);
INSERT INTO website_intents (website_id, intent_id) VALUES (151, 1);
INSERT INTO website_intents (website_id, intent_id) VALUES (151, 3);
INSERT INTO website_personas (website_id, persona_id) VALUES (151, 1);
INSERT INTO website_personas (website_id, persona_id) VALUES (151, 2);
INSERT INTO websites (id, name, slug, url, short_description, purpose, category_id, click_count, is_active) VALUES (152, 'NextSync', 'nextsync-6504', 'https://nextsync-6504.com', 'An incredibly advanced AI tool revolutionizing the way you handle video & reels. Try NextSync today.', 'Creative Studio', 2, 0, 1);
INSERT INTO website_intents (website_id, intent_id) VALUES (152, 6);
INSERT INTO website_personas (website_id, persona_id) VALUES (152, 1);
INSERT INTO website_personas (website_id, persona_id) VALUES (152, 5);
INSERT INTO websites (id, name, slug, url, short_description, purpose, category_id, click_count, is_active) VALUES (153, 'DeepMind', 'deepmind-8378', 'https://deepmind-8378.com', 'An incredibly advanced AI tool revolutionizing the way you handle video & reels. Try DeepMind today.', 'Productivity Engine', 2, 0, 1);
INSERT INTO website_intents (website_id, intent_id) VALUES (153, 3);
INSERT INTO website_personas (website_id, persona_id) VALUES (153, 1);
INSERT INTO website_personas (website_id, persona_id) VALUES (153, 5);
INSERT INTO websites (id, name, slug, url, short_description, purpose, category_id, click_count, is_active) VALUES (154, 'SyntheForge', 'syntheforge-349', 'https://syntheforge-349.com', 'Enhance your productivity with SyntheForge. Perfect for seamless video & reels automation.', 'Creative Studio', 2, 0, 1);
INSERT INTO website_intents (website_id, intent_id) VALUES (154, 1);
INSERT INTO website_intents (website_id, intent_id) VALUES (154, 2);
INSERT INTO website_personas (website_id, persona_id) VALUES (154, 6);
INSERT INTO websites (id, name, slug, url, short_description, purpose, category_id, click_count, is_active) VALUES (155, 'Zenly Pro', 'zenly-pro-1321', 'https://zenly-pro-1321.com', 'An incredibly advanced AI tool revolutionizing the way you handle video & reels. Try Zenly Pro today.', 'Productivity Engine', 2, 0, 1);
INSERT INTO website_intents (website_id, intent_id) VALUES (155, 1);
INSERT INTO website_personas (website_id, persona_id) VALUES (155, 6);
INSERT INTO website_personas (website_id, persona_id) VALUES (155, 5);
INSERT INTO websites (id, name, slug, url, short_description, purpose, category_id, click_count, is_active) VALUES (156, 'GeniForge', 'geniforge-7524', 'https://geniforge-7524.com', 'An incredibly advanced AI tool revolutionizing the way you handle video & reels. Try GeniForge today.', 'Creative Studio', 2, 0, 1);
INSERT INTO website_intents (website_id, intent_id) VALUES (156, 6);
INSERT INTO website_personas (website_id, persona_id) VALUES (156, 3);
INSERT INTO websites (id, name, slug, url, short_description, purpose, category_id, click_count, is_active) VALUES (157, 'ProMate', 'promate-8398', 'https://promate-8398.com', 'Enhance your productivity with ProMate. Perfect for seamless video & reels automation.', 'Productivity Engine', 2, 0, 1);
INSERT INTO website_intents (website_id, intent_id) VALUES (157, 2);
INSERT INTO website_personas (website_id, persona_id) VALUES (157, 3);
INSERT INTO website_personas (website_id, persona_id) VALUES (157, 5);
INSERT INTO websites (id, name, slug, url, short_description, purpose, category_id, click_count, is_active) VALUES (158, 'AutoSync Pro', 'autosync-pro-6213', 'https://autosync-pro-6213.com', 'An incredibly advanced AI tool revolutionizing the way you handle video & reels. Try AutoSync Pro today.', 'Creative Studio', 2, 0, 1);
INSERT INTO website_intents (website_id, intent_id) VALUES (158, 2);
INSERT INTO website_personas (website_id, persona_id) VALUES (158, 4);
INSERT INTO websites (id, name, slug, url, short_description, purpose, category_id, click_count, is_active) VALUES (159, 'HyperMate Pro', 'hypermate-pro-4853', 'https://hypermate-pro-4853.com', 'An incredibly advanced AI tool revolutionizing the way you handle video & reels. Try HyperMate Pro today.', 'Productivity Engine', 2, 0, 1);
INSERT INTO website_intents (website_id, intent_id) VALUES (159, 2);
INSERT INTO website_personas (website_id, persona_id) VALUES (159, 3);
INSERT INTO website_personas (website_id, persona_id) VALUES (159, 2);
INSERT INTO websites (id, name, slug, url, short_description, purpose, category_id, click_count, is_active) VALUES (160, 'NextMate', 'nextmate-2532', 'https://nextmate-2532.com', 'Enhance your productivity with NextMate. Perfect for seamless video & reels automation.', 'Creative Studio', 2, 0, 1);
INSERT INTO website_intents (website_id, intent_id) VALUES (160, 1);
INSERT INTO website_personas (website_id, persona_id) VALUES (160, 1);
INSERT INTO website_personas (website_id, persona_id) VALUES (160, 2);
INSERT INTO websites (id, name, slug, url, short_description, purpose, category_id, click_count, is_active) VALUES (161, 'SmartMind Pro', 'smartmind-pro-5423', 'https://smartmind-pro-5423.com', 'An incredibly advanced AI tool revolutionizing the way you handle video & reels. Try SmartMind Pro today.', 'Productivity Engine', 2, 0, 1);
INSERT INTO website_intents (website_id, intent_id) VALUES (161, 1);
INSERT INTO website_intents (website_id, intent_id) VALUES (161, 2);
INSERT INTO website_personas (website_id, persona_id) VALUES (161, 1);
INSERT INTO website_personas (website_id, persona_id) VALUES (161, 2);
INSERT INTO websites (id, name, slug, url, short_description, purpose, category_id, click_count, is_active) VALUES (162, 'SyntheFlow', 'syntheflow-6157', 'https://syntheflow-6157.com', 'An incredibly advanced AI tool revolutionizing the way you handle video & reels. Try SyntheFlow today.', 'Creative Studio', 2, 0, 1);
INSERT INTO website_intents (website_id, intent_id) VALUES (162, 2);
INSERT INTO website_personas (website_id, persona_id) VALUES (162, 6);
INSERT INTO websites (id, name, slug, url, short_description, purpose, category_id, click_count, is_active) VALUES (163, 'AutoBase', 'autobase-3608', 'https://autobase-3608.com', 'Enhance your productivity with AutoBase. Perfect for seamless video & reels automation.', 'Productivity Engine', 2, 0, 1);
INSERT INTO website_intents (website_id, intent_id) VALUES (163, 3);
INSERT INTO website_personas (website_id, persona_id) VALUES (163, 1);
INSERT INTO websites (id, name, slug, url, short_description, purpose, category_id, click_count, is_active) VALUES (164, 'HyperMate Pro', 'hypermate-pro-4060', 'https://hypermate-pro-4060.com', 'An incredibly advanced AI tool revolutionizing the way you handle video & reels. Try HyperMate Pro today.', 'Creative Studio', 2, 0, 1);
INSERT INTO website_intents (website_id, intent_id) VALUES (164, 5);
INSERT INTO website_personas (website_id, persona_id) VALUES (164, 6);
INSERT INTO website_personas (website_id, persona_id) VALUES (164, 1);
INSERT INTO websites (id, name, slug, url, short_description, purpose, category_id, click_count, is_active) VALUES (165, 'QuickMind', 'quickmind-3466', 'https://quickmind-3466.com', 'An incredibly advanced AI tool revolutionizing the way you handle video & reels. Try QuickMind today.', 'Productivity Engine', 2, 0, 1);
INSERT INTO website_intents (website_id, intent_id) VALUES (165, 5);
INSERT INTO website_personas (website_id, persona_id) VALUES (165, 1);
INSERT INTO website_personas (website_id, persona_id) VALUES (165, 6);
INSERT INTO websites (id, name, slug, url, short_description, purpose, category_id, click_count, is_active) VALUES (166, 'GeniBase', 'genibase-2557', 'https://genibase-2557.com', 'Enhance your productivity with GeniBase. Perfect for seamless video & reels automation.', 'Creative Studio', 2, 0, 1);
INSERT INTO website_intents (website_id, intent_id) VALUES (166, 6);
INSERT INTO website_intents (website_id, intent_id) VALUES (166, 1);
INSERT INTO website_personas (website_id, persona_id) VALUES (166, 5);
INSERT INTO website_personas (website_id, persona_id) VALUES (166, 1);
INSERT INTO websites (id, name, slug, url, short_description, purpose, category_id, click_count, is_active) VALUES (167, 'HyperMind Pro', 'hypermind-pro-3339', 'https://hypermind-pro-3339.com', 'An incredibly advanced AI tool revolutionizing the way you handle video & reels. Try HyperMind Pro today.', 'Productivity Engine', 2, 0, 1);
INSERT INTO website_intents (website_id, intent_id) VALUES (167, 3);
INSERT INTO website_intents (website_id, intent_id) VALUES (167, 6);
INSERT INTO website_personas (website_id, persona_id) VALUES (167, 1);
INSERT INTO websites (id, name, slug, url, short_description, purpose, category_id, click_count, is_active) VALUES (168, 'ProMate', 'promate-7928', 'https://promate-7928.com', 'An incredibly advanced AI tool revolutionizing the way you handle video & reels. Try ProMate today.', 'Creative Studio', 2, 0, 1);
INSERT INTO website_intents (website_id, intent_id) VALUES (168, 5);
INSERT INTO website_intents (website_id, intent_id) VALUES (168, 6);
INSERT INTO website_personas (website_id, persona_id) VALUES (168, 4);
INSERT INTO websites (id, name, slug, url, short_description, purpose, category_id, click_count, is_active) VALUES (169, 'SyntheBase Pro', 'synthebase-pro-7735', 'https://synthebase-pro-7735.com', 'Enhance your productivity with SyntheBase Pro. Perfect for seamless video & reels automation.', 'Productivity Engine', 2, 0, 1);
INSERT INTO website_intents (website_id, intent_id) VALUES (169, 2);
INSERT INTO website_intents (website_id, intent_id) VALUES (169, 5);
INSERT INTO website_personas (website_id, persona_id) VALUES (169, 3);
INSERT INTO websites (id, name, slug, url, short_description, purpose, category_id, click_count, is_active) VALUES (170, 'SmartBot', 'smartbot-8114', 'https://smartbot-8114.com', 'An incredibly advanced AI tool revolutionizing the way you handle video & reels. Try SmartBot today.', 'Creative Studio', 2, 0, 1);
INSERT INTO website_intents (website_id, intent_id) VALUES (170, 4);
INSERT INTO website_personas (website_id, persona_id) VALUES (170, 5);
INSERT INTO website_personas (website_id, persona_id) VALUES (170, 3);
INSERT INTO websites (id, name, slug, url, short_description, purpose, category_id, click_count, is_active) VALUES (171, 'GeniAI', 'geniai-1169', 'https://geniai-1169.com', 'An incredibly advanced AI tool revolutionizing the way you handle video & reels. Try GeniAI today.', 'Productivity Engine', 2, 0, 1);
INSERT INTO website_intents (website_id, intent_id) VALUES (171, 4);
INSERT INTO website_intents (website_id, intent_id) VALUES (171, 3);
INSERT INTO website_personas (website_id, persona_id) VALUES (171, 1);
INSERT INTO website_personas (website_id, persona_id) VALUES (171, 2);
INSERT INTO websites (id, name, slug, url, short_description, purpose, category_id, click_count, is_active) VALUES (172, 'VibeSync', 'vibesync-5448', 'https://vibesync-5448.com', 'Enhance your productivity with VibeSync. Perfect for seamless video & reels automation.', 'Creative Studio', 2, 0, 1);
INSERT INTO website_intents (website_id, intent_id) VALUES (172, 1);
INSERT INTO website_intents (website_id, intent_id) VALUES (172, 2);
INSERT INTO website_personas (website_id, persona_id) VALUES (172, 1);
INSERT INTO website_personas (website_id, persona_id) VALUES (172, 2);
INSERT INTO websites (id, name, slug, url, short_description, purpose, category_id, click_count, is_active) VALUES (173, 'GeniBase Pro', 'genibase-pro-1379', 'https://genibase-pro-1379.com', 'An incredibly advanced AI tool revolutionizing the way you handle video & reels. Try GeniBase Pro today.', 'Productivity Engine', 2, 0, 1);
INSERT INTO website_intents (website_id, intent_id) VALUES (173, 2);
INSERT INTO website_intents (website_id, intent_id) VALUES (173, 1);
INSERT INTO website_personas (website_id, persona_id) VALUES (173, 3);
INSERT INTO websites (id, name, slug, url, short_description, purpose, category_id, click_count, is_active) VALUES (174, 'ProSync Pro', 'prosync-pro-9291', 'https://prosync-pro-9291.com', 'An incredibly advanced AI tool revolutionizing the way you handle video & reels. Try ProSync Pro today.', 'Creative Studio', 2, 0, 1);
INSERT INTO website_intents (website_id, intent_id) VALUES (174, 4);
INSERT INTO website_personas (website_id, persona_id) VALUES (174, 1);
INSERT INTO website_personas (website_id, persona_id) VALUES (174, 5);
INSERT INTO websites (id, name, slug, url, short_description, purpose, category_id, click_count, is_active) VALUES (175, 'VibeBot', 'vibebot-6941', 'https://vibebot-6941.com', 'Enhance your productivity with VibeBot. Perfect for seamless video & reels automation.', 'Productivity Engine', 2, 0, 1);
INSERT INTO website_intents (website_id, intent_id) VALUES (175, 4);
INSERT INTO website_intents (website_id, intent_id) VALUES (175, 5);
INSERT INTO website_personas (website_id, persona_id) VALUES (175, 1);
INSERT INTO website_personas (website_id, persona_id) VALUES (175, 5);
INSERT INTO websites (id, name, slug, url, short_description, purpose, category_id, click_count, is_active) VALUES (176, 'Proly Pro', 'proly-pro-6515', 'https://proly-pro-6515.com', 'An incredibly advanced AI tool revolutionizing the way you handle video & reels. Try Proly Pro today.', 'Creative Studio', 2, 0, 1);
INSERT INTO website_intents (website_id, intent_id) VALUES (176, 1);
INSERT INTO website_intents (website_id, intent_id) VALUES (176, 2);
INSERT INTO website_personas (website_id, persona_id) VALUES (176, 3);
INSERT INTO website_personas (website_id, persona_id) VALUES (176, 4);
INSERT INTO websites (id, name, slug, url, short_description, purpose, category_id, click_count, is_active) VALUES (177, 'AutoSync Pro', 'autosync-pro-2039', 'https://autosync-pro-2039.com', 'An incredibly advanced AI tool revolutionizing the way you handle video & reels. Try AutoSync Pro today.', 'Productivity Engine', 2, 0, 1);
INSERT INTO website_intents (website_id, intent_id) VALUES (177, 6);
INSERT INTO website_personas (website_id, persona_id) VALUES (177, 6);
INSERT INTO website_personas (website_id, persona_id) VALUES (177, 5);
INSERT INTO websites (id, name, slug, url, short_description, purpose, category_id, click_count, is_active) VALUES (178, 'SmartMind Pro', 'smartmind-pro-6654', 'https://smartmind-pro-6654.com', 'Enhance your productivity with SmartMind Pro. Perfect for seamless video & reels automation.', 'Creative Studio', 2, 0, 1);
INSERT INTO website_intents (website_id, intent_id) VALUES (178, 3);
INSERT INTO website_intents (website_id, intent_id) VALUES (178, 5);
INSERT INTO website_personas (website_id, persona_id) VALUES (178, 2);
INSERT INTO website_personas (website_id, persona_id) VALUES (178, 6);
INSERT INTO websites (id, name, slug, url, short_description, purpose, category_id, click_count, is_active) VALUES (179, 'QuickBase', 'quickbase-7283', 'https://quickbase-7283.com', 'An incredibly advanced AI tool revolutionizing the way you handle video & reels. Try QuickBase today.', 'Productivity Engine', 2, 0, 1);
INSERT INTO website_intents (website_id, intent_id) VALUES (179, 6);
INSERT INTO website_personas (website_id, persona_id) VALUES (179, 2);
INSERT INTO website_personas (website_id, persona_id) VALUES (179, 4);
INSERT INTO websites (id, name, slug, url, short_description, purpose, category_id, click_count, is_active) VALUES (180, 'QuickGen', 'quickgen-5580', 'https://quickgen-5580.com', 'An incredibly advanced AI tool revolutionizing the way you handle video & reels. Try QuickGen today.', 'Creative Studio', 2, 0, 1);
INSERT INTO website_intents (website_id, intent_id) VALUES (180, 3);
INSERT INTO website_personas (website_id, persona_id) VALUES (180, 6);
INSERT INTO website_personas (website_id, persona_id) VALUES (180, 3);
INSERT INTO websites (id, name, slug, url, short_description, purpose, category_id, click_count, is_active) VALUES (181, 'GeniAI Pro', 'geniai-pro-6760', 'https://geniai-pro-6760.com', 'Enhance your productivity with GeniAI Pro. Perfect for seamless video & reels automation.', 'Productivity Engine', 2, 0, 1);
INSERT INTO website_intents (website_id, intent_id) VALUES (181, 1);
INSERT INTO website_intents (website_id, intent_id) VALUES (181, 2);
INSERT INTO website_personas (website_id, persona_id) VALUES (181, 5);
INSERT INTO websites (id, name, slug, url, short_description, purpose, category_id, click_count, is_active) VALUES (182, 'NextMind Pro', 'nextmind-pro-7793', 'https://nextmind-pro-7793.com', 'An incredibly advanced AI tool revolutionizing the way you handle video & reels. Try NextMind Pro today.', 'Creative Studio', 2, 0, 1);
INSERT INTO website_intents (website_id, intent_id) VALUES (182, 4);
INSERT INTO website_personas (website_id, persona_id) VALUES (182, 3);
INSERT INTO website_personas (website_id, persona_id) VALUES (182, 2);
INSERT INTO websites (id, name, slug, url, short_description, purpose, category_id, click_count, is_active) VALUES (183, 'HyperBot', 'hyperbot-6819', 'https://hyperbot-6819.com', 'An incredibly advanced AI tool revolutionizing the way you handle video & reels. Try HyperBot today.', 'Productivity Engine', 2, 0, 1);
INSERT INTO website_intents (website_id, intent_id) VALUES (183, 6);
INSERT INTO website_intents (website_id, intent_id) VALUES (183, 3);
INSERT INTO website_personas (website_id, persona_id) VALUES (183, 5);
INSERT INTO websites (id, name, slug, url, short_description, purpose, category_id, click_count, is_active) VALUES (184, 'Zenly', 'zenly-8996', 'https://zenly-8996.com', 'Enhance your productivity with Zenly. Perfect for seamless video & reels automation.', 'Creative Studio', 2, 0, 1);
INSERT INTO website_intents (website_id, intent_id) VALUES (184, 4);
INSERT INTO website_personas (website_id, persona_id) VALUES (184, 1);
INSERT INTO websites (id, name, slug, url, short_description, purpose, category_id, click_count, is_active) VALUES (185, 'NextSync', 'nextsync-7589', 'https://nextsync-7589.com', 'An incredibly advanced AI tool revolutionizing the way you handle video & reels. Try NextSync today.', 'Productivity Engine', 2, 0, 1);
INSERT INTO website_intents (website_id, intent_id) VALUES (185, 2);
INSERT INTO website_intents (website_id, intent_id) VALUES (185, 1);
INSERT INTO website_personas (website_id, persona_id) VALUES (185, 5);
INSERT INTO websites (id, name, slug, url, short_description, purpose, category_id, click_count, is_active) VALUES (186, 'DeepFlow Pro', 'deepflow-pro-6406', 'https://deepflow-pro-6406.com', 'An incredibly advanced AI tool revolutionizing the way you handle video & reels. Try DeepFlow Pro today.', 'Creative Studio', 2, 0, 1);
INSERT INTO website_intents (website_id, intent_id) VALUES (186, 5);
INSERT INTO website_personas (website_id, persona_id) VALUES (186, 1);
INSERT INTO websites (id, name, slug, url, short_description, purpose, category_id, click_count, is_active) VALUES (187, 'AutoGen Pro', 'autogen-pro-7716', 'https://autogen-pro-7716.com', 'Enhance your productivity with AutoGen Pro. Perfect for seamless video & reels automation.', 'Productivity Engine', 2, 0, 1);
INSERT INTO website_intents (website_id, intent_id) VALUES (187, 1);
INSERT INTO website_personas (website_id, persona_id) VALUES (187, 5);
INSERT INTO website_personas (website_id, persona_id) VALUES (187, 1);
INSERT INTO websites (id, name, slug, url, short_description, purpose, category_id, click_count, is_active) VALUES (188, 'ZenMind', 'zenmind-1075', 'https://zenmind-1075.com', 'An incredibly advanced AI tool revolutionizing the way you handle video & reels. Try ZenMind today.', 'Creative Studio', 2, 0, 1);
INSERT INTO website_intents (website_id, intent_id) VALUES (188, 6);
INSERT INTO website_personas (website_id, persona_id) VALUES (188, 5);
INSERT INTO website_personas (website_id, persona_id) VALUES (188, 1);
INSERT INTO websites (id, name, slug, url, short_description, purpose, category_id, click_count, is_active) VALUES (189, 'ProSync', 'prosync-3029', 'https://prosync-3029.com', 'An incredibly advanced AI tool revolutionizing the way you handle video & reels. Try ProSync today.', 'Productivity Engine', 2, 0, 1);
INSERT INTO website_intents (website_id, intent_id) VALUES (189, 6);
INSERT INTO website_personas (website_id, persona_id) VALUES (189, 4);
INSERT INTO website_personas (website_id, persona_id) VALUES (189, 1);
INSERT INTO websites (id, name, slug, url, short_description, purpose, category_id, click_count, is_active) VALUES (190, 'Autoify', 'autoify-704', 'https://autoify-704.com', 'Enhance your productivity with Autoify. Perfect for seamless video & reels automation.', 'Creative Studio', 2, 0, 1);
INSERT INTO website_intents (website_id, intent_id) VALUES (190, 1);
INSERT INTO website_intents (website_id, intent_id) VALUES (190, 2);
INSERT INTO website_personas (website_id, persona_id) VALUES (190, 4);
INSERT INTO website_personas (website_id, persona_id) VALUES (190, 1);
INSERT INTO websites (id, name, slug, url, short_description, purpose, category_id, click_count, is_active) VALUES (191, 'ProBase Pro', 'probase-pro-7306', 'https://probase-pro-7306.com', 'An incredibly advanced AI tool revolutionizing the way you handle video & reels. Try ProBase Pro today.', 'Productivity Engine', 2, 0, 1);
INSERT INTO website_intents (website_id, intent_id) VALUES (191, 3);
INSERT INTO website_intents (website_id, intent_id) VALUES (191, 6);
INSERT INTO website_personas (website_id, persona_id) VALUES (191, 1);
INSERT INTO website_personas (website_id, persona_id) VALUES (191, 2);
INSERT INTO websites (id, name, slug, url, short_description, purpose, category_id, click_count, is_active) VALUES (192, 'VibeAI', 'vibeai-362', 'https://vibeai-362.com', 'An incredibly advanced AI tool revolutionizing the way you handle video & reels. Try VibeAI today.', 'Creative Studio', 2, 0, 1);
INSERT INTO website_intents (website_id, intent_id) VALUES (192, 6);
INSERT INTO website_personas (website_id, persona_id) VALUES (192, 1);
INSERT INTO website_personas (website_id, persona_id) VALUES (192, 3);
INSERT INTO websites (id, name, slug, url, short_description, purpose, category_id, click_count, is_active) VALUES (193, 'CogniGen', 'cognigen-7131', 'https://cognigen-7131.com', 'Enhance your productivity with CogniGen. Perfect for seamless video & reels automation.', 'Productivity Engine', 2, 0, 1);
INSERT INTO website_intents (website_id, intent_id) VALUES (193, 6);
INSERT INTO website_personas (website_id, persona_id) VALUES (193, 1);
INSERT INTO websites (id, name, slug, url, short_description, purpose, category_id, click_count, is_active) VALUES (194, 'AutoForge Pro', 'autoforge-pro-8621', 'https://autoforge-pro-8621.com', 'An incredibly advanced AI tool revolutionizing the way you handle video & reels. Try AutoForge Pro today.', 'Creative Studio', 2, 0, 1);
INSERT INTO website_intents (website_id, intent_id) VALUES (194, 1);
INSERT INTO website_intents (website_id, intent_id) VALUES (194, 2);
INSERT INTO website_personas (website_id, persona_id) VALUES (194, 4);
INSERT INTO website_personas (website_id, persona_id) VALUES (194, 6);
INSERT INTO websites (id, name, slug, url, short_description, purpose, category_id, click_count, is_active) VALUES (195, 'ProMind', 'promind-8021', 'https://promind-8021.com', 'An incredibly advanced AI tool revolutionizing the way you handle video & reels. Try ProMind today.', 'Productivity Engine', 2, 0, 1);
INSERT INTO website_intents (website_id, intent_id) VALUES (195, 3);
INSERT INTO website_intents (website_id, intent_id) VALUES (195, 4);
INSERT INTO website_personas (website_id, persona_id) VALUES (195, 5);
INSERT INTO websites (id, name, slug, url, short_description, purpose, category_id, click_count, is_active) VALUES (196, 'ProGen', 'progen-1257', 'https://progen-1257.com', 'Enhance your productivity with ProGen. Perfect for seamless video & reels automation.', 'Creative Studio', 2, 0, 1);
INSERT INTO website_intents (website_id, intent_id) VALUES (196, 1);
INSERT INTO website_intents (website_id, intent_id) VALUES (196, 2);
INSERT INTO website_personas (website_id, persona_id) VALUES (196, 4);
INSERT INTO website_personas (website_id, persona_id) VALUES (196, 5);
INSERT INTO websites (id, name, slug, url, short_description, purpose, category_id, click_count, is_active) VALUES (197, 'DeepMate Pro', 'deepmate-pro-8177', 'https://deepmate-pro-8177.com', 'An incredibly advanced AI tool revolutionizing the way you handle video & reels. Try DeepMate Pro today.', 'Productivity Engine', 2, 0, 1);
INSERT INTO website_intents (website_id, intent_id) VALUES (197, 4);
INSERT INTO website_intents (website_id, intent_id) VALUES (197, 3);
INSERT INTO website_personas (website_id, persona_id) VALUES (197, 2);
INSERT INTO website_personas (website_id, persona_id) VALUES (197, 1);
INSERT INTO websites (id, name, slug, url, short_description, purpose, category_id, click_count, is_active) VALUES (198, 'Deepify Pro', 'deepify-pro-9151', 'https://deepify-pro-9151.com', 'An incredibly advanced AI tool revolutionizing the way you handle video & reels. Try Deepify Pro today.', 'Creative Studio', 2, 0, 1);
INSERT INTO website_intents (website_id, intent_id) VALUES (198, 2);
INSERT INTO website_personas (website_id, persona_id) VALUES (198, 2);
INSERT INTO website_personas (website_id, persona_id) VALUES (198, 1);
INSERT INTO websites (id, name, slug, url, short_description, purpose, category_id, click_count, is_active) VALUES (199, 'VibeGen', 'vibegen-1570', 'https://vibegen-1570.com', 'Enhance your productivity with VibeGen. Perfect for seamless video & reels automation.', 'Productivity Engine', 2, 0, 1);
INSERT INTO website_intents (website_id, intent_id) VALUES (199, 3);
INSERT INTO website_personas (website_id, persona_id) VALUES (199, 5);
INSERT INTO websites (id, name, slug, url, short_description, purpose, category_id, click_count, is_active) VALUES (200, 'AutoAI Pro', 'autoai-pro-7847', 'https://autoai-pro-7847.com', 'An incredibly advanced AI tool revolutionizing the way you handle video & reels. Try AutoAI Pro today.', 'Creative Studio', 2, 0, 1);
INSERT INTO website_intents (website_id, intent_id) VALUES (200, 3);
INSERT INTO website_personas (website_id, persona_id) VALUES (200, 6);
INSERT INTO websites (id, name, slug, url, short_description, purpose, category_id, click_count, is_active) VALUES (201, 'GeniAI', 'geniai-5017', 'https://geniai-5017.com', 'An incredibly advanced AI tool revolutionizing the way you handle video & reels. Try GeniAI today.', 'Productivity Engine', 2, 0, 1);
INSERT INTO website_intents (website_id, intent_id) VALUES (201, 1);
INSERT INTO website_intents (website_id, intent_id) VALUES (201, 4);
INSERT INTO website_personas (website_id, persona_id) VALUES (201, 1);
INSERT INTO websites (id, name, slug, url, short_description, purpose, category_id, click_count, is_active) VALUES (202, 'ZenAI Pro', 'zenai-pro-540', 'https://zenai-pro-540.com', 'Enhance your productivity with ZenAI Pro. Perfect for seamless video & reels automation.', 'Creative Studio', 2, 0, 1);
INSERT INTO website_intents (website_id, intent_id) VALUES (202, 6);
INSERT INTO website_intents (website_id, intent_id) VALUES (202, 5);
INSERT INTO website_personas (website_id, persona_id) VALUES (202, 1);
INSERT INTO websites (id, name, slug, url, short_description, purpose, category_id, click_count, is_active) VALUES (203, 'Autoify', 'autoify-8623', 'https://autoify-8623.com', 'An incredibly advanced AI tool revolutionizing the way you handle video & reels. Try Autoify today.', 'Productivity Engine', 2, 0, 1);
INSERT INTO website_intents (website_id, intent_id) VALUES (203, 3);
INSERT INTO website_personas (website_id, persona_id) VALUES (203, 3);
INSERT INTO websites (id, name, slug, url, short_description, purpose, category_id, click_count, is_active) VALUES (204, 'VibeMate', 'vibemate-1594', 'https://vibemate-1594.com', 'An incredibly advanced AI tool revolutionizing the way you handle video & reels. Try VibeMate today.', 'Creative Studio', 2, 0, 1);
INSERT INTO website_intents (website_id, intent_id) VALUES (204, 3);
INSERT INTO website_intents (website_id, intent_id) VALUES (204, 1);
INSERT INTO website_personas (website_id, persona_id) VALUES (204, 3);
INSERT INTO website_personas (website_id, persona_id) VALUES (204, 4);
INSERT INTO websites (id, name, slug, url, short_description, purpose, category_id, click_count, is_active) VALUES (205, 'FlowGen', 'flowgen-8622', 'https://flowgen-8622.com', 'Enhance your productivity with FlowGen. Perfect for seamless video & reels automation.', 'Productivity Engine', 2, 0, 1);
INSERT INTO website_intents (website_id, intent_id) VALUES (205, 4);
INSERT INTO website_intents (website_id, intent_id) VALUES (205, 3);
INSERT INTO website_personas (website_id, persona_id) VALUES (205, 4);
INSERT INTO websites (id, name, slug, url, short_description, purpose, category_id, click_count, is_active) VALUES (206, 'NextGen', 'nextgen-8080', 'https://nextgen-8080.com', 'An incredibly advanced AI tool revolutionizing the way you handle video & reels. Try NextGen today.', 'Creative Studio', 2, 0, 1);
INSERT INTO website_intents (website_id, intent_id) VALUES (206, 3);
INSERT INTO website_intents (website_id, intent_id) VALUES (206, 2);
INSERT INTO website_personas (website_id, persona_id) VALUES (206, 2);
INSERT INTO website_personas (website_id, persona_id) VALUES (206, 4);
INSERT INTO websites (id, name, slug, url, short_description, purpose, category_id, click_count, is_active) VALUES (207, 'NextMind Pro', 'nextmind-pro-7096', 'https://nextmind-pro-7096.com', 'An incredibly advanced AI tool revolutionizing the way you handle video & reels. Try NextMind Pro today.', 'Productivity Engine', 2, 0, 1);
INSERT INTO website_intents (website_id, intent_id) VALUES (207, 3);
INSERT INTO website_personas (website_id, persona_id) VALUES (207, 5);
INSERT INTO website_personas (website_id, persona_id) VALUES (207, 1);
INSERT INTO websites (id, name, slug, url, short_description, purpose, category_id, click_count, is_active) VALUES (208, 'QuickAI', 'quickai-1356', 'https://quickai-1356.com', 'Enhance your productivity with QuickAI. Perfect for seamless video & reels automation.', 'Creative Studio', 2, 0, 1);
INSERT INTO website_intents (website_id, intent_id) VALUES (208, 3);
INSERT INTO website_intents (website_id, intent_id) VALUES (208, 2);
INSERT INTO website_personas (website_id, persona_id) VALUES (208, 1);
INSERT INTO website_personas (website_id, persona_id) VALUES (208, 2);
INSERT INTO websites (id, name, slug, url, short_description, purpose, category_id, click_count, is_active) VALUES (209, 'ZenSync', 'zensync-3175', 'https://zensync-3175.com', 'An incredibly advanced AI tool revolutionizing the way you handle video & reels. Try ZenSync today.', 'Productivity Engine', 2, 0, 1);
INSERT INTO website_intents (website_id, intent_id) VALUES (209, 6);
INSERT INTO website_personas (website_id, persona_id) VALUES (209, 1);
INSERT INTO website_personas (website_id, persona_id) VALUES (209, 4);
INSERT INTO websites (id, name, slug, url, short_description, purpose, category_id, click_count, is_active) VALUES (210, 'FlowAI', 'flowai-1430', 'https://flowai-1430.com', 'An incredibly advanced AI tool revolutionizing the way you handle video & reels. Try FlowAI today.', 'Creative Studio', 2, 0, 1);
INSERT INTO website_intents (website_id, intent_id) VALUES (210, 3);
INSERT INTO website_intents (website_id, intent_id) VALUES (210, 2);
INSERT INTO website_personas (website_id, persona_id) VALUES (210, 1);
INSERT INTO website_personas (website_id, persona_id) VALUES (210, 2);
INSERT INTO websites (id, name, slug, url, short_description, purpose, category_id, click_count, is_active) VALUES (211, 'ZenForge', 'zenforge-4508', 'https://zenforge-4508.com', 'Enhance your productivity with ZenForge. Perfect for seamless video & reels automation.', 'Productivity Engine', 2, 0, 1);
INSERT INTO website_intents (website_id, intent_id) VALUES (211, 6);
INSERT INTO website_personas (website_id, persona_id) VALUES (211, 3);
INSERT INTO websites (id, name, slug, url, short_description, purpose, category_id, click_count, is_active) VALUES (212, 'NextSync', 'nextsync-6129', 'https://nextsync-6129.com', 'An incredibly advanced AI tool revolutionizing the way you handle video & reels. Try NextSync today.', 'Creative Studio', 2, 0, 1);
INSERT INTO website_intents (website_id, intent_id) VALUES (212, 1);
INSERT INTO website_intents (website_id, intent_id) VALUES (212, 6);
INSERT INTO website_personas (website_id, persona_id) VALUES (212, 1);
INSERT INTO websites (id, name, slug, url, short_description, purpose, category_id, click_count, is_active) VALUES (213, 'DeepBase', 'deepbase-8643', 'https://deepbase-8643.com', 'An incredibly advanced AI tool revolutionizing the way you handle video & reels. Try DeepBase today.', 'Productivity Engine', 2, 0, 1);
INSERT INTO website_intents (website_id, intent_id) VALUES (213, 6);
INSERT INTO website_personas (website_id, persona_id) VALUES (213, 3);
INSERT INTO websites (id, name, slug, url, short_description, purpose, category_id, click_count, is_active) VALUES (214, 'CogniForge Pro', 'cogniforge-pro-8898', 'https://cogniforge-pro-8898.com', 'Enhance your productivity with CogniForge Pro. Perfect for seamless video & reels automation.', 'Creative Studio', 2, 0, 1);
INSERT INTO website_intents (website_id, intent_id) VALUES (214, 1);
INSERT INTO website_intents (website_id, intent_id) VALUES (214, 2);
INSERT INTO website_personas (website_id, persona_id) VALUES (214, 6);
INSERT INTO websites (id, name, slug, url, short_description, purpose, category_id, click_count, is_active) VALUES (215, 'Genily', 'genily-7495', 'https://genily-7495.com', 'Enhance your productivity with Genily. Perfect for seamless visual/design automation.', 'Productivity Engine', 3, 0, 1);
INSERT INTO website_intents (website_id, intent_id) VALUES (215, 4);
INSERT INTO website_personas (website_id, persona_id) VALUES (215, 4);
INSERT INTO websites (id, name, slug, url, short_description, purpose, category_id, click_count, is_active) VALUES (216, 'Proify', 'proify-297', 'https://proify-297.com', 'An incredibly advanced AI tool revolutionizing the way you handle visual/design. Try Proify today.', 'Creative Studio', 3, 0, 1);
INSERT INTO website_intents (website_id, intent_id) VALUES (216, 6);
INSERT INTO website_intents (website_id, intent_id) VALUES (216, 1);
INSERT INTO website_personas (website_id, persona_id) VALUES (216, 5);
INSERT INTO website_personas (website_id, persona_id) VALUES (216, 1);
INSERT INTO websites (id, name, slug, url, short_description, purpose, category_id, click_count, is_active) VALUES (217, 'ZenForge', 'zenforge-4804', 'https://zenforge-4804.com', 'An incredibly advanced AI tool revolutionizing the way you handle visual/design. Try ZenForge today.', 'Productivity Engine', 3, 0, 1);
INSERT INTO website_intents (website_id, intent_id) VALUES (217, 5);
INSERT INTO website_personas (website_id, persona_id) VALUES (217, 6);
INSERT INTO websites (id, name, slug, url, short_description, purpose, category_id, click_count, is_active) VALUES (218, 'VibeMate', 'vibemate-1516', 'https://vibemate-1516.com', 'Enhance your productivity with VibeMate. Perfect for seamless visual/design automation.', 'Creative Studio', 3, 0, 1);
INSERT INTO website_intents (website_id, intent_id) VALUES (218, 4);
INSERT INTO website_intents (website_id, intent_id) VALUES (218, 3);
INSERT INTO website_personas (website_id, persona_id) VALUES (218, 2);
INSERT INTO website_personas (website_id, persona_id) VALUES (218, 1);
INSERT INTO websites (id, name, slug, url, short_description, purpose, category_id, click_count, is_active) VALUES (219, 'QuickFlow', 'quickflow-1526', 'https://quickflow-1526.com', 'An incredibly advanced AI tool revolutionizing the way you handle visual/design. Try QuickFlow today.', 'Productivity Engine', 3, 0, 1);
INSERT INTO website_intents (website_id, intent_id) VALUES (219, 4);
INSERT INTO website_personas (website_id, persona_id) VALUES (219, 5);
INSERT INTO websites (id, name, slug, url, short_description, purpose, category_id, click_count, is_active) VALUES (220, 'DeepMind Pro', 'deepmind-pro-5663', 'https://deepmind-pro-5663.com', 'An incredibly advanced AI tool revolutionizing the way you handle visual/design. Try DeepMind Pro today.', 'Creative Studio', 3, 0, 1);
INSERT INTO website_intents (website_id, intent_id) VALUES (220, 1);
INSERT INTO website_intents (website_id, intent_id) VALUES (220, 2);
INSERT INTO website_personas (website_id, persona_id) VALUES (220, 5);
INSERT INTO websites (id, name, slug, url, short_description, purpose, category_id, click_count, is_active) VALUES (221, 'SmartMind', 'smartmind-7051', 'https://smartmind-7051.com', 'Enhance your productivity with SmartMind. Perfect for seamless visual/design automation.', 'Productivity Engine', 3, 0, 1);
INSERT INTO website_intents (website_id, intent_id) VALUES (221, 2);
INSERT INTO website_intents (website_id, intent_id) VALUES (221, 1);
INSERT INTO website_personas (website_id, persona_id) VALUES (221, 1);
INSERT INTO website_personas (website_id, persona_id) VALUES (221, 3);
INSERT INTO websites (id, name, slug, url, short_description, purpose, category_id, click_count, is_active) VALUES (222, 'FlowGen', 'flowgen-976', 'https://flowgen-976.com', 'An incredibly advanced AI tool revolutionizing the way you handle visual/design. Try FlowGen today.', 'Creative Studio', 3, 0, 1);
INSERT INTO website_intents (website_id, intent_id) VALUES (222, 1);
INSERT INTO website_intents (website_id, intent_id) VALUES (222, 3);
INSERT INTO website_personas (website_id, persona_id) VALUES (222, 1);
INSERT INTO website_personas (website_id, persona_id) VALUES (222, 2);
INSERT INTO websites (id, name, slug, url, short_description, purpose, category_id, click_count, is_active) VALUES (223, 'ProAI', 'proai-6762', 'https://proai-6762.com', 'An incredibly advanced AI tool revolutionizing the way you handle visual/design. Try ProAI today.', 'Productivity Engine', 3, 0, 1);
INSERT INTO website_intents (website_id, intent_id) VALUES (223, 4);
INSERT INTO website_personas (website_id, persona_id) VALUES (223, 6);
INSERT INTO websites (id, name, slug, url, short_description, purpose, category_id, click_count, is_active) VALUES (224, 'Proly', 'proly-4615', 'https://proly-4615.com', 'Enhance your productivity with Proly. Perfect for seamless visual/design automation.', 'Creative Studio', 3, 0, 1);
INSERT INTO website_intents (website_id, intent_id) VALUES (224, 1);
INSERT INTO website_personas (website_id, persona_id) VALUES (224, 5);
INSERT INTO websites (id, name, slug, url, short_description, purpose, category_id, click_count, is_active) VALUES (225, 'FlowAI', 'flowai-1220', 'https://flowai-1220.com', 'An incredibly advanced AI tool revolutionizing the way you handle visual/design. Try FlowAI today.', 'Productivity Engine', 3, 0, 1);
INSERT INTO website_intents (website_id, intent_id) VALUES (225, 2);
INSERT INTO website_personas (website_id, persona_id) VALUES (225, 1);
INSERT INTO website_personas (website_id, persona_id) VALUES (225, 2);
INSERT INTO websites (id, name, slug, url, short_description, purpose, category_id, click_count, is_active) VALUES (226, 'Hyperly', 'hyperly-2791', 'https://hyperly-2791.com', 'An incredibly advanced AI tool revolutionizing the way you handle visual/design. Try Hyperly today.', 'Creative Studio', 3, 0, 1);
INSERT INTO website_intents (website_id, intent_id) VALUES (226, 2);
INSERT INTO website_personas (website_id, persona_id) VALUES (226, 5);
INSERT INTO website_personas (website_id, persona_id) VALUES (226, 4);
INSERT INTO websites (id, name, slug, url, short_description, purpose, category_id, click_count, is_active) VALUES (227, 'GeniMate Pro', 'genimate-pro-2385', 'https://genimate-pro-2385.com', 'Enhance your productivity with GeniMate Pro. Perfect for seamless visual/design automation.', 'Productivity Engine', 3, 0, 1);
INSERT INTO website_intents (website_id, intent_id) VALUES (227, 4);
INSERT INTO website_personas (website_id, persona_id) VALUES (227, 4);
INSERT INTO websites (id, name, slug, url, short_description, purpose, category_id, click_count, is_active) VALUES (228, 'QuickGen Pro', 'quickgen-pro-5478', 'https://quickgen-pro-5478.com', 'An incredibly advanced AI tool revolutionizing the way you handle visual/design. Try QuickGen Pro today.', 'Creative Studio', 3, 0, 1);
INSERT INTO website_intents (website_id, intent_id) VALUES (228, 1);
INSERT INTO website_personas (website_id, persona_id) VALUES (228, 3);
INSERT INTO websites (id, name, slug, url, short_description, purpose, category_id, click_count, is_active) VALUES (229, 'FlowCraft Pro', 'flowcraft-pro-6223', 'https://flowcraft-pro-6223.com', 'An incredibly advanced AI tool revolutionizing the way you handle visual/design. Try FlowCraft Pro today.', 'Productivity Engine', 3, 0, 1);
INSERT INTO website_intents (website_id, intent_id) VALUES (229, 1);
INSERT INTO website_personas (website_id, persona_id) VALUES (229, 1);
INSERT INTO websites (id, name, slug, url, short_description, purpose, category_id, click_count, is_active) VALUES (230, 'SmartBot Pro', 'smartbot-pro-4642', 'https://smartbot-pro-4642.com', 'Enhance your productivity with SmartBot Pro. Perfect for seamless visual/design automation.', 'Creative Studio', 3, 0, 1);
INSERT INTO website_intents (website_id, intent_id) VALUES (230, 5);
INSERT INTO website_personas (website_id, persona_id) VALUES (230, 5);
INSERT INTO websites (id, name, slug, url, short_description, purpose, category_id, click_count, is_active) VALUES (231, 'QuickGen', 'quickgen-9915', 'https://quickgen-9915.com', 'An incredibly advanced AI tool revolutionizing the way you handle visual/design. Try QuickGen today.', 'Productivity Engine', 3, 0, 1);
INSERT INTO website_intents (website_id, intent_id) VALUES (231, 2);
INSERT INTO website_personas (website_id, persona_id) VALUES (231, 1);
INSERT INTO website_personas (website_id, persona_id) VALUES (231, 2);
INSERT INTO websites (id, name, slug, url, short_description, purpose, category_id, click_count, is_active) VALUES (232, 'Geniify', 'geniify-9213', 'https://geniify-9213.com', 'An incredibly advanced AI tool revolutionizing the way you handle visual/design. Try Geniify today.', 'Creative Studio', 3, 0, 1);
INSERT INTO website_intents (website_id, intent_id) VALUES (232, 6);
INSERT INTO website_intents (website_id, intent_id) VALUES (232, 3);
INSERT INTO website_personas (website_id, persona_id) VALUES (232, 1);
INSERT INTO websites (id, name, slug, url, short_description, purpose, category_id, click_count, is_active) VALUES (233, 'HyperForge', 'hyperforge-8353', 'https://hyperforge-8353.com', 'Enhance your productivity with HyperForge. Perfect for seamless visual/design automation.', 'Productivity Engine', 3, 0, 1);
INSERT INTO website_intents (website_id, intent_id) VALUES (233, 5);
INSERT INTO website_intents (website_id, intent_id) VALUES (233, 4);
INSERT INTO website_personas (website_id, persona_id) VALUES (233, 4);
INSERT INTO website_personas (website_id, persona_id) VALUES (233, 1);
INSERT INTO websites (id, name, slug, url, short_description, purpose, category_id, click_count, is_active) VALUES (234, 'FlowMind', 'flowmind-1664', 'https://flowmind-1664.com', 'An incredibly advanced AI tool revolutionizing the way you handle visual/design. Try FlowMind today.', 'Creative Studio', 3, 0, 1);
INSERT INTO website_intents (website_id, intent_id) VALUES (234, 4);
INSERT INTO website_personas (website_id, persona_id) VALUES (234, 4);
INSERT INTO website_personas (website_id, persona_id) VALUES (234, 3);
INSERT INTO websites (id, name, slug, url, short_description, purpose, category_id, click_count, is_active) VALUES (235, 'Proly', 'proly-566', 'https://proly-566.com', 'An incredibly advanced AI tool revolutionizing the way you handle visual/design. Try Proly today.', 'Productivity Engine', 3, 0, 1);
INSERT INTO website_intents (website_id, intent_id) VALUES (235, 6);
INSERT INTO website_personas (website_id, persona_id) VALUES (235, 5);
INSERT INTO website_personas (website_id, persona_id) VALUES (235, 3);
INSERT INTO websites (id, name, slug, url, short_description, purpose, category_id, click_count, is_active) VALUES (236, 'HyperSync', 'hypersync-4152', 'https://hypersync-4152.com', 'Enhance your productivity with HyperSync. Perfect for seamless visual/design automation.', 'Creative Studio', 3, 0, 1);
INSERT INTO website_intents (website_id, intent_id) VALUES (236, 1);
INSERT INTO website_personas (website_id, persona_id) VALUES (236, 4);
INSERT INTO website_personas (website_id, persona_id) VALUES (236, 1);
INSERT INTO websites (id, name, slug, url, short_description, purpose, category_id, click_count, is_active) VALUES (237, 'FlowGen Pro', 'flowgen-pro-5546', 'https://flowgen-pro-5546.com', 'An incredibly advanced AI tool revolutionizing the way you handle visual/design. Try FlowGen Pro today.', 'Productivity Engine', 3, 0, 1);
INSERT INTO website_intents (website_id, intent_id) VALUES (237, 4);
INSERT INTO website_intents (website_id, intent_id) VALUES (237, 3);
INSERT INTO website_personas (website_id, persona_id) VALUES (237, 4);
INSERT INTO websites (id, name, slug, url, short_description, purpose, category_id, click_count, is_active) VALUES (238, 'HyperAI Pro', 'hyperai-pro-4667', 'https://hyperai-pro-4667.com', 'An incredibly advanced AI tool revolutionizing the way you handle visual/design. Try HyperAI Pro today.', 'Creative Studio', 3, 0, 1);
INSERT INTO website_intents (website_id, intent_id) VALUES (238, 6);
INSERT INTO website_intents (website_id, intent_id) VALUES (238, 1);
INSERT INTO website_personas (website_id, persona_id) VALUES (238, 6);
INSERT INTO websites (id, name, slug, url, short_description, purpose, category_id, click_count, is_active) VALUES (239, 'NextMate Pro', 'nextmate-pro-309', 'https://nextmate-pro-309.com', 'Enhance your productivity with NextMate Pro. Perfect for seamless visual/design automation.', 'Productivity Engine', 3, 0, 1);
INSERT INTO website_intents (website_id, intent_id) VALUES (239, 2);
INSERT INTO website_personas (website_id, persona_id) VALUES (239, 5);
INSERT INTO websites (id, name, slug, url, short_description, purpose, category_id, click_count, is_active) VALUES (240, 'HyperFlow', 'hyperflow-7930', 'https://hyperflow-7930.com', 'An incredibly advanced AI tool revolutionizing the way you handle visual/design. Try HyperFlow today.', 'Creative Studio', 3, 0, 1);
INSERT INTO website_intents (website_id, intent_id) VALUES (240, 5);
INSERT INTO website_personas (website_id, persona_id) VALUES (240, 6);
INSERT INTO website_personas (website_id, persona_id) VALUES (240, 5);
INSERT INTO websites (id, name, slug, url, short_description, purpose, category_id, click_count, is_active) VALUES (241, 'NextMate', 'nextmate-4200', 'https://nextmate-4200.com', 'An incredibly advanced AI tool revolutionizing the way you handle visual/design. Try NextMate today.', 'Productivity Engine', 3, 0, 1);
INSERT INTO website_intents (website_id, intent_id) VALUES (241, 1);
INSERT INTO website_intents (website_id, intent_id) VALUES (241, 4);
INSERT INTO website_personas (website_id, persona_id) VALUES (241, 5);
INSERT INTO websites (id, name, slug, url, short_description, purpose, category_id, click_count, is_active) VALUES (242, 'Hyperify Pro', 'hyperify-pro-6686', 'https://hyperify-pro-6686.com', 'Enhance your productivity with Hyperify Pro. Perfect for seamless visual/design automation.', 'Creative Studio', 3, 0, 1);
INSERT INTO website_intents (website_id, intent_id) VALUES (242, 6);
INSERT INTO website_intents (website_id, intent_id) VALUES (242, 5);
INSERT INTO website_personas (website_id, persona_id) VALUES (242, 2);
INSERT INTO website_personas (website_id, persona_id) VALUES (242, 1);
INSERT INTO websites (id, name, slug, url, short_description, purpose, category_id, click_count, is_active) VALUES (243, 'NextCraft', 'nextcraft-2419', 'https://nextcraft-2419.com', 'An incredibly advanced AI tool revolutionizing the way you handle visual/design. Try NextCraft today.', 'Productivity Engine', 3, 0, 1);
INSERT INTO website_intents (website_id, intent_id) VALUES (243, 3);
INSERT INTO website_personas (website_id, persona_id) VALUES (243, 6);
INSERT INTO websites (id, name, slug, url, short_description, purpose, category_id, click_count, is_active) VALUES (244, 'VibeCraft', 'vibecraft-9579', 'https://vibecraft-9579.com', 'An incredibly advanced AI tool revolutionizing the way you handle visual/design. Try VibeCraft today.', 'Creative Studio', 3, 0, 1);
INSERT INTO website_intents (website_id, intent_id) VALUES (244, 5);
INSERT INTO website_intents (website_id, intent_id) VALUES (244, 1);
INSERT INTO website_personas (website_id, persona_id) VALUES (244, 6);
INSERT INTO website_personas (website_id, persona_id) VALUES (244, 4);
INSERT INTO websites (id, name, slug, url, short_description, purpose, category_id, click_count, is_active) VALUES (245, 'VibeMind Pro', 'vibemind-pro-9507', 'https://vibemind-pro-9507.com', 'Enhance your productivity with VibeMind Pro. Perfect for seamless visual/design automation.', 'Productivity Engine', 3, 0, 1);
INSERT INTO website_intents (website_id, intent_id) VALUES (245, 6);
INSERT INTO website_intents (website_id, intent_id) VALUES (245, 1);
INSERT INTO website_personas (website_id, persona_id) VALUES (245, 1);
INSERT INTO websites (id, name, slug, url, short_description, purpose, category_id, click_count, is_active) VALUES (246, 'HyperFlow', 'hyperflow-4259', 'https://hyperflow-4259.com', 'An incredibly advanced AI tool revolutionizing the way you handle visual/design. Try HyperFlow today.', 'Creative Studio', 3, 0, 1);
INSERT INTO website_intents (website_id, intent_id) VALUES (246, 4);
INSERT INTO website_personas (website_id, persona_id) VALUES (246, 1);
INSERT INTO websites (id, name, slug, url, short_description, purpose, category_id, click_count, is_active) VALUES (247, 'ZenBot', 'zenbot-1903', 'https://zenbot-1903.com', 'An incredibly advanced AI tool revolutionizing the way you handle visual/design. Try ZenBot today.', 'Productivity Engine', 3, 0, 1);
INSERT INTO website_intents (website_id, intent_id) VALUES (247, 3);
INSERT INTO website_intents (website_id, intent_id) VALUES (247, 6);
INSERT INTO website_personas (website_id, persona_id) VALUES (247, 6);
INSERT INTO websites (id, name, slug, url, short_description, purpose, category_id, click_count, is_active) VALUES (248, 'QuickAI', 'quickai-3386', 'https://quickai-3386.com', 'Enhance your productivity with QuickAI. Perfect for seamless visual/design automation.', 'Creative Studio', 3, 0, 1);
INSERT INTO website_intents (website_id, intent_id) VALUES (248, 5);
INSERT INTO website_personas (website_id, persona_id) VALUES (248, 3);
INSERT INTO website_personas (website_id, persona_id) VALUES (248, 1);
INSERT INTO websites (id, name, slug, url, short_description, purpose, category_id, click_count, is_active) VALUES (249, 'SyntheSync', 'synthesync-6667', 'https://synthesync-6667.com', 'An incredibly advanced AI tool revolutionizing the way you handle visual/design. Try SyntheSync today.', 'Productivity Engine', 3, 0, 1);
INSERT INTO website_intents (website_id, intent_id) VALUES (249, 2);
INSERT INTO website_personas (website_id, persona_id) VALUES (249, 2);
INSERT INTO websites (id, name, slug, url, short_description, purpose, category_id, click_count, is_active) VALUES (250, 'SmartGen Pro', 'smartgen-pro-2039', 'https://smartgen-pro-2039.com', 'An incredibly advanced AI tool revolutionizing the way you handle visual/design. Try SmartGen Pro today.', 'Creative Studio', 3, 0, 1);
INSERT INTO website_intents (website_id, intent_id) VALUES (250, 4);
INSERT INTO website_intents (website_id, intent_id) VALUES (250, 1);
INSERT INTO website_personas (website_id, persona_id) VALUES (250, 5);
INSERT INTO websites (id, name, slug, url, short_description, purpose, category_id, click_count, is_active) VALUES (251, 'VibeSync Pro', 'vibesync-pro-9235', 'https://vibesync-pro-9235.com', 'Enhance your productivity with VibeSync Pro. Perfect for seamless visual/design automation.', 'Productivity Engine', 3, 0, 1);
INSERT INTO website_intents (website_id, intent_id) VALUES (251, 2);
INSERT INTO website_intents (website_id, intent_id) VALUES (251, 5);
INSERT INTO website_personas (website_id, persona_id) VALUES (251, 6);
INSERT INTO website_personas (website_id, persona_id) VALUES (251, 1);
INSERT INTO websites (id, name, slug, url, short_description, purpose, category_id, click_count, is_active) VALUES (252, 'CogniAI Pro', 'cogniai-pro-3164', 'https://cogniai-pro-3164.com', 'An incredibly advanced AI tool revolutionizing the way you handle visual/design. Try CogniAI Pro today.', 'Creative Studio', 3, 0, 1);
INSERT INTO website_intents (website_id, intent_id) VALUES (252, 4);
INSERT INTO website_personas (website_id, persona_id) VALUES (252, 1);
INSERT INTO website_personas (website_id, persona_id) VALUES (252, 4);
INSERT INTO websites (id, name, slug, url, short_description, purpose, category_id, click_count, is_active) VALUES (253, 'ProCraft Pro', 'procraft-pro-9195', 'https://procraft-pro-9195.com', 'An incredibly advanced AI tool revolutionizing the way you handle visual/design. Try ProCraft Pro today.', 'Productivity Engine', 3, 0, 1);
INSERT INTO website_intents (website_id, intent_id) VALUES (253, 1);
INSERT INTO website_intents (website_id, intent_id) VALUES (253, 2);
INSERT INTO website_personas (website_id, persona_id) VALUES (253, 1);
INSERT INTO websites (id, name, slug, url, short_description, purpose, category_id, click_count, is_active) VALUES (254, 'HyperGen Pro', 'hypergen-pro-2785', 'https://hypergen-pro-2785.com', 'Enhance your productivity with HyperGen Pro. Perfect for seamless visual/design automation.', 'Creative Studio', 3, 0, 1);
INSERT INTO website_intents (website_id, intent_id) VALUES (254, 4);
INSERT INTO website_personas (website_id, persona_id) VALUES (254, 6);
INSERT INTO website_personas (website_id, persona_id) VALUES (254, 4);
INSERT INTO websites (id, name, slug, url, short_description, purpose, category_id, click_count, is_active) VALUES (255, 'AutoBot', 'autobot-4223', 'https://autobot-4223.com', 'An incredibly advanced AI tool revolutionizing the way you handle visual/design. Try AutoBot today.', 'Productivity Engine', 3, 0, 1);
INSERT INTO website_intents (website_id, intent_id) VALUES (255, 6);
INSERT INTO website_intents (website_id, intent_id) VALUES (255, 3);
INSERT INTO website_personas (website_id, persona_id) VALUES (255, 4);
INSERT INTO website_personas (website_id, persona_id) VALUES (255, 5);
INSERT INTO websites (id, name, slug, url, short_description, purpose, category_id, click_count, is_active) VALUES (256, 'SmartMind', 'smartmind-4558', 'https://smartmind-4558.com', 'An incredibly advanced AI tool revolutionizing the way you handle visual/design. Try SmartMind today.', 'Creative Studio', 3, 0, 1);
INSERT INTO website_intents (website_id, intent_id) VALUES (256, 6);
INSERT INTO website_personas (website_id, persona_id) VALUES (256, 1);
INSERT INTO websites (id, name, slug, url, short_description, purpose, category_id, click_count, is_active) VALUES (257, 'HyperSync', 'hypersync-7289', 'https://hypersync-7289.com', 'Enhance your productivity with HyperSync. Perfect for seamless visual/design automation.', 'Productivity Engine', 3, 0, 1);
INSERT INTO website_intents (website_id, intent_id) VALUES (257, 3);
INSERT INTO website_intents (website_id, intent_id) VALUES (257, 2);
INSERT INTO website_personas (website_id, persona_id) VALUES (257, 3);
INSERT INTO website_personas (website_id, persona_id) VALUES (257, 4);
INSERT INTO websites (id, name, slug, url, short_description, purpose, category_id, click_count, is_active) VALUES (258, 'DeepAI Pro', 'deepai-pro-2282', 'https://deepai-pro-2282.com', 'An incredibly advanced AI tool revolutionizing the way you handle visual/design. Try DeepAI Pro today.', 'Creative Studio', 3, 0, 1);
INSERT INTO website_intents (website_id, intent_id) VALUES (258, 6);
INSERT INTO website_intents (website_id, intent_id) VALUES (258, 4);
INSERT INTO website_personas (website_id, persona_id) VALUES (258, 1);
INSERT INTO website_personas (website_id, persona_id) VALUES (258, 5);
INSERT INTO websites (id, name, slug, url, short_description, purpose, category_id, click_count, is_active) VALUES (259, 'HyperBase', 'hyperbase-9235', 'https://hyperbase-9235.com', 'An incredibly advanced AI tool revolutionizing the way you handle visual/design. Try HyperBase today.', 'Productivity Engine', 3, 0, 1);
INSERT INTO website_intents (website_id, intent_id) VALUES (259, 1);
INSERT INTO website_intents (website_id, intent_id) VALUES (259, 2);
INSERT INTO website_personas (website_id, persona_id) VALUES (259, 6);
INSERT INTO websites (id, name, slug, url, short_description, purpose, category_id, click_count, is_active) VALUES (260, 'GeniForge', 'geniforge-5591', 'https://geniforge-5591.com', 'Enhance your productivity with GeniForge. Perfect for seamless visual/design automation.', 'Creative Studio', 3, 0, 1);
INSERT INTO website_intents (website_id, intent_id) VALUES (260, 3);
INSERT INTO website_personas (website_id, persona_id) VALUES (260, 6);
INSERT INTO website_personas (website_id, persona_id) VALUES (260, 3);
INSERT INTO websites (id, name, slug, url, short_description, purpose, category_id, click_count, is_active) VALUES (261, 'Synthely', 'synthely-8577', 'https://synthely-8577.com', 'An incredibly advanced AI tool revolutionizing the way you handle visual/design. Try Synthely today.', 'Productivity Engine', 3, 0, 1);
INSERT INTO website_intents (website_id, intent_id) VALUES (261, 3);
INSERT INTO website_personas (website_id, persona_id) VALUES (261, 2);
INSERT INTO websites (id, name, slug, url, short_description, purpose, category_id, click_count, is_active) VALUES (262, 'HyperCraft', 'hypercraft-3854', 'https://hypercraft-3854.com', 'An incredibly advanced AI tool revolutionizing the way you handle visual/design. Try HyperCraft today.', 'Creative Studio', 3, 0, 1);
INSERT INTO website_intents (website_id, intent_id) VALUES (262, 3);
INSERT INTO website_personas (website_id, persona_id) VALUES (262, 6);
INSERT INTO website_personas (website_id, persona_id) VALUES (262, 5);
INSERT INTO websites (id, name, slug, url, short_description, purpose, category_id, click_count, is_active) VALUES (263, 'Hyperify Pro', 'hyperify-pro-4891', 'https://hyperify-pro-4891.com', 'Enhance your productivity with Hyperify Pro. Perfect for seamless visual/design automation.', 'Productivity Engine', 3, 0, 1);
INSERT INTO website_intents (website_id, intent_id) VALUES (263, 6);
INSERT INTO website_personas (website_id, persona_id) VALUES (263, 2);
INSERT INTO websites (id, name, slug, url, short_description, purpose, category_id, click_count, is_active) VALUES (264, 'ZenBot', 'zenbot-394', 'https://zenbot-394.com', 'An incredibly advanced AI tool revolutionizing the way you handle visual/design. Try ZenBot today.', 'Creative Studio', 3, 0, 1);
INSERT INTO website_intents (website_id, intent_id) VALUES (264, 5);
INSERT INTO website_personas (website_id, persona_id) VALUES (264, 4);
INSERT INTO website_personas (website_id, persona_id) VALUES (264, 2);
INSERT INTO websites (id, name, slug, url, short_description, purpose, category_id, click_count, is_active) VALUES (265, 'VibeCraft Pro', 'vibecraft-pro-7682', 'https://vibecraft-pro-7682.com', 'An incredibly advanced AI tool revolutionizing the way you handle visual/design. Try VibeCraft Pro today.', 'Productivity Engine', 3, 0, 1);
INSERT INTO website_intents (website_id, intent_id) VALUES (265, 1);
INSERT INTO website_intents (website_id, intent_id) VALUES (265, 6);
INSERT INTO website_personas (website_id, persona_id) VALUES (265, 3);
INSERT INTO website_personas (website_id, persona_id) VALUES (265, 2);
INSERT INTO websites (id, name, slug, url, short_description, purpose, category_id, click_count, is_active) VALUES (266, 'ZenForge', 'zenforge-643', 'https://zenforge-643.com', 'Enhance your productivity with ZenForge. Perfect for seamless visual/design automation.', 'Creative Studio', 3, 0, 1);
INSERT INTO website_intents (website_id, intent_id) VALUES (266, 4);
INSERT INTO website_personas (website_id, persona_id) VALUES (266, 2);
INSERT INTO website_personas (website_id, persona_id) VALUES (266, 4);
INSERT INTO websites (id, name, slug, url, short_description, purpose, category_id, click_count, is_active) VALUES (267, 'SyntheGen Pro', 'synthegen-pro-2860', 'https://synthegen-pro-2860.com', 'An incredibly advanced AI tool revolutionizing the way you handle visual/design. Try SyntheGen Pro today.', 'Productivity Engine', 3, 0, 1);
INSERT INTO website_intents (website_id, intent_id) VALUES (267, 1);
INSERT INTO website_personas (website_id, persona_id) VALUES (267, 6);
INSERT INTO websites (id, name, slug, url, short_description, purpose, category_id, click_count, is_active) VALUES (268, 'VibeGen', 'vibegen-6359', 'https://vibegen-6359.com', 'An incredibly advanced AI tool revolutionizing the way you handle visual/design. Try VibeGen today.', 'Creative Studio', 3, 0, 1);
INSERT INTO website_intents (website_id, intent_id) VALUES (268, 4);
INSERT INTO website_intents (website_id, intent_id) VALUES (268, 5);
INSERT INTO website_personas (website_id, persona_id) VALUES (268, 4);
INSERT INTO websites (id, name, slug, url, short_description, purpose, category_id, click_count, is_active) VALUES (269, 'SyntheAI Pro', 'syntheai-pro-9680', 'https://syntheai-pro-9680.com', 'Enhance your productivity with SyntheAI Pro. Perfect for seamless visual/design automation.', 'Productivity Engine', 3, 0, 1);
INSERT INTO website_intents (website_id, intent_id) VALUES (269, 4);
INSERT INTO website_intents (website_id, intent_id) VALUES (269, 2);
INSERT INTO website_personas (website_id, persona_id) VALUES (269, 1);
INSERT INTO website_personas (website_id, persona_id) VALUES (269, 2);
INSERT INTO websites (id, name, slug, url, short_description, purpose, category_id, click_count, is_active) VALUES (270, 'GeniSync', 'genisync-6563', 'https://genisync-6563.com', 'An incredibly advanced AI tool revolutionizing the way you handle visual/design. Try GeniSync today.', 'Creative Studio', 3, 0, 1);
INSERT INTO website_intents (website_id, intent_id) VALUES (270, 3);
INSERT INTO website_personas (website_id, persona_id) VALUES (270, 1);
INSERT INTO website_personas (website_id, persona_id) VALUES (270, 2);
INSERT INTO websites (id, name, slug, url, short_description, purpose, category_id, click_count, is_active) VALUES (271, 'Flowly Pro', 'flowly-pro-8551', 'https://flowly-pro-8551.com', 'An incredibly advanced AI tool revolutionizing the way you handle visual/design. Try Flowly Pro today.', 'Productivity Engine', 3, 0, 1);
INSERT INTO website_intents (website_id, intent_id) VALUES (271, 2);
INSERT INTO website_personas (website_id, persona_id) VALUES (271, 1);
INSERT INTO website_personas (website_id, persona_id) VALUES (271, 5);
INSERT INTO websites (id, name, slug, url, short_description, purpose, category_id, click_count, is_active) VALUES (272, 'NextMind Pro', 'nextmind-pro-6963', 'https://nextmind-pro-6963.com', 'Enhance your productivity with NextMind Pro. Perfect for seamless visual/design automation.', 'Creative Studio', 3, 0, 1);
INSERT INTO website_intents (website_id, intent_id) VALUES (272, 1);
INSERT INTO website_personas (website_id, persona_id) VALUES (272, 1);
INSERT INTO websites (id, name, slug, url, short_description, purpose, category_id, click_count, is_active) VALUES (273, 'ProAI', 'proai-7549', 'https://proai-7549.com', 'An incredibly advanced AI tool revolutionizing the way you handle visual/design. Try ProAI today.', 'Productivity Engine', 3, 0, 1);
INSERT INTO website_intents (website_id, intent_id) VALUES (273, 4);
INSERT INTO website_personas (website_id, persona_id) VALUES (273, 2);
INSERT INTO website_personas (website_id, persona_id) VALUES (273, 1);
INSERT INTO websites (id, name, slug, url, short_description, purpose, category_id, click_count, is_active) VALUES (274, 'VibeBase Pro', 'vibebase-pro-7190', 'https://vibebase-pro-7190.com', 'An incredibly advanced AI tool revolutionizing the way you handle visual/design. Try VibeBase Pro today.', 'Creative Studio', 3, 0, 1);
INSERT INTO website_intents (website_id, intent_id) VALUES (274, 1);
INSERT INTO website_intents (website_id, intent_id) VALUES (274, 2);
INSERT INTO website_personas (website_id, persona_id) VALUES (274, 6);
INSERT INTO websites (id, name, slug, url, short_description, purpose, category_id, click_count, is_active) VALUES (275, 'DeepBase', 'deepbase-6971', 'https://deepbase-6971.com', 'Enhance your productivity with DeepBase. Perfect for seamless visual/design automation.', 'Productivity Engine', 3, 0, 1);
INSERT INTO website_intents (website_id, intent_id) VALUES (275, 4);
INSERT INTO website_personas (website_id, persona_id) VALUES (275, 4);
INSERT INTO website_personas (website_id, persona_id) VALUES (275, 5);
INSERT INTO websites (id, name, slug, url, short_description, purpose, category_id, click_count, is_active) VALUES (276, 'Nextify Pro', 'nextify-pro-3485', 'https://nextify-pro-3485.com', 'An incredibly advanced AI tool revolutionizing the way you handle visual/design. Try Nextify Pro today.', 'Creative Studio', 3, 0, 1);
INSERT INTO website_intents (website_id, intent_id) VALUES (276, 1);
INSERT INTO website_personas (website_id, persona_id) VALUES (276, 2);
INSERT INTO website_personas (website_id, persona_id) VALUES (276, 3);
INSERT INTO websites (id, name, slug, url, short_description, purpose, category_id, click_count, is_active) VALUES (277, 'SmartFlow', 'smartflow-9234', 'https://smartflow-9234.com', 'An incredibly advanced AI tool revolutionizing the way you handle visual/design. Try SmartFlow today.', 'Productivity Engine', 3, 0, 1);
INSERT INTO website_intents (website_id, intent_id) VALUES (277, 5);
INSERT INTO website_intents (website_id, intent_id) VALUES (277, 4);
INSERT INTO website_personas (website_id, persona_id) VALUES (277, 5);
INSERT INTO website_personas (website_id, persona_id) VALUES (277, 1);
INSERT INTO websites (id, name, slug, url, short_description, purpose, category_id, click_count, is_active) VALUES (278, 'HyperMind', 'hypermind-935', 'https://hypermind-935.com', 'Enhance your productivity with HyperMind. Perfect for seamless visual/design automation.', 'Creative Studio', 3, 0, 1);
INSERT INTO website_intents (website_id, intent_id) VALUES (278, 1);
INSERT INTO website_intents (website_id, intent_id) VALUES (278, 5);
INSERT INTO website_personas (website_id, persona_id) VALUES (278, 5);
INSERT INTO websites (id, name, slug, url, short_description, purpose, category_id, click_count, is_active) VALUES (279, 'Vibeify', 'vibeify-6554', 'https://vibeify-6554.com', 'An incredibly advanced AI tool revolutionizing the way you handle visual/design. Try Vibeify today.', 'Productivity Engine', 3, 0, 1);
INSERT INTO website_intents (website_id, intent_id) VALUES (279, 1);
INSERT INTO website_intents (website_id, intent_id) VALUES (279, 2);
INSERT INTO website_personas (website_id, persona_id) VALUES (279, 6);
INSERT INTO websites (id, name, slug, url, short_description, purpose, category_id, click_count, is_active) VALUES (280, 'ZenMind', 'zenmind-9001', 'https://zenmind-9001.com', 'An incredibly advanced AI tool revolutionizing the way you handle visual/design. Try ZenMind today.', 'Creative Studio', 3, 0, 1);
INSERT INTO website_intents (website_id, intent_id) VALUES (280, 4);
INSERT INTO website_personas (website_id, persona_id) VALUES (280, 6);
INSERT INTO website_personas (website_id, persona_id) VALUES (280, 5);
INSERT INTO websites (id, name, slug, url, short_description, purpose, category_id, click_count, is_active) VALUES (281, 'GeniAI', 'geniai-5833', 'https://geniai-5833.com', 'Enhance your productivity with GeniAI. Perfect for seamless visual/design automation.', 'Productivity Engine', 3, 0, 1);
INSERT INTO website_intents (website_id, intent_id) VALUES (281, 4);
INSERT INTO website_intents (website_id, intent_id) VALUES (281, 6);
INSERT INTO website_personas (website_id, persona_id) VALUES (281, 4);
INSERT INTO website_personas (website_id, persona_id) VALUES (281, 3);
INSERT INTO websites (id, name, slug, url, short_description, purpose, category_id, click_count, is_active) VALUES (282, 'FlowForge', 'flowforge-941', 'https://flowforge-941.com', 'An incredibly advanced AI tool revolutionizing the way you handle visual/design. Try FlowForge today.', 'Creative Studio', 3, 0, 1);
INSERT INTO website_intents (website_id, intent_id) VALUES (282, 1);
INSERT INTO website_personas (website_id, persona_id) VALUES (282, 5);
INSERT INTO websites (id, name, slug, url, short_description, purpose, category_id, click_count, is_active) VALUES (283, 'FlowBase', 'flowbase-5296', 'https://flowbase-5296.com', 'An incredibly advanced AI tool revolutionizing the way you handle visual/design. Try FlowBase today.', 'Productivity Engine', 3, 0, 1);
INSERT INTO website_intents (website_id, intent_id) VALUES (283, 2);
INSERT INTO website_personas (website_id, persona_id) VALUES (283, 2);
INSERT INTO websites (id, name, slug, url, short_description, purpose, category_id, click_count, is_active) VALUES (284, 'SyntheBot', 'synthebot-5867', 'https://synthebot-5867.com', 'Enhance your productivity with SyntheBot. Perfect for seamless visual/design automation.', 'Creative Studio', 3, 0, 1);
INSERT INTO website_intents (website_id, intent_id) VALUES (284, 6);
INSERT INTO website_personas (website_id, persona_id) VALUES (284, 6);
INSERT INTO websites (id, name, slug, url, short_description, purpose, category_id, click_count, is_active) VALUES (285, 'SmartMind', 'smartmind-7882', 'https://smartmind-7882.com', 'An incredibly advanced AI tool revolutionizing the way you handle visual/design. Try SmartMind today.', 'Productivity Engine', 3, 0, 1);
INSERT INTO website_intents (website_id, intent_id) VALUES (285, 3);
INSERT INTO website_personas (website_id, persona_id) VALUES (285, 6);
INSERT INTO websites (id, name, slug, url, short_description, purpose, category_id, click_count, is_active) VALUES (286, 'HyperBot', 'hyperbot-163', 'https://hyperbot-163.com', 'An incredibly advanced AI tool revolutionizing the way you handle visual/design. Try HyperBot today.', 'Creative Studio', 3, 0, 1);
INSERT INTO website_intents (website_id, intent_id) VALUES (286, 6);
INSERT INTO website_personas (website_id, persona_id) VALUES (286, 2);
INSERT INTO websites (id, name, slug, url, short_description, purpose, category_id, click_count, is_active) VALUES (287, 'SyntheBot', 'synthebot-5038', 'https://synthebot-5038.com', 'Enhance your productivity with SyntheBot. Perfect for seamless visual/design automation.', 'Productivity Engine', 3, 0, 1);
INSERT INTO website_intents (website_id, intent_id) VALUES (287, 1);
INSERT INTO website_personas (website_id, persona_id) VALUES (287, 1);
INSERT INTO websites (id, name, slug, url, short_description, purpose, category_id, click_count, is_active) VALUES (288, 'GeniBase', 'genibase-6193', 'https://genibase-6193.com', 'An incredibly advanced AI tool revolutionizing the way you handle visual/design. Try GeniBase today.', 'Creative Studio', 3, 0, 1);
INSERT INTO website_intents (website_id, intent_id) VALUES (288, 4);
INSERT INTO website_personas (website_id, persona_id) VALUES (288, 1);
INSERT INTO websites (id, name, slug, url, short_description, purpose, category_id, click_count, is_active) VALUES (289, 'Smartly', 'smartly-5832', 'https://smartly-5832.com', 'An incredibly advanced AI tool revolutionizing the way you handle visual/design. Try Smartly today.', 'Productivity Engine', 3, 0, 1);
INSERT INTO website_intents (website_id, intent_id) VALUES (289, 2);
INSERT INTO website_personas (website_id, persona_id) VALUES (289, 1);
INSERT INTO websites (id, name, slug, url, short_description, purpose, category_id, click_count, is_active) VALUES (290, 'SmartAI Pro', 'smartai-pro-7227', 'https://smartai-pro-7227.com', 'Enhance your productivity with SmartAI Pro. Perfect for seamless visual/design automation.', 'Creative Studio', 3, 0, 1);
INSERT INTO website_intents (website_id, intent_id) VALUES (290, 3);
INSERT INTO website_personas (website_id, persona_id) VALUES (290, 4);
INSERT INTO websites (id, name, slug, url, short_description, purpose, category_id, click_count, is_active) VALUES (291, 'GeniBot', 'genibot-8929', 'https://genibot-8929.com', 'An incredibly advanced AI tool revolutionizing the way you handle visual/design. Try GeniBot today.', 'Productivity Engine', 3, 0, 1);
INSERT INTO website_intents (website_id, intent_id) VALUES (291, 4);
INSERT INTO website_intents (website_id, intent_id) VALUES (291, 3);
INSERT INTO website_personas (website_id, persona_id) VALUES (291, 1);
INSERT INTO website_personas (website_id, persona_id) VALUES (291, 6);
INSERT INTO websites (id, name, slug, url, short_description, purpose, category_id, click_count, is_active) VALUES (292, 'SmartSync', 'smartsync-4050', 'https://smartsync-4050.com', 'An incredibly advanced AI tool revolutionizing the way you handle visual/design. Try SmartSync today.', 'Creative Studio', 3, 0, 1);
INSERT INTO website_intents (website_id, intent_id) VALUES (292, 1);
INSERT INTO website_intents (website_id, intent_id) VALUES (292, 4);
INSERT INTO website_personas (website_id, persona_id) VALUES (292, 1);
INSERT INTO websites (id, name, slug, url, short_description, purpose, category_id, click_count, is_active) VALUES (293, 'HyperGen', 'hypergen-2326', 'https://hypergen-2326.com', 'Enhance your productivity with HyperGen. Perfect for seamless visual/design automation.', 'Productivity Engine', 3, 0, 1);
INSERT INTO website_intents (website_id, intent_id) VALUES (293, 6);
INSERT INTO website_personas (website_id, persona_id) VALUES (293, 4);
INSERT INTO websites (id, name, slug, url, short_description, purpose, category_id, click_count, is_active) VALUES (294, 'Zenify', 'zenify-829', 'https://zenify-829.com', 'An incredibly advanced AI tool revolutionizing the way you handle visual/design. Try Zenify today.', 'Creative Studio', 3, 0, 1);
INSERT INTO website_intents (website_id, intent_id) VALUES (294, 3);
INSERT INTO website_personas (website_id, persona_id) VALUES (294, 5);
INSERT INTO website_personas (website_id, persona_id) VALUES (294, 1);
INSERT INTO websites (id, name, slug, url, short_description, purpose, category_id, click_count, is_active) VALUES (295, 'Zenify', 'zenify-5537', 'https://zenify-5537.com', 'An incredibly advanced AI tool revolutionizing the way you handle visual/design. Try Zenify today.', 'Productivity Engine', 3, 0, 1);
INSERT INTO website_intents (website_id, intent_id) VALUES (295, 1);
INSERT INTO website_intents (website_id, intent_id) VALUES (295, 5);
INSERT INTO website_personas (website_id, persona_id) VALUES (295, 6);
INSERT INTO websites (id, name, slug, url, short_description, purpose, category_id, click_count, is_active) VALUES (296, 'AutoForge', 'autoforge-7211', 'https://autoforge-7211.com', 'Enhance your productivity with AutoForge. Perfect for seamless visual/design automation.', 'Creative Studio', 3, 0, 1);
INSERT INTO website_intents (website_id, intent_id) VALUES (296, 3);
INSERT INTO website_intents (website_id, intent_id) VALUES (296, 4);
INSERT INTO website_personas (website_id, persona_id) VALUES (296, 1);
INSERT INTO website_personas (website_id, persona_id) VALUES (296, 2);
INSERT INTO websites (id, name, slug, url, short_description, purpose, category_id, click_count, is_active) VALUES (297, 'DeepMate Pro', 'deepmate-pro-613', 'https://deepmate-pro-613.com', 'An incredibly advanced AI tool revolutionizing the way you handle visual/design. Try DeepMate Pro today.', 'Productivity Engine', 3, 0, 1);
INSERT INTO website_intents (website_id, intent_id) VALUES (297, 2);
INSERT INTO website_intents (website_id, intent_id) VALUES (297, 1);
INSERT INTO website_personas (website_id, persona_id) VALUES (297, 1);
INSERT INTO websites (id, name, slug, url, short_description, purpose, category_id, click_count, is_active) VALUES (298, 'AutoAI', 'autoai-3281', 'https://autoai-3281.com', 'An incredibly advanced AI tool revolutionizing the way you handle visual/design. Try AutoAI today.', 'Creative Studio', 3, 0, 1);
INSERT INTO website_intents (website_id, intent_id) VALUES (298, 2);
INSERT INTO website_personas (website_id, persona_id) VALUES (298, 1);
INSERT INTO website_personas (website_id, persona_id) VALUES (298, 2);
INSERT INTO websites (id, name, slug, url, short_description, purpose, category_id, click_count, is_active) VALUES (299, 'Smartify', 'smartify-2751', 'https://smartify-2751.com', 'Enhance your productivity with Smartify. Perfect for seamless visual/design automation.', 'Productivity Engine', 3, 0, 1);
INSERT INTO website_intents (website_id, intent_id) VALUES (299, 3);
INSERT INTO website_intents (website_id, intent_id) VALUES (299, 6);
INSERT INTO website_personas (website_id, persona_id) VALUES (299, 5);
INSERT INTO website_personas (website_id, persona_id) VALUES (299, 1);
INSERT INTO websites (id, name, slug, url, short_description, purpose, category_id, click_count, is_active) VALUES (300, 'VibeMind Pro', 'vibemind-pro-7925', 'https://vibemind-pro-7925.com', 'An incredibly advanced AI tool revolutionizing the way you handle visual/design. Try VibeMind Pro today.', 'Creative Studio', 3, 0, 1);
INSERT INTO website_intents (website_id, intent_id) VALUES (300, 1);
INSERT INTO website_intents (website_id, intent_id) VALUES (300, 4);
INSERT INTO website_personas (website_id, persona_id) VALUES (300, 3);
INSERT INTO website_personas (website_id, persona_id) VALUES (300, 1);
INSERT INTO websites (id, name, slug, url, short_description, purpose, category_id, click_count, is_active) VALUES (301, 'SmartGen', 'smartgen-423', 'https://smartgen-423.com', 'An incredibly advanced AI tool revolutionizing the way you handle visual/design. Try SmartGen today.', 'Productivity Engine', 3, 0, 1);
INSERT INTO website_intents (website_id, intent_id) VALUES (301, 1);
INSERT INTO website_intents (website_id, intent_id) VALUES (301, 6);
INSERT INTO website_personas (website_id, persona_id) VALUES (301, 3);
INSERT INTO website_personas (website_id, persona_id) VALUES (301, 2);
INSERT INTO websites (id, name, slug, url, short_description, purpose, category_id, click_count, is_active) VALUES (302, 'SmartMind', 'smartmind-4612', 'https://smartmind-4612.com', 'Enhance your productivity with SmartMind. Perfect for seamless visual/design automation.', 'Creative Studio', 3, 0, 1);
INSERT INTO website_intents (website_id, intent_id) VALUES (302, 5);
INSERT INTO website_intents (website_id, intent_id) VALUES (302, 3);
INSERT INTO website_personas (website_id, persona_id) VALUES (302, 2);
INSERT INTO website_personas (website_id, persona_id) VALUES (302, 1);
INSERT INTO websites (id, name, slug, url, short_description, purpose, category_id, click_count, is_active) VALUES (303, 'SyntheCraft Pro', 'synthecraft-pro-2774', 'https://synthecraft-pro-2774.com', 'An incredibly advanced AI tool revolutionizing the way you handle visual/design. Try SyntheCraft Pro today.', 'Productivity Engine', 3, 0, 1);
INSERT INTO website_intents (website_id, intent_id) VALUES (303, 1);
INSERT INTO website_personas (website_id, persona_id) VALUES (303, 4);
INSERT INTO websites (id, name, slug, url, short_description, purpose, category_id, click_count, is_active) VALUES (304, 'NextBot Pro', 'nextbot-pro-3973', 'https://nextbot-pro-3973.com', 'An incredibly advanced AI tool revolutionizing the way you handle visual/design. Try NextBot Pro today.', 'Creative Studio', 3, 0, 1);
INSERT INTO website_intents (website_id, intent_id) VALUES (304, 4);
INSERT INTO website_intents (website_id, intent_id) VALUES (304, 6);
INSERT INTO website_personas (website_id, persona_id) VALUES (304, 6);
INSERT INTO website_personas (website_id, persona_id) VALUES (304, 4);
INSERT INTO websites (id, name, slug, url, short_description, purpose, category_id, click_count, is_active) VALUES (305, 'HyperBase Pro', 'hyperbase-pro-8613', 'https://hyperbase-pro-8613.com', 'Enhance your productivity with HyperBase Pro. Perfect for seamless visual/design automation.', 'Productivity Engine', 3, 0, 1);
INSERT INTO website_intents (website_id, intent_id) VALUES (305, 2);
INSERT INTO website_intents (website_id, intent_id) VALUES (305, 1);
INSERT INTO website_personas (website_id, persona_id) VALUES (305, 1);
INSERT INTO websites (id, name, slug, url, short_description, purpose, category_id, click_count, is_active) VALUES (306, 'ZenForge Pro', 'zenforge-pro-8306', 'https://zenforge-pro-8306.com', 'An incredibly advanced AI tool revolutionizing the way you handle visual/design. Try ZenForge Pro today.', 'Creative Studio', 3, 0, 1);
INSERT INTO website_intents (website_id, intent_id) VALUES (306, 5);
INSERT INTO website_personas (website_id, persona_id) VALUES (306, 1);
INSERT INTO website_personas (website_id, persona_id) VALUES (306, 6);
INSERT INTO websites (id, name, slug, url, short_description, purpose, category_id, click_count, is_active) VALUES (307, 'NextBase Pro', 'nextbase-pro-9469', 'https://nextbase-pro-9469.com', 'An incredibly advanced AI tool revolutionizing the way you handle visual/design. Try NextBase Pro today.', 'Productivity Engine', 3, 0, 1);
INSERT INTO website_intents (website_id, intent_id) VALUES (307, 5);
INSERT INTO website_intents (website_id, intent_id) VALUES (307, 1);
INSERT INTO website_personas (website_id, persona_id) VALUES (307, 6);
INSERT INTO websites (id, name, slug, url, short_description, purpose, category_id, click_count, is_active) VALUES (308, 'QuickForge', 'quickforge-6529', 'https://quickforge-6529.com', 'Enhance your productivity with QuickForge. Perfect for seamless visual/design automation.', 'Creative Studio', 3, 0, 1);
INSERT INTO website_intents (website_id, intent_id) VALUES (308, 1);
INSERT INTO website_personas (website_id, persona_id) VALUES (308, 2);
INSERT INTO website_personas (website_id, persona_id) VALUES (308, 1);
INSERT INTO websites (id, name, slug, url, short_description, purpose, category_id, click_count, is_active) VALUES (309, 'GeniMate', 'genimate-2076', 'https://genimate-2076.com', 'An incredibly advanced AI tool revolutionizing the way you handle visual/design. Try GeniMate today.', 'Productivity Engine', 3, 0, 1);
INSERT INTO website_intents (website_id, intent_id) VALUES (309, 2);
INSERT INTO website_personas (website_id, persona_id) VALUES (309, 6);
INSERT INTO website_personas (website_id, persona_id) VALUES (309, 2);
INSERT INTO websites (id, name, slug, url, short_description, purpose, category_id, click_count, is_active) VALUES (310, 'ProAI', 'proai-4930', 'https://proai-4930.com', 'An incredibly advanced AI tool revolutionizing the way you handle visual/design. Try ProAI today.', 'Creative Studio', 3, 0, 1);
INSERT INTO website_intents (website_id, intent_id) VALUES (310, 4);
INSERT INTO website_personas (website_id, persona_id) VALUES (310, 5);
INSERT INTO websites (id, name, slug, url, short_description, purpose, category_id, click_count, is_active) VALUES (311, 'GeniAI', 'geniai-2383', 'https://geniai-2383.com', 'Enhance your productivity with GeniAI. Perfect for seamless visual/design automation.', 'Productivity Engine', 3, 0, 1);
INSERT INTO website_intents (website_id, intent_id) VALUES (311, 4);
INSERT INTO website_personas (website_id, persona_id) VALUES (311, 5);
INSERT INTO website_personas (website_id, persona_id) VALUES (311, 4);
INSERT INTO websites (id, name, slug, url, short_description, purpose, category_id, click_count, is_active) VALUES (312, 'CogniMind', 'cognimind-7966', 'https://cognimind-7966.com', 'An incredibly advanced AI tool revolutionizing the way you handle visual/design. Try CogniMind today.', 'Creative Studio', 3, 0, 1);
INSERT INTO website_intents (website_id, intent_id) VALUES (312, 4);
INSERT INTO website_personas (website_id, persona_id) VALUES (312, 5);
INSERT INTO websites (id, name, slug, url, short_description, purpose, category_id, click_count, is_active) VALUES (313, 'SyntheMind', 'synthemind-5077', 'https://synthemind-5077.com', 'An incredibly advanced AI tool revolutionizing the way you handle visual/design. Try SyntheMind today.', 'Productivity Engine', 3, 0, 1);
INSERT INTO website_intents (website_id, intent_id) VALUES (313, 1);
INSERT INTO website_intents (website_id, intent_id) VALUES (313, 5);
INSERT INTO website_personas (website_id, persona_id) VALUES (313, 5);
INSERT INTO website_personas (website_id, persona_id) VALUES (313, 1);
INSERT INTO websites (id, name, slug, url, short_description, purpose, category_id, click_count, is_active) VALUES (314, 'GeniForge', 'geniforge-5459', 'https://geniforge-5459.com', 'Enhance your productivity with GeniForge. Perfect for seamless visual/design automation.', 'Creative Studio', 3, 0, 1);
INSERT INTO website_intents (website_id, intent_id) VALUES (314, 2);
INSERT INTO website_personas (website_id, persona_id) VALUES (314, 3);
INSERT INTO website_personas (website_id, persona_id) VALUES (314, 2);
INSERT INTO websites (id, name, slug, url, short_description, purpose, category_id, click_count, is_active) VALUES (315, 'FlowCraft Pro', 'flowcraft-pro-8760', 'https://flowcraft-pro-8760.com', 'Enhance your productivity with FlowCraft Pro. Perfect for seamless research & analysis automation.', 'Productivity Engine', 4, 0, 1);
INSERT INTO website_intents (website_id, intent_id) VALUES (315, 1);
INSERT INTO website_personas (website_id, persona_id) VALUES (315, 6);
INSERT INTO website_personas (website_id, persona_id) VALUES (315, 3);
INSERT INTO websites (id, name, slug, url, short_description, purpose, category_id, click_count, is_active) VALUES (316, 'FlowMate', 'flowmate-7590', 'https://flowmate-7590.com', 'An incredibly advanced AI tool revolutionizing the way you handle research & analysis. Try FlowMate today.', 'Creative Studio', 4, 0, 1);
INSERT INTO website_intents (website_id, intent_id) VALUES (316, 4);
INSERT INTO website_personas (website_id, persona_id) VALUES (316, 6);
INSERT INTO websites (id, name, slug, url, short_description, purpose, category_id, click_count, is_active) VALUES (317, 'HyperGen', 'hypergen-6513', 'https://hypergen-6513.com', 'An incredibly advanced AI tool revolutionizing the way you handle research & analysis. Try HyperGen today.', 'Productivity Engine', 4, 0, 1);
INSERT INTO website_intents (website_id, intent_id) VALUES (317, 2);
INSERT INTO website_personas (website_id, persona_id) VALUES (317, 5);
INSERT INTO websites (id, name, slug, url, short_description, purpose, category_id, click_count, is_active) VALUES (318, 'HyperAI Pro', 'hyperai-pro-9213', 'https://hyperai-pro-9213.com', 'Enhance your productivity with HyperAI Pro. Perfect for seamless research & analysis automation.', 'Creative Studio', 4, 0, 1);
INSERT INTO website_intents (website_id, intent_id) VALUES (318, 4);
INSERT INTO website_intents (website_id, intent_id) VALUES (318, 3);
INSERT INTO website_personas (website_id, persona_id) VALUES (318, 1);
INSERT INTO websites (id, name, slug, url, short_description, purpose, category_id, click_count, is_active) VALUES (319, 'AutoBot Pro', 'autobot-pro-8048', 'https://autobot-pro-8048.com', 'An incredibly advanced AI tool revolutionizing the way you handle research & analysis. Try AutoBot Pro today.', 'Productivity Engine', 4, 0, 1);
INSERT INTO website_intents (website_id, intent_id) VALUES (319, 2);
INSERT INTO website_intents (website_id, intent_id) VALUES (319, 6);
INSERT INTO website_personas (website_id, persona_id) VALUES (319, 4);
INSERT INTO website_personas (website_id, persona_id) VALUES (319, 2);
INSERT INTO websites (id, name, slug, url, short_description, purpose, category_id, click_count, is_active) VALUES (320, 'SmartSync Pro', 'smartsync-pro-9607', 'https://smartsync-pro-9607.com', 'An incredibly advanced AI tool revolutionizing the way you handle research & analysis. Try SmartSync Pro today.', 'Creative Studio', 4, 0, 1);
INSERT INTO website_intents (website_id, intent_id) VALUES (320, 1);
INSERT INTO website_personas (website_id, persona_id) VALUES (320, 1);
INSERT INTO website_personas (website_id, persona_id) VALUES (320, 2);
INSERT INTO websites (id, name, slug, url, short_description, purpose, category_id, click_count, is_active) VALUES (321, 'Quickify', 'quickify-6447', 'https://quickify-6447.com', 'Enhance your productivity with Quickify. Perfect for seamless research & analysis automation.', 'Productivity Engine', 4, 0, 1);
INSERT INTO website_intents (website_id, intent_id) VALUES (321, 4);
INSERT INTO website_personas (website_id, persona_id) VALUES (321, 3);
INSERT INTO website_personas (website_id, persona_id) VALUES (321, 4);
INSERT INTO websites (id, name, slug, url, short_description, purpose, category_id, click_count, is_active) VALUES (322, 'FlowAI Pro', 'flowai-pro-3253', 'https://flowai-pro-3253.com', 'An incredibly advanced AI tool revolutionizing the way you handle research & analysis. Try FlowAI Pro today.', 'Creative Studio', 4, 0, 1);
INSERT INTO website_intents (website_id, intent_id) VALUES (322, 3);
INSERT INTO website_intents (website_id, intent_id) VALUES (322, 5);
INSERT INTO website_personas (website_id, persona_id) VALUES (322, 4);
INSERT INTO website_personas (website_id, persona_id) VALUES (322, 3);
INSERT INTO websites (id, name, slug, url, short_description, purpose, category_id, click_count, is_active) VALUES (323, 'SyntheSync', 'synthesync-3757', 'https://synthesync-3757.com', 'An incredibly advanced AI tool revolutionizing the way you handle research & analysis. Try SyntheSync today.', 'Productivity Engine', 4, 0, 1);
INSERT INTO website_intents (website_id, intent_id) VALUES (323, 6);
INSERT INTO website_intents (website_id, intent_id) VALUES (323, 1);
INSERT INTO website_personas (website_id, persona_id) VALUES (323, 4);
INSERT INTO websites (id, name, slug, url, short_description, purpose, category_id, click_count, is_active) VALUES (324, 'Hyperify', 'hyperify-9506', 'https://hyperify-9506.com', 'Enhance your productivity with Hyperify. Perfect for seamless research & analysis automation.', 'Creative Studio', 4, 0, 1);
INSERT INTO website_intents (website_id, intent_id) VALUES (324, 2);
INSERT INTO website_intents (website_id, intent_id) VALUES (324, 3);
INSERT INTO website_personas (website_id, persona_id) VALUES (324, 1);
INSERT INTO websites (id, name, slug, url, short_description, purpose, category_id, click_count, is_active) VALUES (325, 'HyperForge', 'hyperforge-4490', 'https://hyperforge-4490.com', 'An incredibly advanced AI tool revolutionizing the way you handle research & analysis. Try HyperForge today.', 'Productivity Engine', 4, 0, 1);
INSERT INTO website_intents (website_id, intent_id) VALUES (325, 6);
INSERT INTO website_intents (website_id, intent_id) VALUES (325, 1);
INSERT INTO website_personas (website_id, persona_id) VALUES (325, 2);
INSERT INTO website_personas (website_id, persona_id) VALUES (325, 4);
INSERT INTO websites (id, name, slug, url, short_description, purpose, category_id, click_count, is_active) VALUES (326, 'Deeply', 'deeply-9108', 'https://deeply-9108.com', 'An incredibly advanced AI tool revolutionizing the way you handle research & analysis. Try Deeply today.', 'Creative Studio', 4, 0, 1);
INSERT INTO website_intents (website_id, intent_id) VALUES (326, 3);
INSERT INTO website_intents (website_id, intent_id) VALUES (326, 2);
INSERT INTO website_personas (website_id, persona_id) VALUES (326, 3);
INSERT INTO websites (id, name, slug, url, short_description, purpose, category_id, click_count, is_active) VALUES (327, 'FlowCraft', 'flowcraft-6734', 'https://flowcraft-6734.com', 'Enhance your productivity with FlowCraft. Perfect for seamless research & analysis automation.', 'Productivity Engine', 4, 0, 1);
INSERT INTO website_intents (website_id, intent_id) VALUES (327, 5);
INSERT INTO website_personas (website_id, persona_id) VALUES (327, 1);
INSERT INTO websites (id, name, slug, url, short_description, purpose, category_id, click_count, is_active) VALUES (328, 'SyntheAI Pro', 'syntheai-pro-8792', 'https://syntheai-pro-8792.com', 'An incredibly advanced AI tool revolutionizing the way you handle research & analysis. Try SyntheAI Pro today.', 'Creative Studio', 4, 0, 1);
INSERT INTO website_intents (website_id, intent_id) VALUES (328, 3);
INSERT INTO website_intents (website_id, intent_id) VALUES (328, 4);
INSERT INTO website_personas (website_id, persona_id) VALUES (328, 2);
INSERT INTO website_personas (website_id, persona_id) VALUES (328, 4);
INSERT INTO websites (id, name, slug, url, short_description, purpose, category_id, click_count, is_active) VALUES (329, 'VibeMate', 'vibemate-5501', 'https://vibemate-5501.com', 'An incredibly advanced AI tool revolutionizing the way you handle research & analysis. Try VibeMate today.', 'Productivity Engine', 4, 0, 1);
INSERT INTO website_intents (website_id, intent_id) VALUES (329, 1);
INSERT INTO website_intents (website_id, intent_id) VALUES (329, 2);
INSERT INTO website_personas (website_id, persona_id) VALUES (329, 3);
INSERT INTO websites (id, name, slug, url, short_description, purpose, category_id, click_count, is_active) VALUES (330, 'CogniSync Pro', 'cognisync-pro-462', 'https://cognisync-pro-462.com', 'Enhance your productivity with CogniSync Pro. Perfect for seamless research & analysis automation.', 'Creative Studio', 4, 0, 1);
INSERT INTO website_intents (website_id, intent_id) VALUES (330, 3);
INSERT INTO website_personas (website_id, persona_id) VALUES (330, 4);
INSERT INTO websites (id, name, slug, url, short_description, purpose, category_id, click_count, is_active) VALUES (331, 'SmartCraft', 'smartcraft-7164', 'https://smartcraft-7164.com', 'An incredibly advanced AI tool revolutionizing the way you handle research & analysis. Try SmartCraft today.', 'Productivity Engine', 4, 0, 1);
INSERT INTO website_intents (website_id, intent_id) VALUES (331, 3);
INSERT INTO website_personas (website_id, persona_id) VALUES (331, 4);
INSERT INTO websites (id, name, slug, url, short_description, purpose, category_id, click_count, is_active) VALUES (332, 'AutoBot', 'autobot-6688', 'https://autobot-6688.com', 'An incredibly advanced AI tool revolutionizing the way you handle research & analysis. Try AutoBot today.', 'Creative Studio', 4, 0, 1);
INSERT INTO website_intents (website_id, intent_id) VALUES (332, 4);
INSERT INTO website_personas (website_id, persona_id) VALUES (332, 3);
INSERT INTO website_personas (website_id, persona_id) VALUES (332, 5);
INSERT INTO websites (id, name, slug, url, short_description, purpose, category_id, click_count, is_active) VALUES (333, 'NextBot', 'nextbot-4121', 'https://nextbot-4121.com', 'Enhance your productivity with NextBot. Perfect for seamless research & analysis automation.', 'Productivity Engine', 4, 0, 1);
INSERT INTO website_intents (website_id, intent_id) VALUES (333, 5);
INSERT INTO website_intents (website_id, intent_id) VALUES (333, 4);
INSERT INTO website_personas (website_id, persona_id) VALUES (333, 6);
INSERT INTO website_personas (website_id, persona_id) VALUES (333, 1);
INSERT INTO websites (id, name, slug, url, short_description, purpose, category_id, click_count, is_active) VALUES (334, 'VibeGen', 'vibegen-5160', 'https://vibegen-5160.com', 'An incredibly advanced AI tool revolutionizing the way you handle research & analysis. Try VibeGen today.', 'Creative Studio', 4, 0, 1);
INSERT INTO website_intents (website_id, intent_id) VALUES (334, 6);
INSERT INTO website_personas (website_id, persona_id) VALUES (334, 2);
INSERT INTO websites (id, name, slug, url, short_description, purpose, category_id, click_count, is_active) VALUES (335, 'Quickify Pro', 'quickify-pro-455', 'https://quickify-pro-455.com', 'An incredibly advanced AI tool revolutionizing the way you handle research & analysis. Try Quickify Pro today.', 'Productivity Engine', 4, 0, 1);
INSERT INTO website_intents (website_id, intent_id) VALUES (335, 3);
INSERT INTO website_intents (website_id, intent_id) VALUES (335, 1);
INSERT INTO website_personas (website_id, persona_id) VALUES (335, 4);
INSERT INTO websites (id, name, slug, url, short_description, purpose, category_id, click_count, is_active) VALUES (336, 'FlowBase Pro', 'flowbase-pro-2397', 'https://flowbase-pro-2397.com', 'Enhance your productivity with FlowBase Pro. Perfect for seamless research & analysis automation.', 'Creative Studio', 4, 0, 1);
INSERT INTO website_intents (website_id, intent_id) VALUES (336, 1);
INSERT INTO website_intents (website_id, intent_id) VALUES (336, 2);
INSERT INTO website_personas (website_id, persona_id) VALUES (336, 1);
INSERT INTO websites (id, name, slug, url, short_description, purpose, category_id, click_count, is_active) VALUES (337, 'DeepBase', 'deepbase-8628', 'https://deepbase-8628.com', 'An incredibly advanced AI tool revolutionizing the way you handle research & analysis. Try DeepBase today.', 'Productivity Engine', 4, 0, 1);
INSERT INTO website_intents (website_id, intent_id) VALUES (337, 1);
INSERT INTO website_intents (website_id, intent_id) VALUES (337, 2);
INSERT INTO website_personas (website_id, persona_id) VALUES (337, 3);
INSERT INTO websites (id, name, slug, url, short_description, purpose, category_id, click_count, is_active) VALUES (338, 'Zenify', 'zenify-899', 'https://zenify-899.com', 'An incredibly advanced AI tool revolutionizing the way you handle research & analysis. Try Zenify today.', 'Creative Studio', 4, 0, 1);
INSERT INTO website_intents (website_id, intent_id) VALUES (338, 4);
INSERT INTO website_personas (website_id, persona_id) VALUES (338, 1);
INSERT INTO websites (id, name, slug, url, short_description, purpose, category_id, click_count, is_active) VALUES (339, 'CogniForge', 'cogniforge-6767', 'https://cogniforge-6767.com', 'Enhance your productivity with CogniForge. Perfect for seamless research & analysis automation.', 'Productivity Engine', 4, 0, 1);
INSERT INTO website_intents (website_id, intent_id) VALUES (339, 1);
INSERT INTO website_personas (website_id, persona_id) VALUES (339, 6);
INSERT INTO website_personas (website_id, persona_id) VALUES (339, 5);
INSERT INTO websites (id, name, slug, url, short_description, purpose, category_id, click_count, is_active) VALUES (340, 'NextBot', 'nextbot-3324', 'https://nextbot-3324.com', 'An incredibly advanced AI tool revolutionizing the way you handle research & analysis. Try NextBot today.', 'Creative Studio', 4, 0, 1);
INSERT INTO website_intents (website_id, intent_id) VALUES (340, 1);
INSERT INTO website_personas (website_id, persona_id) VALUES (340, 5);
INSERT INTO websites (id, name, slug, url, short_description, purpose, category_id, click_count, is_active) VALUES (341, 'QuickAI', 'quickai-1424', 'https://quickai-1424.com', 'An incredibly advanced AI tool revolutionizing the way you handle research & analysis. Try QuickAI today.', 'Productivity Engine', 4, 0, 1);
INSERT INTO website_intents (website_id, intent_id) VALUES (341, 6);
INSERT INTO website_personas (website_id, persona_id) VALUES (341, 1);
INSERT INTO website_personas (website_id, persona_id) VALUES (341, 2);
INSERT INTO websites (id, name, slug, url, short_description, purpose, category_id, click_count, is_active) VALUES (342, 'AutoSync Pro', 'autosync-pro-9689', 'https://autosync-pro-9689.com', 'Enhance your productivity with AutoSync Pro. Perfect for seamless research & analysis automation.', 'Creative Studio', 4, 0, 1);
INSERT INTO website_intents (website_id, intent_id) VALUES (342, 4);
INSERT INTO website_intents (website_id, intent_id) VALUES (342, 6);
INSERT INTO website_personas (website_id, persona_id) VALUES (342, 1);
INSERT INTO websites (id, name, slug, url, short_description, purpose, category_id, click_count, is_active) VALUES (343, 'Zenify Pro', 'zenify-pro-3495', 'https://zenify-pro-3495.com', 'An incredibly advanced AI tool revolutionizing the way you handle research & analysis. Try Zenify Pro today.', 'Productivity Engine', 4, 0, 1);
INSERT INTO website_intents (website_id, intent_id) VALUES (343, 2);
INSERT INTO website_personas (website_id, persona_id) VALUES (343, 5);
INSERT INTO website_personas (website_id, persona_id) VALUES (343, 2);
INSERT INTO websites (id, name, slug, url, short_description, purpose, category_id, click_count, is_active) VALUES (344, 'ProMate', 'promate-7627', 'https://promate-7627.com', 'An incredibly advanced AI tool revolutionizing the way you handle research & analysis. Try ProMate today.', 'Creative Studio', 4, 0, 1);
INSERT INTO website_intents (website_id, intent_id) VALUES (344, 1);
INSERT INTO website_intents (website_id, intent_id) VALUES (344, 3);
INSERT INTO website_personas (website_id, persona_id) VALUES (344, 4);
INSERT INTO website_personas (website_id, persona_id) VALUES (344, 3);
INSERT INTO websites (id, name, slug, url, short_description, purpose, category_id, click_count, is_active) VALUES (345, 'DeepGen', 'deepgen-8197', 'https://deepgen-8197.com', 'Enhance your productivity with DeepGen. Perfect for seamless research & analysis automation.', 'Productivity Engine', 4, 0, 1);
INSERT INTO website_intents (website_id, intent_id) VALUES (345, 4);
INSERT INTO website_intents (website_id, intent_id) VALUES (345, 3);
INSERT INTO website_personas (website_id, persona_id) VALUES (345, 1);
INSERT INTO websites (id, name, slug, url, short_description, purpose, category_id, click_count, is_active) VALUES (346, 'Vibeify', 'vibeify-7194', 'https://vibeify-7194.com', 'An incredibly advanced AI tool revolutionizing the way you handle research & analysis. Try Vibeify today.', 'Creative Studio', 4, 0, 1);
INSERT INTO website_intents (website_id, intent_id) VALUES (346, 1);
INSERT INTO website_intents (website_id, intent_id) VALUES (346, 4);
INSERT INTO website_personas (website_id, persona_id) VALUES (346, 1);
INSERT INTO website_personas (website_id, persona_id) VALUES (346, 2);
INSERT INTO websites (id, name, slug, url, short_description, purpose, category_id, click_count, is_active) VALUES (347, 'DeepFlow', 'deepflow-2588', 'https://deepflow-2588.com', 'An incredibly advanced AI tool revolutionizing the way you handle research & analysis. Try DeepFlow today.', 'Productivity Engine', 4, 0, 1);
INSERT INTO website_intents (website_id, intent_id) VALUES (347, 5);
INSERT INTO website_intents (website_id, intent_id) VALUES (347, 6);
INSERT INTO website_personas (website_id, persona_id) VALUES (347, 1);
INSERT INTO website_personas (website_id, persona_id) VALUES (347, 2);
INSERT INTO websites (id, name, slug, url, short_description, purpose, category_id, click_count, is_active) VALUES (348, 'SmartBot', 'smartbot-4113', 'https://smartbot-4113.com', 'Enhance your productivity with SmartBot. Perfect for seamless research & analysis automation.', 'Creative Studio', 4, 0, 1);
INSERT INTO website_intents (website_id, intent_id) VALUES (348, 6);
INSERT INTO website_personas (website_id, persona_id) VALUES (348, 4);
INSERT INTO website_personas (website_id, persona_id) VALUES (348, 5);
INSERT INTO websites (id, name, slug, url, short_description, purpose, category_id, click_count, is_active) VALUES (349, 'ProFlow', 'proflow-9952', 'https://proflow-9952.com', 'An incredibly advanced AI tool revolutionizing the way you handle research & analysis. Try ProFlow today.', 'Productivity Engine', 4, 0, 1);
INSERT INTO website_intents (website_id, intent_id) VALUES (349, 4);
INSERT INTO website_personas (website_id, persona_id) VALUES (349, 1);
INSERT INTO website_personas (website_id, persona_id) VALUES (349, 2);
INSERT INTO websites (id, name, slug, url, short_description, purpose, category_id, click_count, is_active) VALUES (350, 'GeniSync', 'genisync-88', 'https://genisync-88.com', 'An incredibly advanced AI tool revolutionizing the way you handle research & analysis. Try GeniSync today.', 'Creative Studio', 4, 0, 1);
INSERT INTO website_intents (website_id, intent_id) VALUES (350, 4);
INSERT INTO website_intents (website_id, intent_id) VALUES (350, 2);
INSERT INTO website_personas (website_id, persona_id) VALUES (350, 3);
INSERT INTO website_personas (website_id, persona_id) VALUES (350, 2);
INSERT INTO websites (id, name, slug, url, short_description, purpose, category_id, click_count, is_active) VALUES (351, 'SmartBase Pro', 'smartbase-pro-9644', 'https://smartbase-pro-9644.com', 'Enhance your productivity with SmartBase Pro. Perfect for seamless research & analysis automation.', 'Productivity Engine', 4, 0, 1);
INSERT INTO website_intents (website_id, intent_id) VALUES (351, 1);
INSERT INTO website_personas (website_id, persona_id) VALUES (351, 4);
INSERT INTO websites (id, name, slug, url, short_description, purpose, category_id, click_count, is_active) VALUES (352, 'CogniMind', 'cognimind-1671', 'https://cognimind-1671.com', 'An incredibly advanced AI tool revolutionizing the way you handle research & analysis. Try CogniMind today.', 'Creative Studio', 4, 0, 1);
INSERT INTO website_intents (website_id, intent_id) VALUES (352, 2);
INSERT INTO website_intents (website_id, intent_id) VALUES (352, 6);
INSERT INTO website_personas (website_id, persona_id) VALUES (352, 1);
INSERT INTO websites (id, name, slug, url, short_description, purpose, category_id, click_count, is_active) VALUES (353, 'HyperGen', 'hypergen-1957', 'https://hypergen-1957.com', 'An incredibly advanced AI tool revolutionizing the way you handle research & analysis. Try HyperGen today.', 'Productivity Engine', 4, 0, 1);
INSERT INTO website_intents (website_id, intent_id) VALUES (353, 4);
INSERT INTO website_intents (website_id, intent_id) VALUES (353, 2);
INSERT INTO website_personas (website_id, persona_id) VALUES (353, 4);
INSERT INTO websites (id, name, slug, url, short_description, purpose, category_id, click_count, is_active) VALUES (354, 'SyntheGen', 'synthegen-3727', 'https://synthegen-3727.com', 'Enhance your productivity with SyntheGen. Perfect for seamless research & analysis automation.', 'Creative Studio', 4, 0, 1);
INSERT INTO website_intents (website_id, intent_id) VALUES (354, 2);
INSERT INTO website_intents (website_id, intent_id) VALUES (354, 1);
INSERT INTO website_personas (website_id, persona_id) VALUES (354, 1);
INSERT INTO website_personas (website_id, persona_id) VALUES (354, 3);
INSERT INTO websites (id, name, slug, url, short_description, purpose, category_id, click_count, is_active) VALUES (355, 'SmartFlow', 'smartflow-630', 'https://smartflow-630.com', 'An incredibly advanced AI tool revolutionizing the way you handle research & analysis. Try SmartFlow today.', 'Productivity Engine', 4, 0, 1);
INSERT INTO website_intents (website_id, intent_id) VALUES (355, 1);
INSERT INTO website_personas (website_id, persona_id) VALUES (355, 5);
INSERT INTO website_personas (website_id, persona_id) VALUES (355, 6);
INSERT INTO websites (id, name, slug, url, short_description, purpose, category_id, click_count, is_active) VALUES (356, 'NextFlow', 'nextflow-6280', 'https://nextflow-6280.com', 'An incredibly advanced AI tool revolutionizing the way you handle research & analysis. Try NextFlow today.', 'Creative Studio', 4, 0, 1);
INSERT INTO website_intents (website_id, intent_id) VALUES (356, 5);
INSERT INTO website_personas (website_id, persona_id) VALUES (356, 1);
INSERT INTO websites (id, name, slug, url, short_description, purpose, category_id, click_count, is_active) VALUES (357, 'DeepSync Pro', 'deepsync-pro-5447', 'https://deepsync-pro-5447.com', 'Enhance your productivity with DeepSync Pro. Perfect for seamless research & analysis automation.', 'Productivity Engine', 4, 0, 1);
INSERT INTO website_intents (website_id, intent_id) VALUES (357, 2);
INSERT INTO website_personas (website_id, persona_id) VALUES (357, 1);
INSERT INTO websites (id, name, slug, url, short_description, purpose, category_id, click_count, is_active) VALUES (358, 'Nextly', 'nextly-3147', 'https://nextly-3147.com', 'An incredibly advanced AI tool revolutionizing the way you handle research & analysis. Try Nextly today.', 'Creative Studio', 4, 0, 1);
INSERT INTO website_intents (website_id, intent_id) VALUES (358, 5);
INSERT INTO website_personas (website_id, persona_id) VALUES (358, 1);
INSERT INTO website_personas (website_id, persona_id) VALUES (358, 2);
INSERT INTO websites (id, name, slug, url, short_description, purpose, category_id, click_count, is_active) VALUES (359, 'Smartify Pro', 'smartify-pro-98', 'https://smartify-pro-98.com', 'An incredibly advanced AI tool revolutionizing the way you handle research & analysis. Try Smartify Pro today.', 'Productivity Engine', 4, 0, 1);
INSERT INTO website_intents (website_id, intent_id) VALUES (359, 4);
INSERT INTO website_intents (website_id, intent_id) VALUES (359, 5);
INSERT INTO website_personas (website_id, persona_id) VALUES (359, 1);
INSERT INTO website_personas (website_id, persona_id) VALUES (359, 6);
INSERT INTO websites (id, name, slug, url, short_description, purpose, category_id, click_count, is_active) VALUES (360, 'HyperFlow Pro', 'hyperflow-pro-649', 'https://hyperflow-pro-649.com', 'Enhance your productivity with HyperFlow Pro. Perfect for seamless research & analysis automation.', 'Creative Studio', 4, 0, 1);
INSERT INTO website_intents (website_id, intent_id) VALUES (360, 3);
INSERT INTO website_personas (website_id, persona_id) VALUES (360, 1);
INSERT INTO websites (id, name, slug, url, short_description, purpose, category_id, click_count, is_active) VALUES (361, 'SyntheBot Pro', 'synthebot-pro-3631', 'https://synthebot-pro-3631.com', 'An incredibly advanced AI tool revolutionizing the way you handle research & analysis. Try SyntheBot Pro today.', 'Productivity Engine', 4, 0, 1);
INSERT INTO website_intents (website_id, intent_id) VALUES (361, 1);
INSERT INTO website_intents (website_id, intent_id) VALUES (361, 2);
INSERT INTO website_personas (website_id, persona_id) VALUES (361, 2);
INSERT INTO websites (id, name, slug, url, short_description, purpose, category_id, click_count, is_active) VALUES (362, 'DeepFlow', 'deepflow-7392', 'https://deepflow-7392.com', 'An incredibly advanced AI tool revolutionizing the way you handle research & analysis. Try DeepFlow today.', 'Creative Studio', 4, 0, 1);
INSERT INTO website_intents (website_id, intent_id) VALUES (362, 4);
INSERT INTO website_intents (website_id, intent_id) VALUES (362, 3);
INSERT INTO website_personas (website_id, persona_id) VALUES (362, 4);
INSERT INTO websites (id, name, slug, url, short_description, purpose, category_id, click_count, is_active) VALUES (363, 'Quickly', 'quickly-9302', 'https://quickly-9302.com', 'Enhance your productivity with Quickly. Perfect for seamless research & analysis automation.', 'Productivity Engine', 4, 0, 1);
INSERT INTO website_intents (website_id, intent_id) VALUES (363, 4);
INSERT INTO website_intents (website_id, intent_id) VALUES (363, 5);
INSERT INTO website_personas (website_id, persona_id) VALUES (363, 1);
INSERT INTO websites (id, name, slug, url, short_description, purpose, category_id, click_count, is_active) VALUES (364, 'Nextify', 'nextify-7414', 'https://nextify-7414.com', 'An incredibly advanced AI tool revolutionizing the way you handle research & analysis. Try Nextify today.', 'Creative Studio', 4, 0, 1);
INSERT INTO website_intents (website_id, intent_id) VALUES (364, 6);
INSERT INTO website_personas (website_id, persona_id) VALUES (364, 5);
INSERT INTO websites (id, name, slug, url, short_description, purpose, category_id, click_count, is_active) VALUES (365, 'AutoCraft Pro', 'autocraft-pro-7407', 'https://autocraft-pro-7407.com', 'An incredibly advanced AI tool revolutionizing the way you handle research & analysis. Try AutoCraft Pro today.', 'Productivity Engine', 4, 0, 1);
INSERT INTO website_intents (website_id, intent_id) VALUES (365, 1);
INSERT INTO website_personas (website_id, persona_id) VALUES (365, 6);
INSERT INTO website_personas (website_id, persona_id) VALUES (365, 3);
INSERT INTO websites (id, name, slug, url, short_description, purpose, category_id, click_count, is_active) VALUES (366, 'HyperForge', 'hyperforge-6860', 'https://hyperforge-6860.com', 'Enhance your productivity with HyperForge. Perfect for seamless research & analysis automation.', 'Creative Studio', 4, 0, 1);
INSERT INTO website_intents (website_id, intent_id) VALUES (366, 1);
INSERT INTO website_personas (website_id, persona_id) VALUES (366, 4);
INSERT INTO websites (id, name, slug, url, short_description, purpose, category_id, click_count, is_active) VALUES (367, 'CogniSync', 'cognisync-1166', 'https://cognisync-1166.com', 'An incredibly advanced AI tool revolutionizing the way you handle research & analysis. Try CogniSync today.', 'Productivity Engine', 4, 0, 1);
INSERT INTO website_intents (website_id, intent_id) VALUES (367, 6);
INSERT INTO website_intents (website_id, intent_id) VALUES (367, 5);
INSERT INTO website_personas (website_id, persona_id) VALUES (367, 1);
INSERT INTO websites (id, name, slug, url, short_description, purpose, category_id, click_count, is_active) VALUES (368, 'ZenBot', 'zenbot-7687', 'https://zenbot-7687.com', 'An incredibly advanced AI tool revolutionizing the way you handle research & analysis. Try ZenBot today.', 'Creative Studio', 4, 0, 1);
INSERT INTO website_intents (website_id, intent_id) VALUES (368, 6);
INSERT INTO website_intents (website_id, intent_id) VALUES (368, 5);
INSERT INTO website_personas (website_id, persona_id) VALUES (368, 1);
INSERT INTO website_personas (website_id, persona_id) VALUES (368, 2);
INSERT INTO websites (id, name, slug, url, short_description, purpose, category_id, click_count, is_active) VALUES (369, 'SyntheCraft', 'synthecraft-52', 'https://synthecraft-52.com', 'Enhance your productivity with SyntheCraft. Perfect for seamless research & analysis automation.', 'Productivity Engine', 4, 0, 1);
INSERT INTO website_intents (website_id, intent_id) VALUES (369, 1);
INSERT INTO website_intents (website_id, intent_id) VALUES (369, 4);
INSERT INTO website_personas (website_id, persona_id) VALUES (369, 1);
INSERT INTO website_personas (website_id, persona_id) VALUES (369, 2);
INSERT INTO websites (id, name, slug, url, short_description, purpose, category_id, click_count, is_active) VALUES (370, 'ZenGen', 'zengen-944', 'https://zengen-944.com', 'An incredibly advanced AI tool revolutionizing the way you handle research & analysis. Try ZenGen today.', 'Creative Studio', 4, 0, 1);
INSERT INTO website_intents (website_id, intent_id) VALUES (370, 6);
INSERT INTO website_personas (website_id, persona_id) VALUES (370, 4);
INSERT INTO websites (id, name, slug, url, short_description, purpose, category_id, click_count, is_active) VALUES (371, 'NextMind Pro', 'nextmind-pro-486', 'https://nextmind-pro-486.com', 'An incredibly advanced AI tool revolutionizing the way you handle research & analysis. Try NextMind Pro today.', 'Productivity Engine', 4, 0, 1);
INSERT INTO website_intents (website_id, intent_id) VALUES (371, 3);
INSERT INTO website_personas (website_id, persona_id) VALUES (371, 1);
INSERT INTO websites (id, name, slug, url, short_description, purpose, category_id, click_count, is_active) VALUES (372, 'VibeBase', 'vibebase-9923', 'https://vibebase-9923.com', 'Enhance your productivity with VibeBase. Perfect for seamless research & analysis automation.', 'Creative Studio', 4, 0, 1);
INSERT INTO website_intents (website_id, intent_id) VALUES (372, 6);
INSERT INTO website_intents (website_id, intent_id) VALUES (372, 3);
INSERT INTO website_personas (website_id, persona_id) VALUES (372, 6);
INSERT INTO websites (id, name, slug, url, short_description, purpose, category_id, click_count, is_active) VALUES (373, 'SmartFlow', 'smartflow-7430', 'https://smartflow-7430.com', 'An incredibly advanced AI tool revolutionizing the way you handle research & analysis. Try SmartFlow today.', 'Productivity Engine', 4, 0, 1);
INSERT INTO website_intents (website_id, intent_id) VALUES (373, 3);
INSERT INTO website_personas (website_id, persona_id) VALUES (373, 1);
INSERT INTO websites (id, name, slug, url, short_description, purpose, category_id, click_count, is_active) VALUES (374, 'Autoly', 'autoly-4111', 'https://autoly-4111.com', 'An incredibly advanced AI tool revolutionizing the way you handle research & analysis. Try Autoly today.', 'Creative Studio', 4, 0, 1);
INSERT INTO website_intents (website_id, intent_id) VALUES (374, 3);
INSERT INTO website_intents (website_id, intent_id) VALUES (374, 5);
INSERT INTO website_personas (website_id, persona_id) VALUES (374, 1);
INSERT INTO websites (id, name, slug, url, short_description, purpose, category_id, click_count, is_active) VALUES (375, 'Vibeify', 'vibeify-8184', 'https://vibeify-8184.com', 'Enhance your productivity with Vibeify. Perfect for seamless research & analysis automation.', 'Productivity Engine', 4, 0, 1);
INSERT INTO website_intents (website_id, intent_id) VALUES (375, 6);
INSERT INTO website_personas (website_id, persona_id) VALUES (375, 2);
INSERT INTO website_personas (website_id, persona_id) VALUES (375, 1);
INSERT INTO websites (id, name, slug, url, short_description, purpose, category_id, click_count, is_active) VALUES (376, 'DeepMate', 'deepmate-3630', 'https://deepmate-3630.com', 'An incredibly advanced AI tool revolutionizing the way you handle research & analysis. Try DeepMate today.', 'Creative Studio', 4, 0, 1);
INSERT INTO website_intents (website_id, intent_id) VALUES (376, 5);
INSERT INTO website_intents (website_id, intent_id) VALUES (376, 1);
INSERT INTO website_personas (website_id, persona_id) VALUES (376, 6);
INSERT INTO website_personas (website_id, persona_id) VALUES (376, 5);
INSERT INTO websites (id, name, slug, url, short_description, purpose, category_id, click_count, is_active) VALUES (377, 'FlowCraft', 'flowcraft-3960', 'https://flowcraft-3960.com', 'An incredibly advanced AI tool revolutionizing the way you handle research & analysis. Try FlowCraft today.', 'Productivity Engine', 4, 0, 1);
INSERT INTO website_intents (website_id, intent_id) VALUES (377, 5);
INSERT INTO website_personas (website_id, persona_id) VALUES (377, 5);
INSERT INTO website_personas (website_id, persona_id) VALUES (377, 4);
INSERT INTO websites (id, name, slug, url, short_description, purpose, category_id, click_count, is_active) VALUES (378, 'DeepCraft Pro', 'deepcraft-pro-5460', 'https://deepcraft-pro-5460.com', 'Enhance your productivity with DeepCraft Pro. Perfect for seamless research & analysis automation.', 'Creative Studio', 4, 0, 1);
INSERT INTO website_intents (website_id, intent_id) VALUES (378, 6);
INSERT INTO website_personas (website_id, persona_id) VALUES (378, 6);
INSERT INTO websites (id, name, slug, url, short_description, purpose, category_id, click_count, is_active) VALUES (379, 'FlowMate', 'flowmate-5129', 'https://flowmate-5129.com', 'An incredibly advanced AI tool revolutionizing the way you handle research & analysis. Try FlowMate today.', 'Productivity Engine', 4, 0, 1);
INSERT INTO website_intents (website_id, intent_id) VALUES (379, 5);
INSERT INTO website_personas (website_id, persona_id) VALUES (379, 1);
INSERT INTO website_personas (website_id, persona_id) VALUES (379, 2);
INSERT INTO websites (id, name, slug, url, short_description, purpose, category_id, click_count, is_active) VALUES (380, 'AutoBase', 'autobase-4183', 'https://autobase-4183.com', 'An incredibly advanced AI tool revolutionizing the way you handle research & analysis. Try AutoBase today.', 'Creative Studio', 4, 0, 1);
INSERT INTO website_intents (website_id, intent_id) VALUES (380, 4);
INSERT INTO website_personas (website_id, persona_id) VALUES (380, 2);
INSERT INTO website_personas (website_id, persona_id) VALUES (380, 5);
INSERT INTO websites (id, name, slug, url, short_description, purpose, category_id, click_count, is_active) VALUES (381, 'HyperBot Pro', 'hyperbot-pro-3092', 'https://hyperbot-pro-3092.com', 'Enhance your productivity with HyperBot Pro. Perfect for seamless research & analysis automation.', 'Productivity Engine', 4, 0, 1);
INSERT INTO website_intents (website_id, intent_id) VALUES (381, 3);
INSERT INTO website_personas (website_id, persona_id) VALUES (381, 5);
INSERT INTO websites (id, name, slug, url, short_description, purpose, category_id, click_count, is_active) VALUES (382, 'AutoBot Pro', 'autobot-pro-6296', 'https://autobot-pro-6296.com', 'An incredibly advanced AI tool revolutionizing the way you handle research & analysis. Try AutoBot Pro today.', 'Creative Studio', 4, 0, 1);
INSERT INTO website_intents (website_id, intent_id) VALUES (382, 4);
INSERT INTO website_personas (website_id, persona_id) VALUES (382, 5);
INSERT INTO websites (id, name, slug, url, short_description, purpose, category_id, click_count, is_active) VALUES (383, 'VibeMind', 'vibemind-9438', 'https://vibemind-9438.com', 'An incredibly advanced AI tool revolutionizing the way you handle research & analysis. Try VibeMind today.', 'Productivity Engine', 4, 0, 1);
INSERT INTO website_intents (website_id, intent_id) VALUES (383, 6);
INSERT INTO website_intents (website_id, intent_id) VALUES (383, 4);
INSERT INTO website_personas (website_id, persona_id) VALUES (383, 3);
INSERT INTO website_personas (website_id, persona_id) VALUES (383, 1);
INSERT INTO websites (id, name, slug, url, short_description, purpose, category_id, click_count, is_active) VALUES (384, 'Proify', 'proify-7809', 'https://proify-7809.com', 'Enhance your productivity with Proify. Perfect for seamless research & analysis automation.', 'Creative Studio', 4, 0, 1);
INSERT INTO website_intents (website_id, intent_id) VALUES (384, 1);
INSERT INTO website_intents (website_id, intent_id) VALUES (384, 2);
INSERT INTO website_personas (website_id, persona_id) VALUES (384, 5);
INSERT INTO website_personas (website_id, persona_id) VALUES (384, 4);
INSERT INTO websites (id, name, slug, url, short_description, purpose, category_id, click_count, is_active) VALUES (385, 'GeniFlow', 'geniflow-3777', 'https://geniflow-3777.com', 'An incredibly advanced AI tool revolutionizing the way you handle research & analysis. Try GeniFlow today.', 'Productivity Engine', 4, 0, 1);
INSERT INTO website_intents (website_id, intent_id) VALUES (385, 6);
INSERT INTO website_intents (website_id, intent_id) VALUES (385, 2);
INSERT INTO website_personas (website_id, persona_id) VALUES (385, 4);
INSERT INTO websites (id, name, slug, url, short_description, purpose, category_id, click_count, is_active) VALUES (386, 'DeepFlow Pro', 'deepflow-pro-2615', 'https://deepflow-pro-2615.com', 'An incredibly advanced AI tool revolutionizing the way you handle research & analysis. Try DeepFlow Pro today.', 'Creative Studio', 4, 0, 1);
INSERT INTO website_intents (website_id, intent_id) VALUES (386, 2);
INSERT INTO website_personas (website_id, persona_id) VALUES (386, 2);
INSERT INTO websites (id, name, slug, url, short_description, purpose, category_id, click_count, is_active) VALUES (387, 'QuickForge Pro', 'quickforge-pro-5856', 'https://quickforge-pro-5856.com', 'Enhance your productivity with QuickForge Pro. Perfect for seamless research & analysis automation.', 'Productivity Engine', 4, 0, 1);
INSERT INTO website_intents (website_id, intent_id) VALUES (387, 5);
INSERT INTO website_intents (website_id, intent_id) VALUES (387, 1);
INSERT INTO website_personas (website_id, persona_id) VALUES (387, 1);
INSERT INTO website_personas (website_id, persona_id) VALUES (387, 2);
INSERT INTO websites (id, name, slug, url, short_description, purpose, category_id, click_count, is_active) VALUES (388, 'Quickly', 'quickly-4179', 'https://quickly-4179.com', 'An incredibly advanced AI tool revolutionizing the way you handle research & analysis. Try Quickly today.', 'Creative Studio', 4, 0, 1);
INSERT INTO website_intents (website_id, intent_id) VALUES (388, 3);
INSERT INTO website_personas (website_id, persona_id) VALUES (388, 1);
INSERT INTO website_personas (website_id, persona_id) VALUES (388, 2);
INSERT INTO websites (id, name, slug, url, short_description, purpose, category_id, click_count, is_active) VALUES (389, 'Smartly', 'smartly-7915', 'https://smartly-7915.com', 'An incredibly advanced AI tool revolutionizing the way you handle research & analysis. Try Smartly today.', 'Productivity Engine', 4, 0, 1);
INSERT INTO website_intents (website_id, intent_id) VALUES (389, 1);
INSERT INTO website_intents (website_id, intent_id) VALUES (389, 4);
INSERT INTO website_personas (website_id, persona_id) VALUES (389, 6);
INSERT INTO websites (id, name, slug, url, short_description, purpose, category_id, click_count, is_active) VALUES (390, 'DeepBase', 'deepbase-5516', 'https://deepbase-5516.com', 'Enhance your productivity with DeepBase. Perfect for seamless research & analysis automation.', 'Creative Studio', 4, 0, 1);
INSERT INTO website_intents (website_id, intent_id) VALUES (390, 1);
INSERT INTO website_personas (website_id, persona_id) VALUES (390, 5);
INSERT INTO websites (id, name, slug, url, short_description, purpose, category_id, click_count, is_active) VALUES (391, 'Proly', 'proly-5477', 'https://proly-5477.com', 'An incredibly advanced AI tool revolutionizing the way you handle research & analysis. Try Proly today.', 'Productivity Engine', 4, 0, 1);
INSERT INTO website_intents (website_id, intent_id) VALUES (391, 1);
INSERT INTO website_intents (website_id, intent_id) VALUES (391, 2);
INSERT INTO website_personas (website_id, persona_id) VALUES (391, 4);
INSERT INTO websites (id, name, slug, url, short_description, purpose, category_id, click_count, is_active) VALUES (392, 'QuickBot', 'quickbot-3931', 'https://quickbot-3931.com', 'An incredibly advanced AI tool revolutionizing the way you handle research & analysis. Try QuickBot today.', 'Creative Studio', 4, 0, 1);
INSERT INTO website_intents (website_id, intent_id) VALUES (392, 6);
INSERT INTO website_intents (website_id, intent_id) VALUES (392, 5);
INSERT INTO website_personas (website_id, persona_id) VALUES (392, 3);
INSERT INTO websites (id, name, slug, url, short_description, purpose, category_id, click_count, is_active) VALUES (393, 'HyperSync Pro', 'hypersync-pro-857', 'https://hypersync-pro-857.com', 'Enhance your productivity with HyperSync Pro. Perfect for seamless research & analysis automation.', 'Productivity Engine', 4, 0, 1);
INSERT INTO website_intents (website_id, intent_id) VALUES (393, 3);
INSERT INTO website_intents (website_id, intent_id) VALUES (393, 4);
INSERT INTO website_personas (website_id, persona_id) VALUES (393, 4);
INSERT INTO website_personas (website_id, persona_id) VALUES (393, 1);
INSERT INTO websites (id, name, slug, url, short_description, purpose, category_id, click_count, is_active) VALUES (394, 'ZenMind', 'zenmind-1538', 'https://zenmind-1538.com', 'An incredibly advanced AI tool revolutionizing the way you handle research & analysis. Try ZenMind today.', 'Creative Studio', 4, 0, 1);
INSERT INTO website_intents (website_id, intent_id) VALUES (394, 1);
INSERT INTO website_personas (website_id, persona_id) VALUES (394, 1);
INSERT INTO website_personas (website_id, persona_id) VALUES (394, 5);
INSERT INTO websites (id, name, slug, url, short_description, purpose, category_id, click_count, is_active) VALUES (395, 'SyntheGen Pro', 'synthegen-pro-949', 'https://synthegen-pro-949.com', 'An incredibly advanced AI tool revolutionizing the way you handle research & analysis. Try SyntheGen Pro today.', 'Productivity Engine', 4, 0, 1);
INSERT INTO website_intents (website_id, intent_id) VALUES (395, 3);
INSERT INTO website_personas (website_id, persona_id) VALUES (395, 6);
INSERT INTO website_personas (website_id, persona_id) VALUES (395, 3);
INSERT INTO websites (id, name, slug, url, short_description, purpose, category_id, click_count, is_active) VALUES (396, 'GeniAI', 'geniai-3811', 'https://geniai-3811.com', 'Enhance your productivity with GeniAI. Perfect for seamless research & analysis automation.', 'Creative Studio', 4, 0, 1);
INSERT INTO website_intents (website_id, intent_id) VALUES (396, 1);
INSERT INTO website_personas (website_id, persona_id) VALUES (396, 3);
INSERT INTO websites (id, name, slug, url, short_description, purpose, category_id, click_count, is_active) VALUES (397, 'GeniBase', 'genibase-2440', 'https://genibase-2440.com', 'An incredibly advanced AI tool revolutionizing the way you handle research & analysis. Try GeniBase today.', 'Productivity Engine', 4, 0, 1);
INSERT INTO website_intents (website_id, intent_id) VALUES (397, 6);
INSERT INTO website_personas (website_id, persona_id) VALUES (397, 5);
INSERT INTO website_personas (website_id, persona_id) VALUES (397, 6);
INSERT INTO websites (id, name, slug, url, short_description, purpose, category_id, click_count, is_active) VALUES (398, 'NextGen Pro', 'nextgen-pro-6391', 'https://nextgen-pro-6391.com', 'An incredibly advanced AI tool revolutionizing the way you handle research & analysis. Try NextGen Pro today.', 'Creative Studio', 4, 0, 1);
INSERT INTO website_intents (website_id, intent_id) VALUES (398, 1);
INSERT INTO website_intents (website_id, intent_id) VALUES (398, 6);
INSERT INTO website_personas (website_id, persona_id) VALUES (398, 4);
INSERT INTO website_personas (website_id, persona_id) VALUES (398, 2);
INSERT INTO websites (id, name, slug, url, short_description, purpose, category_id, click_count, is_active) VALUES (399, 'QuickBase', 'quickbase-1029', 'https://quickbase-1029.com', 'Enhance your productivity with QuickBase. Perfect for seamless research & analysis automation.', 'Productivity Engine', 4, 0, 1);
INSERT INTO website_intents (website_id, intent_id) VALUES (399, 3);
INSERT INTO website_personas (website_id, persona_id) VALUES (399, 4);
INSERT INTO websites (id, name, slug, url, short_description, purpose, category_id, click_count, is_active) VALUES (400, 'ZenGen Pro', 'zengen-pro-8678', 'https://zengen-pro-8678.com', 'An incredibly advanced AI tool revolutionizing the way you handle research & analysis. Try ZenGen Pro today.', 'Creative Studio', 4, 0, 1);
INSERT INTO website_intents (website_id, intent_id) VALUES (400, 5);
INSERT INTO website_personas (website_id, persona_id) VALUES (400, 3);
INSERT INTO website_personas (website_id, persona_id) VALUES (400, 2);
INSERT INTO websites (id, name, slug, url, short_description, purpose, category_id, click_count, is_active) VALUES (401, 'DeepBase', 'deepbase-3389', 'https://deepbase-3389.com', 'An incredibly advanced AI tool revolutionizing the way you handle research & analysis. Try DeepBase today.', 'Productivity Engine', 4, 0, 1);
INSERT INTO website_intents (website_id, intent_id) VALUES (401, 6);
INSERT INTO website_intents (website_id, intent_id) VALUES (401, 2);
INSERT INTO website_personas (website_id, persona_id) VALUES (401, 3);
INSERT INTO website_personas (website_id, persona_id) VALUES (401, 2);
INSERT INTO websites (id, name, slug, url, short_description, purpose, category_id, click_count, is_active) VALUES (402, 'DeepBase Pro', 'deepbase-pro-8770', 'https://deepbase-pro-8770.com', 'Enhance your productivity with DeepBase Pro. Perfect for seamless research & analysis automation.', 'Creative Studio', 4, 0, 1);
INSERT INTO website_intents (website_id, intent_id) VALUES (402, 1);
INSERT INTO website_personas (website_id, persona_id) VALUES (402, 1);
INSERT INTO websites (id, name, slug, url, short_description, purpose, category_id, click_count, is_active) VALUES (403, 'Zenly Pro', 'zenly-pro-1498', 'https://zenly-pro-1498.com', 'An incredibly advanced AI tool revolutionizing the way you handle research & analysis. Try Zenly Pro today.', 'Productivity Engine', 4, 0, 1);
INSERT INTO website_intents (website_id, intent_id) VALUES (403, 4);
INSERT INTO website_personas (website_id, persona_id) VALUES (403, 1);
INSERT INTO websites (id, name, slug, url, short_description, purpose, category_id, click_count, is_active) VALUES (404, 'CogniGen', 'cognigen-4820', 'https://cognigen-4820.com', 'An incredibly advanced AI tool revolutionizing the way you handle research & analysis. Try CogniGen today.', 'Creative Studio', 4, 0, 1);
INSERT INTO website_intents (website_id, intent_id) VALUES (404, 6);
INSERT INTO website_intents (website_id, intent_id) VALUES (404, 1);
INSERT INTO website_personas (website_id, persona_id) VALUES (404, 1);
INSERT INTO websites (id, name, slug, url, short_description, purpose, category_id, click_count, is_active) VALUES (405, 'Hyperly', 'hyperly-5543', 'https://hyperly-5543.com', 'Enhance your productivity with Hyperly. Perfect for seamless research & analysis automation.', 'Productivity Engine', 4, 0, 1);
INSERT INTO website_intents (website_id, intent_id) VALUES (405, 4);
INSERT INTO website_intents (website_id, intent_id) VALUES (405, 6);
INSERT INTO website_personas (website_id, persona_id) VALUES (405, 1);
INSERT INTO websites (id, name, slug, url, short_description, purpose, category_id, click_count, is_active) VALUES (406, 'DeepForge', 'deepforge-7652', 'https://deepforge-7652.com', 'An incredibly advanced AI tool revolutionizing the way you handle research & analysis. Try DeepForge today.', 'Creative Studio', 4, 0, 1);
INSERT INTO website_intents (website_id, intent_id) VALUES (406, 4);
INSERT INTO website_intents (website_id, intent_id) VALUES (406, 1);
INSERT INTO website_personas (website_id, persona_id) VALUES (406, 4);
INSERT INTO website_personas (website_id, persona_id) VALUES (406, 3);
INSERT INTO websites (id, name, slug, url, short_description, purpose, category_id, click_count, is_active) VALUES (407, 'SyntheForge', 'syntheforge-1992', 'https://syntheforge-1992.com', 'An incredibly advanced AI tool revolutionizing the way you handle research & analysis. Try SyntheForge today.', 'Productivity Engine', 4, 0, 1);
INSERT INTO website_intents (website_id, intent_id) VALUES (407, 6);
INSERT INTO website_intents (website_id, intent_id) VALUES (407, 1);
INSERT INTO website_personas (website_id, persona_id) VALUES (407, 5);
INSERT INTO website_personas (website_id, persona_id) VALUES (407, 1);
INSERT INTO websites (id, name, slug, url, short_description, purpose, category_id, click_count, is_active) VALUES (408, 'Hyperly Pro', 'hyperly-pro-6707', 'https://hyperly-pro-6707.com', 'Enhance your productivity with Hyperly Pro. Perfect for seamless research & analysis automation.', 'Creative Studio', 4, 0, 1);
INSERT INTO website_intents (website_id, intent_id) VALUES (408, 4);
INSERT INTO website_intents (website_id, intent_id) VALUES (408, 6);
INSERT INTO website_personas (website_id, persona_id) VALUES (408, 3);
INSERT INTO websites (id, name, slug, url, short_description, purpose, category_id, click_count, is_active) VALUES (409, 'DeepCraft', 'deepcraft-3545', 'https://deepcraft-3545.com', 'An incredibly advanced AI tool revolutionizing the way you handle research & analysis. Try DeepCraft today.', 'Productivity Engine', 4, 0, 1);
INSERT INTO website_intents (website_id, intent_id) VALUES (409, 3);
INSERT INTO website_personas (website_id, persona_id) VALUES (409, 1);
INSERT INTO website_personas (website_id, persona_id) VALUES (409, 5);
INSERT INTO websites (id, name, slug, url, short_description, purpose, category_id, click_count, is_active) VALUES (410, 'NextForge Pro', 'nextforge-pro-8575', 'https://nextforge-pro-8575.com', 'An incredibly advanced AI tool revolutionizing the way you handle research & analysis. Try NextForge Pro today.', 'Creative Studio', 4, 0, 1);
INSERT INTO website_intents (website_id, intent_id) VALUES (410, 5);
INSERT INTO website_intents (website_id, intent_id) VALUES (410, 4);
INSERT INTO website_personas (website_id, persona_id) VALUES (410, 3);
INSERT INTO website_personas (website_id, persona_id) VALUES (410, 1);
INSERT INTO websites (id, name, slug, url, short_description, purpose, category_id, click_count, is_active) VALUES (411, 'HyperBase', 'hyperbase-281', 'https://hyperbase-281.com', 'Enhance your productivity with HyperBase. Perfect for seamless research & analysis automation.', 'Productivity Engine', 4, 0, 1);
INSERT INTO website_intents (website_id, intent_id) VALUES (411, 2);
INSERT INTO website_personas (website_id, persona_id) VALUES (411, 4);
INSERT INTO websites (id, name, slug, url, short_description, purpose, category_id, click_count, is_active) VALUES (412, 'VibeBase', 'vibebase-9743', 'https://vibebase-9743.com', 'An incredibly advanced AI tool revolutionizing the way you handle research & analysis. Try VibeBase today.', 'Creative Studio', 4, 0, 1);
INSERT INTO website_intents (website_id, intent_id) VALUES (412, 1);
INSERT INTO website_personas (website_id, persona_id) VALUES (412, 3);
INSERT INTO websites (id, name, slug, url, short_description, purpose, category_id, click_count, is_active) VALUES (413, 'DeepMind', 'deepmind-9020', 'https://deepmind-9020.com', 'An incredibly advanced AI tool revolutionizing the way you handle research & analysis. Try DeepMind today.', 'Productivity Engine', 4, 0, 1);
INSERT INTO website_intents (website_id, intent_id) VALUES (413, 1);
INSERT INTO website_intents (website_id, intent_id) VALUES (413, 4);
INSERT INTO website_personas (website_id, persona_id) VALUES (413, 1);
INSERT INTO website_personas (website_id, persona_id) VALUES (413, 2);
INSERT INTO websites (id, name, slug, url, short_description, purpose, category_id, click_count, is_active) VALUES (414, 'Vibeify Pro', 'vibeify-pro-3760', 'https://vibeify-pro-3760.com', 'Enhance your productivity with Vibeify Pro. Perfect for seamless research & analysis automation.', 'Creative Studio', 4, 0, 1);
INSERT INTO website_intents (website_id, intent_id) VALUES (414, 3);
INSERT INTO website_personas (website_id, persona_id) VALUES (414, 4);
INSERT INTO website_personas (website_id, persona_id) VALUES (414, 1);
INSERT INTO websites (id, name, slug, url, short_description, purpose, category_id, click_count, is_active) VALUES (415, 'Smartify', 'smartify-9631', 'https://smartify-9631.com', 'Enhance your productivity with Smartify. Perfect for seamless code & development automation.', 'Productivity Engine', 5, 0, 1);
INSERT INTO website_intents (website_id, intent_id) VALUES (415, 1);
INSERT INTO website_intents (website_id, intent_id) VALUES (415, 3);
INSERT INTO website_personas (website_id, persona_id) VALUES (415, 1);
INSERT INTO websites (id, name, slug, url, short_description, purpose, category_id, click_count, is_active) VALUES (416, 'QuickForge Pro', 'quickforge-pro-644', 'https://quickforge-pro-644.com', 'An incredibly advanced AI tool revolutionizing the way you handle code & development. Try QuickForge Pro today.', 'Creative Studio', 5, 0, 1);
INSERT INTO website_intents (website_id, intent_id) VALUES (416, 3);
INSERT INTO website_intents (website_id, intent_id) VALUES (416, 4);
INSERT INTO website_personas (website_id, persona_id) VALUES (416, 1);
INSERT INTO websites (id, name, slug, url, short_description, purpose, category_id, click_count, is_active) VALUES (417, 'AutoFlow', 'autoflow-2225', 'https://autoflow-2225.com', 'An incredibly advanced AI tool revolutionizing the way you handle code & development. Try AutoFlow today.', 'Productivity Engine', 5, 0, 1);
INSERT INTO website_intents (website_id, intent_id) VALUES (417, 3);
INSERT INTO website_intents (website_id, intent_id) VALUES (417, 2);
INSERT INTO website_personas (website_id, persona_id) VALUES (417, 6);
INSERT INTO websites (id, name, slug, url, short_description, purpose, category_id, click_count, is_active) VALUES (418, 'ZenMate', 'zenmate-6252', 'https://zenmate-6252.com', 'Enhance your productivity with ZenMate. Perfect for seamless code & development automation.', 'Creative Studio', 5, 0, 1);
INSERT INTO website_intents (website_id, intent_id) VALUES (418, 1);
INSERT INTO website_intents (website_id, intent_id) VALUES (418, 2);
INSERT INTO website_personas (website_id, persona_id) VALUES (418, 1);
INSERT INTO website_personas (website_id, persona_id) VALUES (418, 4);
INSERT INTO websites (id, name, slug, url, short_description, purpose, category_id, click_count, is_active) VALUES (419, 'NextCraft', 'nextcraft-2720', 'https://nextcraft-2720.com', 'An incredibly advanced AI tool revolutionizing the way you handle code & development. Try NextCraft today.', 'Productivity Engine', 5, 0, 1);
INSERT INTO website_intents (website_id, intent_id) VALUES (419, 3);
INSERT INTO website_intents (website_id, intent_id) VALUES (419, 6);
INSERT INTO website_personas (website_id, persona_id) VALUES (419, 6);
INSERT INTO website_personas (website_id, persona_id) VALUES (419, 1);
INSERT INTO websites (id, name, slug, url, short_description, purpose, category_id, click_count, is_active) VALUES (420, 'Smartly', 'smartly-8128', 'https://smartly-8128.com', 'An incredibly advanced AI tool revolutionizing the way you handle code & development. Try Smartly today.', 'Creative Studio', 5, 0, 1);
INSERT INTO website_intents (website_id, intent_id) VALUES (420, 2);
INSERT INTO website_intents (website_id, intent_id) VALUES (420, 5);
INSERT INTO website_personas (website_id, persona_id) VALUES (420, 1);
INSERT INTO websites (id, name, slug, url, short_description, purpose, category_id, click_count, is_active) VALUES (421, 'CogniCraft', 'cognicraft-957', 'https://cognicraft-957.com', 'Enhance your productivity with CogniCraft. Perfect for seamless code & development automation.', 'Productivity Engine', 5, 0, 1);
INSERT INTO website_intents (website_id, intent_id) VALUES (421, 5);
INSERT INTO website_personas (website_id, persona_id) VALUES (421, 6);
INSERT INTO websites (id, name, slug, url, short_description, purpose, category_id, click_count, is_active) VALUES (422, 'Cogniify', 'cogniify-1493', 'https://cogniify-1493.com', 'An incredibly advanced AI tool revolutionizing the way you handle code & development. Try Cogniify today.', 'Creative Studio', 5, 0, 1);
INSERT INTO website_intents (website_id, intent_id) VALUES (422, 1);
INSERT INTO website_personas (website_id, persona_id) VALUES (422, 3);
INSERT INTO websites (id, name, slug, url, short_description, purpose, category_id, click_count, is_active) VALUES (423, 'DeepFlow', 'deepflow-40', 'https://deepflow-40.com', 'An incredibly advanced AI tool revolutionizing the way you handle code & development. Try DeepFlow today.', 'Productivity Engine', 5, 0, 1);
INSERT INTO website_intents (website_id, intent_id) VALUES (423, 1);
INSERT INTO website_intents (website_id, intent_id) VALUES (423, 4);
INSERT INTO website_personas (website_id, persona_id) VALUES (423, 4);
INSERT INTO website_personas (website_id, persona_id) VALUES (423, 6);
INSERT INTO websites (id, name, slug, url, short_description, purpose, category_id, click_count, is_active) VALUES (424, 'Nextly', 'nextly-6037', 'https://nextly-6037.com', 'Enhance your productivity with Nextly. Perfect for seamless code & development automation.', 'Creative Studio', 5, 0, 1);
INSERT INTO website_intents (website_id, intent_id) VALUES (424, 1);
INSERT INTO website_personas (website_id, persona_id) VALUES (424, 5);
INSERT INTO websites (id, name, slug, url, short_description, purpose, category_id, click_count, is_active) VALUES (425, 'QuickCraft', 'quickcraft-5614', 'https://quickcraft-5614.com', 'An incredibly advanced AI tool revolutionizing the way you handle code & development. Try QuickCraft today.', 'Productivity Engine', 5, 0, 1);
INSERT INTO website_intents (website_id, intent_id) VALUES (425, 2);
INSERT INTO website_personas (website_id, persona_id) VALUES (425, 4);
INSERT INTO websites (id, name, slug, url, short_description, purpose, category_id, click_count, is_active) VALUES (426, 'QuickFlow', 'quickflow-2292', 'https://quickflow-2292.com', 'An incredibly advanced AI tool revolutionizing the way you handle code & development. Try QuickFlow today.', 'Creative Studio', 5, 0, 1);
INSERT INTO website_intents (website_id, intent_id) VALUES (426, 1);
INSERT INTO website_personas (website_id, persona_id) VALUES (426, 1);
INSERT INTO websites (id, name, slug, url, short_description, purpose, category_id, click_count, is_active) VALUES (427, 'Hyperify Pro', 'hyperify-pro-841', 'https://hyperify-pro-841.com', 'Enhance your productivity with Hyperify Pro. Perfect for seamless code & development automation.', 'Productivity Engine', 5, 0, 1);
INSERT INTO website_intents (website_id, intent_id) VALUES (427, 5);
INSERT INTO website_intents (website_id, intent_id) VALUES (427, 6);
INSERT INTO website_personas (website_id, persona_id) VALUES (427, 2);
INSERT INTO websites (id, name, slug, url, short_description, purpose, category_id, click_count, is_active) VALUES (428, 'Cognily Pro', 'cognily-pro-6480', 'https://cognily-pro-6480.com', 'An incredibly advanced AI tool revolutionizing the way you handle code & development. Try Cognily Pro today.', 'Creative Studio', 5, 0, 1);
INSERT INTO website_intents (website_id, intent_id) VALUES (428, 4);
INSERT INTO website_intents (website_id, intent_id) VALUES (428, 5);
INSERT INTO website_personas (website_id, persona_id) VALUES (428, 1);
INSERT INTO websites (id, name, slug, url, short_description, purpose, category_id, click_count, is_active) VALUES (429, 'GeniCraft', 'genicraft-811', 'https://genicraft-811.com', 'An incredibly advanced AI tool revolutionizing the way you handle code & development. Try GeniCraft today.', 'Productivity Engine', 5, 0, 1);
INSERT INTO website_intents (website_id, intent_id) VALUES (429, 6);
INSERT INTO website_personas (website_id, persona_id) VALUES (429, 1);
INSERT INTO websites (id, name, slug, url, short_description, purpose, category_id, click_count, is_active) VALUES (430, 'HyperCraft', 'hypercraft-7695', 'https://hypercraft-7695.com', 'Enhance your productivity with HyperCraft. Perfect for seamless code & development automation.', 'Creative Studio', 5, 0, 1);
INSERT INTO website_intents (website_id, intent_id) VALUES (430, 1);
INSERT INTO website_personas (website_id, persona_id) VALUES (430, 5);
INSERT INTO website_personas (website_id, persona_id) VALUES (430, 6);
INSERT INTO websites (id, name, slug, url, short_description, purpose, category_id, click_count, is_active) VALUES (431, 'FlowAI Pro', 'flowai-pro-725', 'https://flowai-pro-725.com', 'An incredibly advanced AI tool revolutionizing the way you handle code & development. Try FlowAI Pro today.', 'Productivity Engine', 5, 0, 1);
INSERT INTO website_intents (website_id, intent_id) VALUES (431, 4);
INSERT INTO website_personas (website_id, persona_id) VALUES (431, 1);
INSERT INTO website_personas (website_id, persona_id) VALUES (431, 5);
INSERT INTO websites (id, name, slug, url, short_description, purpose, category_id, click_count, is_active) VALUES (432, 'GeniMind', 'genimind-6597', 'https://genimind-6597.com', 'An incredibly advanced AI tool revolutionizing the way you handle code & development. Try GeniMind today.', 'Creative Studio', 5, 0, 1);
INSERT INTO website_intents (website_id, intent_id) VALUES (432, 6);
INSERT INTO website_intents (website_id, intent_id) VALUES (432, 1);
INSERT INTO website_personas (website_id, persona_id) VALUES (432, 2);
INSERT INTO websites (id, name, slug, url, short_description, purpose, category_id, click_count, is_active) VALUES (433, 'Autoly Pro', 'autoly-pro-3924', 'https://autoly-pro-3924.com', 'Enhance your productivity with Autoly Pro. Perfect for seamless code & development automation.', 'Productivity Engine', 5, 0, 1);
INSERT INTO website_intents (website_id, intent_id) VALUES (433, 6);
INSERT INTO website_intents (website_id, intent_id) VALUES (433, 5);
INSERT INTO website_personas (website_id, persona_id) VALUES (433, 5);
INSERT INTO websites (id, name, slug, url, short_description, purpose, category_id, click_count, is_active) VALUES (434, 'SyntheBot', 'synthebot-1385', 'https://synthebot-1385.com', 'An incredibly advanced AI tool revolutionizing the way you handle code & development. Try SyntheBot today.', 'Creative Studio', 5, 0, 1);
INSERT INTO website_intents (website_id, intent_id) VALUES (434, 6);
INSERT INTO website_personas (website_id, persona_id) VALUES (434, 4);
INSERT INTO website_personas (website_id, persona_id) VALUES (434, 3);
INSERT INTO websites (id, name, slug, url, short_description, purpose, category_id, click_count, is_active) VALUES (435, 'HyperGen', 'hypergen-3836', 'https://hypergen-3836.com', 'An incredibly advanced AI tool revolutionizing the way you handle code & development. Try HyperGen today.', 'Productivity Engine', 5, 0, 1);
INSERT INTO website_intents (website_id, intent_id) VALUES (435, 6);
INSERT INTO website_intents (website_id, intent_id) VALUES (435, 3);
INSERT INTO website_personas (website_id, persona_id) VALUES (435, 5);
INSERT INTO website_personas (website_id, persona_id) VALUES (435, 4);
INSERT INTO websites (id, name, slug, url, short_description, purpose, category_id, click_count, is_active) VALUES (436, 'ZenGen', 'zengen-608', 'https://zengen-608.com', 'Enhance your productivity with ZenGen. Perfect for seamless code & development automation.', 'Creative Studio', 5, 0, 1);
INSERT INTO website_intents (website_id, intent_id) VALUES (436, 2);
INSERT INTO website_personas (website_id, persona_id) VALUES (436, 1);
INSERT INTO websites (id, name, slug, url, short_description, purpose, category_id, click_count, is_active) VALUES (437, 'GeniForge', 'geniforge-750', 'https://geniforge-750.com', 'An incredibly advanced AI tool revolutionizing the way you handle code & development. Try GeniForge today.', 'Productivity Engine', 5, 0, 1);
INSERT INTO website_intents (website_id, intent_id) VALUES (437, 2);
INSERT INTO website_personas (website_id, persona_id) VALUES (437, 5);
INSERT INTO website_personas (website_id, persona_id) VALUES (437, 3);
INSERT INTO websites (id, name, slug, url, short_description, purpose, category_id, click_count, is_active) VALUES (438, 'GeniMate Pro', 'genimate-pro-2746', 'https://genimate-pro-2746.com', 'An incredibly advanced AI tool revolutionizing the way you handle code & development. Try GeniMate Pro today.', 'Creative Studio', 5, 0, 1);
INSERT INTO website_intents (website_id, intent_id) VALUES (438, 3);
INSERT INTO website_intents (website_id, intent_id) VALUES (438, 5);
INSERT INTO website_personas (website_id, persona_id) VALUES (438, 4);
INSERT INTO website_personas (website_id, persona_id) VALUES (438, 1);
INSERT INTO websites (id, name, slug, url, short_description, purpose, category_id, click_count, is_active) VALUES (439, 'CogniSync Pro', 'cognisync-pro-7482', 'https://cognisync-pro-7482.com', 'Enhance your productivity with CogniSync Pro. Perfect for seamless code & development automation.', 'Productivity Engine', 5, 0, 1);
INSERT INTO website_intents (website_id, intent_id) VALUES (439, 6);
INSERT INTO website_personas (website_id, persona_id) VALUES (439, 3);
INSERT INTO website_personas (website_id, persona_id) VALUES (439, 6);
INSERT INTO websites (id, name, slug, url, short_description, purpose, category_id, click_count, is_active) VALUES (440, 'ZenAI', 'zenai-9244', 'https://zenai-9244.com', 'An incredibly advanced AI tool revolutionizing the way you handle code & development. Try ZenAI today.', 'Creative Studio', 5, 0, 1);
INSERT INTO website_intents (website_id, intent_id) VALUES (440, 6);
INSERT INTO website_intents (website_id, intent_id) VALUES (440, 5);
INSERT INTO website_personas (website_id, persona_id) VALUES (440, 4);
INSERT INTO website_personas (website_id, persona_id) VALUES (440, 2);
INSERT INTO websites (id, name, slug, url, short_description, purpose, category_id, click_count, is_active) VALUES (441, 'QuickMind Pro', 'quickmind-pro-3984', 'https://quickmind-pro-3984.com', 'An incredibly advanced AI tool revolutionizing the way you handle code & development. Try QuickMind Pro today.', 'Productivity Engine', 5, 0, 1);
INSERT INTO website_intents (website_id, intent_id) VALUES (441, 4);
INSERT INTO website_intents (website_id, intent_id) VALUES (441, 6);
INSERT INTO website_personas (website_id, persona_id) VALUES (441, 1);
INSERT INTO website_personas (website_id, persona_id) VALUES (441, 2);
INSERT INTO websites (id, name, slug, url, short_description, purpose, category_id, click_count, is_active) VALUES (442, 'ProSync', 'prosync-8540', 'https://prosync-8540.com', 'Enhance your productivity with ProSync. Perfect for seamless code & development automation.', 'Creative Studio', 5, 0, 1);
INSERT INTO website_intents (website_id, intent_id) VALUES (442, 5);
INSERT INTO website_personas (website_id, persona_id) VALUES (442, 3);
INSERT INTO websites (id, name, slug, url, short_description, purpose, category_id, click_count, is_active) VALUES (443, 'CogniFlow', 'cogniflow-9620', 'https://cogniflow-9620.com', 'An incredibly advanced AI tool revolutionizing the way you handle code & development. Try CogniFlow today.', 'Productivity Engine', 5, 0, 1);
INSERT INTO website_intents (website_id, intent_id) VALUES (443, 3);
INSERT INTO website_intents (website_id, intent_id) VALUES (443, 2);
INSERT INTO website_personas (website_id, persona_id) VALUES (443, 2);
INSERT INTO websites (id, name, slug, url, short_description, purpose, category_id, click_count, is_active) VALUES (444, 'NextSync Pro', 'nextsync-pro-3867', 'https://nextsync-pro-3867.com', 'An incredibly advanced AI tool revolutionizing the way you handle code & development. Try NextSync Pro today.', 'Creative Studio', 5, 0, 1);
INSERT INTO website_intents (website_id, intent_id) VALUES (444, 5);
INSERT INTO website_intents (website_id, intent_id) VALUES (444, 4);
INSERT INTO website_personas (website_id, persona_id) VALUES (444, 1);
INSERT INTO websites (id, name, slug, url, short_description, purpose, category_id, click_count, is_active) VALUES (445, 'Nextly', 'nextly-5919', 'https://nextly-5919.com', 'Enhance your productivity with Nextly. Perfect for seamless code & development automation.', 'Productivity Engine', 5, 0, 1);
INSERT INTO website_intents (website_id, intent_id) VALUES (445, 6);
INSERT INTO website_personas (website_id, persona_id) VALUES (445, 6);
INSERT INTO websites (id, name, slug, url, short_description, purpose, category_id, click_count, is_active) VALUES (446, 'CogniFlow', 'cogniflow-1275', 'https://cogniflow-1275.com', 'An incredibly advanced AI tool revolutionizing the way you handle code & development. Try CogniFlow today.', 'Creative Studio', 5, 0, 1);
INSERT INTO website_intents (website_id, intent_id) VALUES (446, 3);
INSERT INTO website_intents (website_id, intent_id) VALUES (446, 4);
INSERT INTO website_personas (website_id, persona_id) VALUES (446, 2);
INSERT INTO website_personas (website_id, persona_id) VALUES (446, 1);
INSERT INTO websites (id, name, slug, url, short_description, purpose, category_id, click_count, is_active) VALUES (447, 'VibeBot Pro', 'vibebot-pro-5363', 'https://vibebot-pro-5363.com', 'An incredibly advanced AI tool revolutionizing the way you handle code & development. Try VibeBot Pro today.', 'Productivity Engine', 5, 0, 1);
INSERT INTO website_intents (website_id, intent_id) VALUES (447, 4);
INSERT INTO website_personas (website_id, persona_id) VALUES (447, 3);
INSERT INTO websites (id, name, slug, url, short_description, purpose, category_id, click_count, is_active) VALUES (448, 'Syntheify', 'syntheify-307', 'https://syntheify-307.com', 'Enhance your productivity with Syntheify. Perfect for seamless code & development automation.', 'Creative Studio', 5, 0, 1);
INSERT INTO website_intents (website_id, intent_id) VALUES (448, 6);
INSERT INTO website_intents (website_id, intent_id) VALUES (448, 4);
INSERT INTO website_personas (website_id, persona_id) VALUES (448, 1);
INSERT INTO websites (id, name, slug, url, short_description, purpose, category_id, click_count, is_active) VALUES (449, 'Quickify', 'quickify-244', 'https://quickify-244.com', 'An incredibly advanced AI tool revolutionizing the way you handle code & development. Try Quickify today.', 'Productivity Engine', 5, 0, 1);
INSERT INTO website_intents (website_id, intent_id) VALUES (449, 4);
INSERT INTO website_intents (website_id, intent_id) VALUES (449, 2);
INSERT INTO website_personas (website_id, persona_id) VALUES (449, 1);
INSERT INTO website_personas (website_id, persona_id) VALUES (449, 2);
INSERT INTO websites (id, name, slug, url, short_description, purpose, category_id, click_count, is_active) VALUES (450, 'FlowCraft', 'flowcraft-5525', 'https://flowcraft-5525.com', 'An incredibly advanced AI tool revolutionizing the way you handle code & development. Try FlowCraft today.', 'Creative Studio', 5, 0, 1);
INSERT INTO website_intents (website_id, intent_id) VALUES (450, 1);
INSERT INTO website_personas (website_id, persona_id) VALUES (450, 3);
INSERT INTO website_personas (website_id, persona_id) VALUES (450, 2);
INSERT INTO websites (id, name, slug, url, short_description, purpose, category_id, click_count, is_active) VALUES (451, 'QuickBot Pro', 'quickbot-pro-9085', 'https://quickbot-pro-9085.com', 'Enhance your productivity with QuickBot Pro. Perfect for seamless code & development automation.', 'Productivity Engine', 5, 0, 1);
INSERT INTO website_intents (website_id, intent_id) VALUES (451, 6);
INSERT INTO website_personas (website_id, persona_id) VALUES (451, 1);
INSERT INTO website_personas (website_id, persona_id) VALUES (451, 2);
INSERT INTO websites (id, name, slug, url, short_description, purpose, category_id, click_count, is_active) VALUES (452, 'HyperGen Pro', 'hypergen-pro-2669', 'https://hypergen-pro-2669.com', 'An incredibly advanced AI tool revolutionizing the way you handle code & development. Try HyperGen Pro today.', 'Creative Studio', 5, 0, 1);
INSERT INTO website_intents (website_id, intent_id) VALUES (452, 1);
INSERT INTO website_personas (website_id, persona_id) VALUES (452, 1);
INSERT INTO website_personas (website_id, persona_id) VALUES (452, 2);
INSERT INTO websites (id, name, slug, url, short_description, purpose, category_id, click_count, is_active) VALUES (453, 'Smartly', 'smartly-2935', 'https://smartly-2935.com', 'An incredibly advanced AI tool revolutionizing the way you handle code & development. Try Smartly today.', 'Productivity Engine', 5, 0, 1);
INSERT INTO website_intents (website_id, intent_id) VALUES (453, 4);
INSERT INTO website_personas (website_id, persona_id) VALUES (453, 2);
INSERT INTO websites (id, name, slug, url, short_description, purpose, category_id, click_count, is_active) VALUES (454, 'ZenGen Pro', 'zengen-pro-6180', 'https://zengen-pro-6180.com', 'Enhance your productivity with ZenGen Pro. Perfect for seamless code & development automation.', 'Creative Studio', 5, 0, 1);
INSERT INTO website_intents (website_id, intent_id) VALUES (454, 6);
INSERT INTO website_personas (website_id, persona_id) VALUES (454, 4);
INSERT INTO website_personas (website_id, persona_id) VALUES (454, 3);
INSERT INTO websites (id, name, slug, url, short_description, purpose, category_id, click_count, is_active) VALUES (455, 'VibeAI', 'vibeai-2046', 'https://vibeai-2046.com', 'An incredibly advanced AI tool revolutionizing the way you handle code & development. Try VibeAI today.', 'Productivity Engine', 5, 0, 1);
INSERT INTO website_intents (website_id, intent_id) VALUES (455, 5);
INSERT INTO website_intents (website_id, intent_id) VALUES (455, 6);
INSERT INTO website_personas (website_id, persona_id) VALUES (455, 1);
INSERT INTO websites (id, name, slug, url, short_description, purpose, category_id, click_count, is_active) VALUES (456, 'VibeGen', 'vibegen-3408', 'https://vibegen-3408.com', 'An incredibly advanced AI tool revolutionizing the way you handle code & development. Try VibeGen today.', 'Creative Studio', 5, 0, 1);
INSERT INTO website_intents (website_id, intent_id) VALUES (456, 6);
INSERT INTO website_personas (website_id, persona_id) VALUES (456, 4);
INSERT INTO websites (id, name, slug, url, short_description, purpose, category_id, click_count, is_active) VALUES (457, 'Autoly', 'autoly-4700', 'https://autoly-4700.com', 'Enhance your productivity with Autoly. Perfect for seamless code & development automation.', 'Productivity Engine', 5, 0, 1);
INSERT INTO website_intents (website_id, intent_id) VALUES (457, 4);
INSERT INTO website_intents (website_id, intent_id) VALUES (457, 6);
INSERT INTO website_personas (website_id, persona_id) VALUES (457, 1);
INSERT INTO websites (id, name, slug, url, short_description, purpose, category_id, click_count, is_active) VALUES (458, 'CogniForge', 'cogniforge-6812', 'https://cogniforge-6812.com', 'An incredibly advanced AI tool revolutionizing the way you handle code & development. Try CogniForge today.', 'Creative Studio', 5, 0, 1);
INSERT INTO website_intents (website_id, intent_id) VALUES (458, 4);
INSERT INTO website_personas (website_id, persona_id) VALUES (458, 2);
INSERT INTO website_personas (website_id, persona_id) VALUES (458, 5);
INSERT INTO websites (id, name, slug, url, short_description, purpose, category_id, click_count, is_active) VALUES (459, 'VibeBase', 'vibebase-6883', 'https://vibebase-6883.com', 'An incredibly advanced AI tool revolutionizing the way you handle code & development. Try VibeBase today.', 'Productivity Engine', 5, 0, 1);
INSERT INTO website_intents (website_id, intent_id) VALUES (459, 1);
INSERT INTO website_intents (website_id, intent_id) VALUES (459, 4);
INSERT INTO website_personas (website_id, persona_id) VALUES (459, 1);
INSERT INTO websites (id, name, slug, url, short_description, purpose, category_id, click_count, is_active) VALUES (460, 'VibeGen Pro', 'vibegen-pro-1564', 'https://vibegen-pro-1564.com', 'Enhance your productivity with VibeGen Pro. Perfect for seamless code & development automation.', 'Creative Studio', 5, 0, 1);
INSERT INTO website_intents (website_id, intent_id) VALUES (460, 4);
INSERT INTO website_intents (website_id, intent_id) VALUES (460, 1);
INSERT INTO website_personas (website_id, persona_id) VALUES (460, 6);
INSERT INTO website_personas (website_id, persona_id) VALUES (460, 5);
INSERT INTO websites (id, name, slug, url, short_description, purpose, category_id, click_count, is_active) VALUES (461, 'SmartCraft', 'smartcraft-7245', 'https://smartcraft-7245.com', 'An incredibly advanced AI tool revolutionizing the way you handle code & development. Try SmartCraft today.', 'Productivity Engine', 5, 0, 1);
INSERT INTO website_intents (website_id, intent_id) VALUES (461, 4);
INSERT INTO website_personas (website_id, persona_id) VALUES (461, 2);
INSERT INTO website_personas (website_id, persona_id) VALUES (461, 1);
INSERT INTO websites (id, name, slug, url, short_description, purpose, category_id, click_count, is_active) VALUES (462, 'SmartCraft', 'smartcraft-1812', 'https://smartcraft-1812.com', 'An incredibly advanced AI tool revolutionizing the way you handle code & development. Try SmartCraft today.', 'Creative Studio', 5, 0, 1);
INSERT INTO website_intents (website_id, intent_id) VALUES (462, 6);
INSERT INTO website_intents (website_id, intent_id) VALUES (462, 5);
INSERT INTO website_personas (website_id, persona_id) VALUES (462, 1);
INSERT INTO websites (id, name, slug, url, short_description, purpose, category_id, click_count, is_active) VALUES (463, 'HyperBase', 'hyperbase-1651', 'https://hyperbase-1651.com', 'Enhance your productivity with HyperBase. Perfect for seamless code & development automation.', 'Productivity Engine', 5, 0, 1);
INSERT INTO website_intents (website_id, intent_id) VALUES (463, 3);
INSERT INTO website_intents (website_id, intent_id) VALUES (463, 5);
INSERT INTO website_personas (website_id, persona_id) VALUES (463, 6);
INSERT INTO websites (id, name, slug, url, short_description, purpose, category_id, click_count, is_active) VALUES (464, 'SyntheSync', 'synthesync-2502', 'https://synthesync-2502.com', 'An incredibly advanced AI tool revolutionizing the way you handle code & development. Try SyntheSync today.', 'Creative Studio', 5, 0, 1);
INSERT INTO website_intents (website_id, intent_id) VALUES (464, 5);
INSERT INTO website_personas (website_id, persona_id) VALUES (464, 3);
INSERT INTO website_personas (website_id, persona_id) VALUES (464, 2);
INSERT INTO websites (id, name, slug, url, short_description, purpose, category_id, click_count, is_active) VALUES (465, 'GeniSync', 'genisync-1920', 'https://genisync-1920.com', 'An incredibly advanced AI tool revolutionizing the way you handle code & development. Try GeniSync today.', 'Productivity Engine', 5, 0, 1);
INSERT INTO website_intents (website_id, intent_id) VALUES (465, 3);
INSERT INTO website_intents (website_id, intent_id) VALUES (465, 2);
INSERT INTO website_personas (website_id, persona_id) VALUES (465, 1);
INSERT INTO websites (id, name, slug, url, short_description, purpose, category_id, click_count, is_active) VALUES (466, 'Autoly', 'autoly-4975', 'https://autoly-4975.com', 'Enhance your productivity with Autoly. Perfect for seamless code & development automation.', 'Creative Studio', 5, 0, 1);
INSERT INTO website_intents (website_id, intent_id) VALUES (466, 6);
INSERT INTO website_intents (website_id, intent_id) VALUES (466, 4);
INSERT INTO website_personas (website_id, persona_id) VALUES (466, 3);
INSERT INTO website_personas (website_id, persona_id) VALUES (466, 4);
INSERT INTO websites (id, name, slug, url, short_description, purpose, category_id, click_count, is_active) VALUES (467, 'SmartGen', 'smartgen-3441', 'https://smartgen-3441.com', 'An incredibly advanced AI tool revolutionizing the way you handle code & development. Try SmartGen today.', 'Productivity Engine', 5, 0, 1);
INSERT INTO website_intents (website_id, intent_id) VALUES (467, 4);
INSERT INTO website_intents (website_id, intent_id) VALUES (467, 2);
INSERT INTO website_personas (website_id, persona_id) VALUES (467, 3);
INSERT INTO websites (id, name, slug, url, short_description, purpose, category_id, click_count, is_active) VALUES (468, 'FlowCraft', 'flowcraft-6122', 'https://flowcraft-6122.com', 'An incredibly advanced AI tool revolutionizing the way you handle code & development. Try FlowCraft today.', 'Creative Studio', 5, 0, 1);
INSERT INTO website_intents (website_id, intent_id) VALUES (468, 1);
INSERT INTO website_personas (website_id, persona_id) VALUES (468, 1);
INSERT INTO websites (id, name, slug, url, short_description, purpose, category_id, click_count, is_active) VALUES (469, 'ProBase Pro', 'probase-pro-7406', 'https://probase-pro-7406.com', 'Enhance your productivity with ProBase Pro. Perfect for seamless code & development automation.', 'Productivity Engine', 5, 0, 1);
INSERT INTO website_intents (website_id, intent_id) VALUES (469, 3);
INSERT INTO website_intents (website_id, intent_id) VALUES (469, 4);
INSERT INTO website_personas (website_id, persona_id) VALUES (469, 3);
INSERT INTO websites (id, name, slug, url, short_description, purpose, category_id, click_count, is_active) VALUES (470, 'SmartFlow Pro', 'smartflow-pro-5852', 'https://smartflow-pro-5852.com', 'An incredibly advanced AI tool revolutionizing the way you handle code & development. Try SmartFlow Pro today.', 'Creative Studio', 5, 0, 1);
INSERT INTO website_intents (website_id, intent_id) VALUES (470, 4);
INSERT INTO website_personas (website_id, persona_id) VALUES (470, 6);
INSERT INTO websites (id, name, slug, url, short_description, purpose, category_id, click_count, is_active) VALUES (471, 'NextBase', 'nextbase-733', 'https://nextbase-733.com', 'An incredibly advanced AI tool revolutionizing the way you handle code & development. Try NextBase today.', 'Productivity Engine', 5, 0, 1);
INSERT INTO website_intents (website_id, intent_id) VALUES (471, 6);
INSERT INTO website_personas (website_id, persona_id) VALUES (471, 5);
INSERT INTO website_personas (website_id, persona_id) VALUES (471, 1);
INSERT INTO websites (id, name, slug, url, short_description, purpose, category_id, click_count, is_active) VALUES (472, 'DeepMate', 'deepmate-3478', 'https://deepmate-3478.com', 'Enhance your productivity with DeepMate. Perfect for seamless code & development automation.', 'Creative Studio', 5, 0, 1);
INSERT INTO website_intents (website_id, intent_id) VALUES (472, 1);
INSERT INTO website_personas (website_id, persona_id) VALUES (472, 4);
INSERT INTO websites (id, name, slug, url, short_description, purpose, category_id, click_count, is_active) VALUES (473, 'HyperCraft', 'hypercraft-2046', 'https://hypercraft-2046.com', 'An incredibly advanced AI tool revolutionizing the way you handle code & development. Try HyperCraft today.', 'Productivity Engine', 5, 0, 1);
INSERT INTO website_intents (website_id, intent_id) VALUES (473, 2);
INSERT INTO website_personas (website_id, persona_id) VALUES (473, 3);
INSERT INTO website_personas (website_id, persona_id) VALUES (473, 5);
INSERT INTO websites (id, name, slug, url, short_description, purpose, category_id, click_count, is_active) VALUES (474, 'SyntheFlow', 'syntheflow-9000', 'https://syntheflow-9000.com', 'An incredibly advanced AI tool revolutionizing the way you handle code & development. Try SyntheFlow today.', 'Creative Studio', 5, 0, 1);
INSERT INTO website_intents (website_id, intent_id) VALUES (474, 3);
INSERT INTO website_personas (website_id, persona_id) VALUES (474, 5);
INSERT INTO websites (id, name, slug, url, short_description, purpose, category_id, click_count, is_active) VALUES (475, 'CogniBot', 'cognibot-6650', 'https://cognibot-6650.com', 'Enhance your productivity with CogniBot. Perfect for seamless code & development automation.', 'Productivity Engine', 5, 0, 1);
INSERT INTO website_intents (website_id, intent_id) VALUES (475, 6);
INSERT INTO website_personas (website_id, persona_id) VALUES (475, 1);
INSERT INTO websites (id, name, slug, url, short_description, purpose, category_id, click_count, is_active) VALUES (476, 'DeepCraft', 'deepcraft-7298', 'https://deepcraft-7298.com', 'An incredibly advanced AI tool revolutionizing the way you handle code & development. Try DeepCraft today.', 'Creative Studio', 5, 0, 1);
INSERT INTO website_intents (website_id, intent_id) VALUES (476, 1);
INSERT INTO website_personas (website_id, persona_id) VALUES (476, 1);
INSERT INTO websites (id, name, slug, url, short_description, purpose, category_id, click_count, is_active) VALUES (477, 'CogniFlow', 'cogniflow-3652', 'https://cogniflow-3652.com', 'An incredibly advanced AI tool revolutionizing the way you handle code & development. Try CogniFlow today.', 'Productivity Engine', 5, 0, 1);
INSERT INTO website_intents (website_id, intent_id) VALUES (477, 2);
INSERT INTO website_personas (website_id, persona_id) VALUES (477, 6);
INSERT INTO websites (id, name, slug, url, short_description, purpose, category_id, click_count, is_active) VALUES (478, 'SmartGen', 'smartgen-2911', 'https://smartgen-2911.com', 'Enhance your productivity with SmartGen. Perfect for seamless code & development automation.', 'Creative Studio', 5, 0, 1);
INSERT INTO website_intents (website_id, intent_id) VALUES (478, 4);
INSERT INTO website_personas (website_id, persona_id) VALUES (478, 5);
INSERT INTO website_personas (website_id, persona_id) VALUES (478, 4);
INSERT INTO websites (id, name, slug, url, short_description, purpose, category_id, click_count, is_active) VALUES (479, 'GeniAI', 'geniai-3670', 'https://geniai-3670.com', 'An incredibly advanced AI tool revolutionizing the way you handle code & development. Try GeniAI today.', 'Productivity Engine', 5, 0, 1);
INSERT INTO website_intents (website_id, intent_id) VALUES (479, 1);
INSERT INTO website_intents (website_id, intent_id) VALUES (479, 5);
INSERT INTO website_personas (website_id, persona_id) VALUES (479, 2);
INSERT INTO websites (id, name, slug, url, short_description, purpose, category_id, click_count, is_active) VALUES (480, 'ProMind', 'promind-845', 'https://promind-845.com', 'An incredibly advanced AI tool revolutionizing the way you handle code & development. Try ProMind today.', 'Creative Studio', 5, 0, 1);
INSERT INTO website_intents (website_id, intent_id) VALUES (480, 1);
INSERT INTO website_intents (website_id, intent_id) VALUES (480, 2);
INSERT INTO website_personas (website_id, persona_id) VALUES (480, 2);
INSERT INTO website_personas (website_id, persona_id) VALUES (480, 1);
INSERT INTO websites (id, name, slug, url, short_description, purpose, category_id, click_count, is_active) VALUES (481, 'AutoMate Pro', 'automate-pro-827', 'https://automate-pro-827.com', 'Enhance your productivity with AutoMate Pro. Perfect for seamless code & development automation.', 'Productivity Engine', 5, 0, 1);
INSERT INTO website_intents (website_id, intent_id) VALUES (481, 1);
INSERT INTO website_personas (website_id, persona_id) VALUES (481, 4);
INSERT INTO website_personas (website_id, persona_id) VALUES (481, 2);
INSERT INTO websites (id, name, slug, url, short_description, purpose, category_id, click_count, is_active) VALUES (482, 'CogniForge', 'cogniforge-5669', 'https://cogniforge-5669.com', 'An incredibly advanced AI tool revolutionizing the way you handle code & development. Try CogniForge today.', 'Creative Studio', 5, 0, 1);
INSERT INTO website_intents (website_id, intent_id) VALUES (482, 3);
INSERT INTO website_personas (website_id, persona_id) VALUES (482, 1);
INSERT INTO websites (id, name, slug, url, short_description, purpose, category_id, click_count, is_active) VALUES (483, 'QuickCraft', 'quickcraft-3744', 'https://quickcraft-3744.com', 'An incredibly advanced AI tool revolutionizing the way you handle code & development. Try QuickCraft today.', 'Productivity Engine', 5, 0, 1);
INSERT INTO website_intents (website_id, intent_id) VALUES (483, 2);
INSERT INTO website_intents (website_id, intent_id) VALUES (483, 3);
INSERT INTO website_personas (website_id, persona_id) VALUES (483, 4);
INSERT INTO websites (id, name, slug, url, short_description, purpose, category_id, click_count, is_active) VALUES (484, 'VibeGen', 'vibegen-319', 'https://vibegen-319.com', 'Enhance your productivity with VibeGen. Perfect for seamless code & development automation.', 'Creative Studio', 5, 0, 1);
INSERT INTO website_intents (website_id, intent_id) VALUES (484, 6);
INSERT INTO website_intents (website_id, intent_id) VALUES (484, 5);
INSERT INTO website_personas (website_id, persona_id) VALUES (484, 5);
INSERT INTO websites (id, name, slug, url, short_description, purpose, category_id, click_count, is_active) VALUES (485, 'FlowForge', 'flowforge-6456', 'https://flowforge-6456.com', 'An incredibly advanced AI tool revolutionizing the way you handle code & development. Try FlowForge today.', 'Productivity Engine', 5, 0, 1);
INSERT INTO website_intents (website_id, intent_id) VALUES (485, 2);
INSERT INTO website_intents (website_id, intent_id) VALUES (485, 6);
INSERT INTO website_personas (website_id, persona_id) VALUES (485, 4);
INSERT INTO website_personas (website_id, persona_id) VALUES (485, 5);
INSERT INTO websites (id, name, slug, url, short_description, purpose, category_id, click_count, is_active) VALUES (486, 'GeniAI', 'geniai-8136', 'https://geniai-8136.com', 'An incredibly advanced AI tool revolutionizing the way you handle code & development. Try GeniAI today.', 'Creative Studio', 5, 0, 1);
INSERT INTO website_intents (website_id, intent_id) VALUES (486, 5);
INSERT INTO website_personas (website_id, persona_id) VALUES (486, 3);
INSERT INTO websites (id, name, slug, url, short_description, purpose, category_id, click_count, is_active) VALUES (487, 'Hyperly', 'hyperly-155', 'https://hyperly-155.com', 'Enhance your productivity with Hyperly. Perfect for seamless code & development automation.', 'Productivity Engine', 5, 0, 1);
INSERT INTO website_intents (website_id, intent_id) VALUES (487, 6);
INSERT INTO website_personas (website_id, persona_id) VALUES (487, 1);
INSERT INTO website_personas (website_id, persona_id) VALUES (487, 6);
INSERT INTO websites (id, name, slug, url, short_description, purpose, category_id, click_count, is_active) VALUES (488, 'VibeSync', 'vibesync-3015', 'https://vibesync-3015.com', 'An incredibly advanced AI tool revolutionizing the way you handle code & development. Try VibeSync today.', 'Creative Studio', 5, 0, 1);
INSERT INTO website_intents (website_id, intent_id) VALUES (488, 2);
INSERT INTO website_intents (website_id, intent_id) VALUES (488, 3);
INSERT INTO website_personas (website_id, persona_id) VALUES (488, 1);
INSERT INTO websites (id, name, slug, url, short_description, purpose, category_id, click_count, is_active) VALUES (489, 'AutoBase', 'autobase-6544', 'https://autobase-6544.com', 'An incredibly advanced AI tool revolutionizing the way you handle code & development. Try AutoBase today.', 'Productivity Engine', 5, 0, 1);
INSERT INTO website_intents (website_id, intent_id) VALUES (489, 1);
INSERT INTO website_personas (website_id, persona_id) VALUES (489, 5);
INSERT INTO website_personas (website_id, persona_id) VALUES (489, 3);
INSERT INTO websites (id, name, slug, url, short_description, purpose, category_id, click_count, is_active) VALUES (490, 'HyperBase', 'hyperbase-3599', 'https://hyperbase-3599.com', 'Enhance your productivity with HyperBase. Perfect for seamless code & development automation.', 'Creative Studio', 5, 0, 1);
INSERT INTO website_intents (website_id, intent_id) VALUES (490, 1);
INSERT INTO website_personas (website_id, persona_id) VALUES (490, 1);
INSERT INTO website_personas (website_id, persona_id) VALUES (490, 2);
INSERT INTO websites (id, name, slug, url, short_description, purpose, category_id, click_count, is_active) VALUES (491, 'QuickForge', 'quickforge-3729', 'https://quickforge-3729.com', 'An incredibly advanced AI tool revolutionizing the way you handle code & development. Try QuickForge today.', 'Productivity Engine', 5, 0, 1);
INSERT INTO website_intents (website_id, intent_id) VALUES (491, 1);
INSERT INTO website_personas (website_id, persona_id) VALUES (491, 1);
INSERT INTO websites (id, name, slug, url, short_description, purpose, category_id, click_count, is_active) VALUES (492, 'AutoCraft', 'autocraft-9940', 'https://autocraft-9940.com', 'An incredibly advanced AI tool revolutionizing the way you handle code & development. Try AutoCraft today.', 'Creative Studio', 5, 0, 1);
INSERT INTO website_intents (website_id, intent_id) VALUES (492, 6);
INSERT INTO website_intents (website_id, intent_id) VALUES (492, 5);
INSERT INTO website_personas (website_id, persona_id) VALUES (492, 2);
INSERT INTO websites (id, name, slug, url, short_description, purpose, category_id, click_count, is_active) VALUES (493, 'Nextly', 'nextly-1825', 'https://nextly-1825.com', 'Enhance your productivity with Nextly. Perfect for seamless code & development automation.', 'Productivity Engine', 5, 0, 1);
INSERT INTO website_intents (website_id, intent_id) VALUES (493, 3);
INSERT INTO website_personas (website_id, persona_id) VALUES (493, 6);
INSERT INTO websites (id, name, slug, url, short_description, purpose, category_id, click_count, is_active) VALUES (494, 'SmartSync', 'smartsync-4945', 'https://smartsync-4945.com', 'An incredibly advanced AI tool revolutionizing the way you handle code & development. Try SmartSync today.', 'Creative Studio', 5, 0, 1);
INSERT INTO website_intents (website_id, intent_id) VALUES (494, 1);
INSERT INTO website_intents (website_id, intent_id) VALUES (494, 2);
INSERT INTO website_personas (website_id, persona_id) VALUES (494, 5);
INSERT INTO websites (id, name, slug, url, short_description, purpose, category_id, click_count, is_active) VALUES (495, 'HyperCraft', 'hypercraft-4394', 'https://hypercraft-4394.com', 'An incredibly advanced AI tool revolutionizing the way you handle code & development. Try HyperCraft today.', 'Productivity Engine', 5, 0, 1);
INSERT INTO website_intents (website_id, intent_id) VALUES (495, 1);
INSERT INTO website_intents (website_id, intent_id) VALUES (495, 2);
INSERT INTO website_personas (website_id, persona_id) VALUES (495, 2);
INSERT INTO website_personas (website_id, persona_id) VALUES (495, 4);
INSERT INTO websites (id, name, slug, url, short_description, purpose, category_id, click_count, is_active) VALUES (496, 'HyperFlow', 'hyperflow-6213', 'https://hyperflow-6213.com', 'Enhance your productivity with HyperFlow. Perfect for seamless code & development automation.', 'Creative Studio', 5, 0, 1);
INSERT INTO website_intents (website_id, intent_id) VALUES (496, 4);
INSERT INTO website_personas (website_id, persona_id) VALUES (496, 6);
INSERT INTO websites (id, name, slug, url, short_description, purpose, category_id, click_count, is_active) VALUES (497, 'QuickForge', 'quickforge-1226', 'https://quickforge-1226.com', 'An incredibly advanced AI tool revolutionizing the way you handle code & development. Try QuickForge today.', 'Productivity Engine', 5, 0, 1);
INSERT INTO website_intents (website_id, intent_id) VALUES (497, 3);
INSERT INTO website_personas (website_id, persona_id) VALUES (497, 2);
INSERT INTO website_personas (website_id, persona_id) VALUES (497, 5);
INSERT INTO websites (id, name, slug, url, short_description, purpose, category_id, click_count, is_active) VALUES (498, 'DeepSync', 'deepsync-8308', 'https://deepsync-8308.com', 'An incredibly advanced AI tool revolutionizing the way you handle code & development. Try DeepSync today.', 'Creative Studio', 5, 0, 1);
INSERT INTO website_intents (website_id, intent_id) VALUES (498, 1);
INSERT INTO website_personas (website_id, persona_id) VALUES (498, 6);
INSERT INTO website_personas (website_id, persona_id) VALUES (498, 1);
INSERT INTO websites (id, name, slug, url, short_description, purpose, category_id, click_count, is_active) VALUES (499, 'DeepGen', 'deepgen-2145', 'https://deepgen-2145.com', 'Enhance your productivity with DeepGen. Perfect for seamless code & development automation.', 'Productivity Engine', 5, 0, 1);
INSERT INTO website_intents (website_id, intent_id) VALUES (499, 3);
INSERT INTO website_intents (website_id, intent_id) VALUES (499, 5);
INSERT INTO website_personas (website_id, persona_id) VALUES (499, 2);
INSERT INTO websites (id, name, slug, url, short_description, purpose, category_id, click_count, is_active) VALUES (500, 'SyntheBase', 'synthebase-515', 'https://synthebase-515.com', 'An incredibly advanced AI tool revolutionizing the way you handle code & development. Try SyntheBase today.', 'Creative Studio', 5, 0, 1);
INSERT INTO website_intents (website_id, intent_id) VALUES (500, 1);
INSERT INTO website_personas (website_id, persona_id) VALUES (500, 1);
INSERT INTO websites (id, name, slug, url, short_description, purpose, category_id, click_count, is_active) VALUES (501, 'NextGen Pro', 'nextgen-pro-3848', 'https://nextgen-pro-3848.com', 'An incredibly advanced AI tool revolutionizing the way you handle code & development. Try NextGen Pro today.', 'Productivity Engine', 5, 0, 1);
INSERT INTO website_intents (website_id, intent_id) VALUES (501, 1);
INSERT INTO website_personas (website_id, persona_id) VALUES (501, 4);
INSERT INTO websites (id, name, slug, url, short_description, purpose, category_id, click_count, is_active) VALUES (502, 'HyperAI Pro', 'hyperai-pro-2957', 'https://hyperai-pro-2957.com', 'Enhance your productivity with HyperAI Pro. Perfect for seamless code & development automation.', 'Creative Studio', 5, 0, 1);
INSERT INTO website_intents (website_id, intent_id) VALUES (502, 1);
INSERT INTO website_personas (website_id, persona_id) VALUES (502, 3);
INSERT INTO websites (id, name, slug, url, short_description, purpose, category_id, click_count, is_active) VALUES (503, 'ProFlow', 'proflow-8411', 'https://proflow-8411.com', 'An incredibly advanced AI tool revolutionizing the way you handle code & development. Try ProFlow today.', 'Productivity Engine', 5, 0, 1);
INSERT INTO website_intents (website_id, intent_id) VALUES (503, 3);
INSERT INTO website_intents (website_id, intent_id) VALUES (503, 6);
INSERT INTO website_personas (website_id, persona_id) VALUES (503, 4);
INSERT INTO website_personas (website_id, persona_id) VALUES (503, 1);
INSERT INTO websites (id, name, slug, url, short_description, purpose, category_id, click_count, is_active) VALUES (504, 'GeniMate', 'genimate-7971', 'https://genimate-7971.com', 'An incredibly advanced AI tool revolutionizing the way you handle code & development. Try GeniMate today.', 'Creative Studio', 5, 0, 1);
INSERT INTO website_intents (website_id, intent_id) VALUES (504, 4);
INSERT INTO website_intents (website_id, intent_id) VALUES (504, 5);
INSERT INTO website_personas (website_id, persona_id) VALUES (504, 2);
INSERT INTO websites (id, name, slug, url, short_description, purpose, category_id, click_count, is_active) VALUES (505, 'Flowify', 'flowify-6815', 'https://flowify-6815.com', 'Enhance your productivity with Flowify. Perfect for seamless code & development automation.', 'Productivity Engine', 5, 0, 1);
INSERT INTO website_intents (website_id, intent_id) VALUES (505, 1);
INSERT INTO website_personas (website_id, persona_id) VALUES (505, 1);
INSERT INTO websites (id, name, slug, url, short_description, purpose, category_id, click_count, is_active) VALUES (506, 'Zenly', 'zenly-5354', 'https://zenly-5354.com', 'An incredibly advanced AI tool revolutionizing the way you handle code & development. Try Zenly today.', 'Creative Studio', 5, 0, 1);
INSERT INTO website_intents (website_id, intent_id) VALUES (506, 5);
INSERT INTO website_intents (website_id, intent_id) VALUES (506, 6);
INSERT INTO website_personas (website_id, persona_id) VALUES (506, 1);
INSERT INTO website_personas (website_id, persona_id) VALUES (506, 2);
INSERT INTO websites (id, name, slug, url, short_description, purpose, category_id, click_count, is_active) VALUES (507, 'Geniify', 'geniify-4742', 'https://geniify-4742.com', 'An incredibly advanced AI tool revolutionizing the way you handle code & development. Try Geniify today.', 'Productivity Engine', 5, 0, 1);
INSERT INTO website_intents (website_id, intent_id) VALUES (507, 1);
INSERT INTO website_personas (website_id, persona_id) VALUES (507, 2);
INSERT INTO websites (id, name, slug, url, short_description, purpose, category_id, click_count, is_active) VALUES (508, 'VibeMate', 'vibemate-7546', 'https://vibemate-7546.com', 'Enhance your productivity with VibeMate. Perfect for seamless code & development automation.', 'Creative Studio', 5, 0, 1);
INSERT INTO website_intents (website_id, intent_id) VALUES (508, 1);
INSERT INTO website_personas (website_id, persona_id) VALUES (508, 4);
INSERT INTO websites (id, name, slug, url, short_description, purpose, category_id, click_count, is_active) VALUES (509, 'DeepMind Pro', 'deepmind-pro-5467', 'https://deepmind-pro-5467.com', 'An incredibly advanced AI tool revolutionizing the way you handle code & development. Try DeepMind Pro today.', 'Productivity Engine', 5, 0, 1);
INSERT INTO website_intents (website_id, intent_id) VALUES (509, 2);
INSERT INTO website_personas (website_id, persona_id) VALUES (509, 2);
INSERT INTO website_personas (website_id, persona_id) VALUES (509, 1);
INSERT INTO websites (id, name, slug, url, short_description, purpose, category_id, click_count, is_active) VALUES (510, 'Hyperify', 'hyperify-848', 'https://hyperify-848.com', 'An incredibly advanced AI tool revolutionizing the way you handle code & development. Try Hyperify today.', 'Creative Studio', 5, 0, 1);
INSERT INTO website_intents (website_id, intent_id) VALUES (510, 3);
INSERT INTO website_intents (website_id, intent_id) VALUES (510, 4);
INSERT INTO website_personas (website_id, persona_id) VALUES (510, 1);
INSERT INTO websites (id, name, slug, url, short_description, purpose, category_id, click_count, is_active) VALUES (511, 'Zenly', 'zenly-1995', 'https://zenly-1995.com', 'Enhance your productivity with Zenly. Perfect for seamless code & development automation.', 'Productivity Engine', 5, 0, 1);
INSERT INTO website_intents (website_id, intent_id) VALUES (511, 3);
INSERT INTO website_personas (website_id, persona_id) VALUES (511, 5);
INSERT INTO website_personas (website_id, persona_id) VALUES (511, 3);
INSERT INTO websites (id, name, slug, url, short_description, purpose, category_id, click_count, is_active) VALUES (512, 'DeepForge', 'deepforge-7916', 'https://deepforge-7916.com', 'An incredibly advanced AI tool revolutionizing the way you handle code & development. Try DeepForge today.', 'Creative Studio', 5, 0, 1);
INSERT INTO website_intents (website_id, intent_id) VALUES (512, 6);
INSERT INTO website_intents (website_id, intent_id) VALUES (512, 4);
INSERT INTO website_personas (website_id, persona_id) VALUES (512, 3);
INSERT INTO website_personas (website_id, persona_id) VALUES (512, 4);
INSERT INTO websites (id, name, slug, url, short_description, purpose, category_id, click_count, is_active) VALUES (513, 'AutoMate Pro', 'automate-pro-3840', 'https://automate-pro-3840.com', 'An incredibly advanced AI tool revolutionizing the way you handle code & development. Try AutoMate Pro today.', 'Productivity Engine', 5, 0, 1);
INSERT INTO website_intents (website_id, intent_id) VALUES (513, 6);
INSERT INTO website_personas (website_id, persona_id) VALUES (513, 1);
INSERT INTO website_personas (website_id, persona_id) VALUES (513, 5);
INSERT INTO websites (id, name, slug, url, short_description, purpose, category_id, click_count, is_active) VALUES (514, 'DeepMate Pro', 'deepmate-pro-5423', 'https://deepmate-pro-5423.com', 'Enhance your productivity with DeepMate Pro. Perfect for seamless code & development automation.', 'Creative Studio', 5, 0, 1);
INSERT INTO website_intents (website_id, intent_id) VALUES (514, 1);
INSERT INTO website_intents (website_id, intent_id) VALUES (514, 2);
INSERT INTO website_personas (website_id, persona_id) VALUES (514, 1);
INSERT INTO website_personas (website_id, persona_id) VALUES (514, 2);
INSERT INTO websites (id, name, slug, url, short_description, purpose, category_id, click_count, is_active) VALUES (515, 'AutoMate Pro', 'automate-pro-5347', 'https://automate-pro-5347.com', 'Enhance your productivity with AutoMate Pro. Perfect for seamless data & dashboard automation.', 'Productivity Engine', 6, 0, 1);
INSERT INTO website_intents (website_id, intent_id) VALUES (515, 5);
INSERT INTO website_personas (website_id, persona_id) VALUES (515, 4);
INSERT INTO website_personas (website_id, persona_id) VALUES (515, 1);
INSERT INTO websites (id, name, slug, url, short_description, purpose, category_id, click_count, is_active) VALUES (516, 'HyperGen', 'hypergen-7161', 'https://hypergen-7161.com', 'An incredibly advanced AI tool revolutionizing the way you handle data & dashboard. Try HyperGen today.', 'Creative Studio', 6, 0, 1);
INSERT INTO website_intents (website_id, intent_id) VALUES (516, 6);
INSERT INTO website_intents (website_id, intent_id) VALUES (516, 3);
INSERT INTO website_personas (website_id, persona_id) VALUES (516, 2);
INSERT INTO websites (id, name, slug, url, short_description, purpose, category_id, click_count, is_active) VALUES (517, 'Cogniify', 'cogniify-4068', 'https://cogniify-4068.com', 'An incredibly advanced AI tool revolutionizing the way you handle data & dashboard. Try Cogniify today.', 'Productivity Engine', 6, 0, 1);
INSERT INTO website_intents (website_id, intent_id) VALUES (517, 4);
INSERT INTO website_intents (website_id, intent_id) VALUES (517, 2);
INSERT INTO website_personas (website_id, persona_id) VALUES (517, 1);
INSERT INTO websites (id, name, slug, url, short_description, purpose, category_id, click_count, is_active) VALUES (518, 'Vibeify Pro', 'vibeify-pro-6088', 'https://vibeify-pro-6088.com', 'Enhance your productivity with Vibeify Pro. Perfect for seamless data & dashboard automation.', 'Creative Studio', 6, 0, 1);
INSERT INTO website_intents (website_id, intent_id) VALUES (518, 3);
INSERT INTO website_intents (website_id, intent_id) VALUES (518, 2);
INSERT INTO website_personas (website_id, persona_id) VALUES (518, 2);
INSERT INTO website_personas (website_id, persona_id) VALUES (518, 6);
INSERT INTO websites (id, name, slug, url, short_description, purpose, category_id, click_count, is_active) VALUES (519, 'AutoForge', 'autoforge-2410', 'https://autoforge-2410.com', 'An incredibly advanced AI tool revolutionizing the way you handle data & dashboard. Try AutoForge today.', 'Productivity Engine', 6, 0, 1);
INSERT INTO website_intents (website_id, intent_id) VALUES (519, 4);
INSERT INTO website_intents (website_id, intent_id) VALUES (519, 3);
INSERT INTO website_personas (website_id, persona_id) VALUES (519, 6);
INSERT INTO websites (id, name, slug, url, short_description, purpose, category_id, click_count, is_active) VALUES (520, 'SmartCraft Pro', 'smartcraft-pro-8409', 'https://smartcraft-pro-8409.com', 'An incredibly advanced AI tool revolutionizing the way you handle data & dashboard. Try SmartCraft Pro today.', 'Creative Studio', 6, 0, 1);
INSERT INTO website_intents (website_id, intent_id) VALUES (520, 6);
INSERT INTO website_personas (website_id, persona_id) VALUES (520, 6);
INSERT INTO websites (id, name, slug, url, short_description, purpose, category_id, click_count, is_active) VALUES (521, 'ProMate Pro', 'promate-pro-9114', 'https://promate-pro-9114.com', 'Enhance your productivity with ProMate Pro. Perfect for seamless data & dashboard automation.', 'Productivity Engine', 6, 0, 1);
INSERT INTO website_intents (website_id, intent_id) VALUES (521, 1);
INSERT INTO website_personas (website_id, persona_id) VALUES (521, 6);
INSERT INTO websites (id, name, slug, url, short_description, purpose, category_id, click_count, is_active) VALUES (522, 'FlowGen', 'flowgen-8278', 'https://flowgen-8278.com', 'An incredibly advanced AI tool revolutionizing the way you handle data & dashboard. Try FlowGen today.', 'Creative Studio', 6, 0, 1);
INSERT INTO website_intents (website_id, intent_id) VALUES (522, 5);
INSERT INTO website_intents (website_id, intent_id) VALUES (522, 2);
INSERT INTO website_personas (website_id, persona_id) VALUES (522, 1);
INSERT INTO website_personas (website_id, persona_id) VALUES (522, 2);
INSERT INTO websites (id, name, slug, url, short_description, purpose, category_id, click_count, is_active) VALUES (523, 'GeniBase', 'genibase-5773', 'https://genibase-5773.com', 'An incredibly advanced AI tool revolutionizing the way you handle data & dashboard. Try GeniBase today.', 'Productivity Engine', 6, 0, 1);
INSERT INTO website_intents (website_id, intent_id) VALUES (523, 1);
INSERT INTO website_personas (website_id, persona_id) VALUES (523, 4);
INSERT INTO websites (id, name, slug, url, short_description, purpose, category_id, click_count, is_active) VALUES (524, 'ZenForge', 'zenforge-3887', 'https://zenforge-3887.com', 'Enhance your productivity with ZenForge. Perfect for seamless data & dashboard automation.', 'Creative Studio', 6, 0, 1);
INSERT INTO website_intents (website_id, intent_id) VALUES (524, 1);
INSERT INTO website_intents (website_id, intent_id) VALUES (524, 2);
INSERT INTO website_personas (website_id, persona_id) VALUES (524, 4);
INSERT INTO website_personas (website_id, persona_id) VALUES (524, 2);
INSERT INTO websites (id, name, slug, url, short_description, purpose, category_id, click_count, is_active) VALUES (525, 'DeepBot', 'deepbot-9383', 'https://deepbot-9383.com', 'An incredibly advanced AI tool revolutionizing the way you handle data & dashboard. Try DeepBot today.', 'Productivity Engine', 6, 0, 1);
INSERT INTO website_intents (website_id, intent_id) VALUES (525, 1);
INSERT INTO website_personas (website_id, persona_id) VALUES (525, 1);
INSERT INTO websites (id, name, slug, url, short_description, purpose, category_id, click_count, is_active) VALUES (526, 'QuickSync', 'quicksync-9804', 'https://quicksync-9804.com', 'An incredibly advanced AI tool revolutionizing the way you handle data & dashboard. Try QuickSync today.', 'Creative Studio', 6, 0, 1);
INSERT INTO website_intents (website_id, intent_id) VALUES (526, 1);
INSERT INTO website_intents (website_id, intent_id) VALUES (526, 2);
INSERT INTO website_personas (website_id, persona_id) VALUES (526, 1);
INSERT INTO websites (id, name, slug, url, short_description, purpose, category_id, click_count, is_active) VALUES (527, 'HyperCraft', 'hypercraft-4476', 'https://hypercraft-4476.com', 'Enhance your productivity with HyperCraft. Perfect for seamless data & dashboard automation.', 'Productivity Engine', 6, 0, 1);
INSERT INTO website_intents (website_id, intent_id) VALUES (527, 4);
INSERT INTO website_intents (website_id, intent_id) VALUES (527, 2);
INSERT INTO website_personas (website_id, persona_id) VALUES (527, 6);
INSERT INTO websites (id, name, slug, url, short_description, purpose, category_id, click_count, is_active) VALUES (528, 'ProFlow', 'proflow-3810', 'https://proflow-3810.com', 'An incredibly advanced AI tool revolutionizing the way you handle data & dashboard. Try ProFlow today.', 'Creative Studio', 6, 0, 1);
INSERT INTO website_intents (website_id, intent_id) VALUES (528, 5);
INSERT INTO website_intents (website_id, intent_id) VALUES (528, 1);
INSERT INTO website_personas (website_id, persona_id) VALUES (528, 2);
INSERT INTO website_personas (website_id, persona_id) VALUES (528, 3);
INSERT INTO websites (id, name, slug, url, short_description, purpose, category_id, click_count, is_active) VALUES (529, 'Geniify', 'geniify-3015', 'https://geniify-3015.com', 'An incredibly advanced AI tool revolutionizing the way you handle data & dashboard. Try Geniify today.', 'Productivity Engine', 6, 0, 1);
INSERT INTO website_intents (website_id, intent_id) VALUES (529, 1);
INSERT INTO website_personas (website_id, persona_id) VALUES (529, 2);
INSERT INTO websites (id, name, slug, url, short_description, purpose, category_id, click_count, is_active) VALUES (530, 'CogniSync', 'cognisync-797', 'https://cognisync-797.com', 'Enhance your productivity with CogniSync. Perfect for seamless data & dashboard automation.', 'Creative Studio', 6, 0, 1);
INSERT INTO website_intents (website_id, intent_id) VALUES (530, 1);
INSERT INTO website_intents (website_id, intent_id) VALUES (530, 2);
INSERT INTO website_personas (website_id, persona_id) VALUES (530, 1);
INSERT INTO website_personas (website_id, persona_id) VALUES (530, 2);
INSERT INTO websites (id, name, slug, url, short_description, purpose, category_id, click_count, is_active) VALUES (531, 'QuickBot Pro', 'quickbot-pro-7640', 'https://quickbot-pro-7640.com', 'An incredibly advanced AI tool revolutionizing the way you handle data & dashboard. Try QuickBot Pro today.', 'Productivity Engine', 6, 0, 1);
INSERT INTO website_intents (website_id, intent_id) VALUES (531, 3);
INSERT INTO website_intents (website_id, intent_id) VALUES (531, 4);
INSERT INTO website_personas (website_id, persona_id) VALUES (531, 6);
INSERT INTO website_personas (website_id, persona_id) VALUES (531, 2);
INSERT INTO websites (id, name, slug, url, short_description, purpose, category_id, click_count, is_active) VALUES (532, 'Hyperify', 'hyperify-5485', 'https://hyperify-5485.com', 'An incredibly advanced AI tool revolutionizing the way you handle data & dashboard. Try Hyperify today.', 'Creative Studio', 6, 0, 1);
INSERT INTO website_intents (website_id, intent_id) VALUES (532, 1);
INSERT INTO website_intents (website_id, intent_id) VALUES (532, 2);
INSERT INTO website_personas (website_id, persona_id) VALUES (532, 3);
INSERT INTO website_personas (website_id, persona_id) VALUES (532, 5);
INSERT INTO websites (id, name, slug, url, short_description, purpose, category_id, click_count, is_active) VALUES (533, 'SyntheCraft', 'synthecraft-5187', 'https://synthecraft-5187.com', 'Enhance your productivity with SyntheCraft. Perfect for seamless data & dashboard automation.', 'Productivity Engine', 6, 0, 1);
INSERT INTO website_intents (website_id, intent_id) VALUES (533, 1);
INSERT INTO website_intents (website_id, intent_id) VALUES (533, 2);
INSERT INTO website_personas (website_id, persona_id) VALUES (533, 4);
INSERT INTO websites (id, name, slug, url, short_description, purpose, category_id, click_count, is_active) VALUES (534, 'FlowGen Pro', 'flowgen-pro-8346', 'https://flowgen-pro-8346.com', 'An incredibly advanced AI tool revolutionizing the way you handle data & dashboard. Try FlowGen Pro today.', 'Creative Studio', 6, 0, 1);
INSERT INTO website_intents (website_id, intent_id) VALUES (534, 2);
INSERT INTO website_intents (website_id, intent_id) VALUES (534, 1);
INSERT INTO website_personas (website_id, persona_id) VALUES (534, 6);
INSERT INTO websites (id, name, slug, url, short_description, purpose, category_id, click_count, is_active) VALUES (535, 'Autoly', 'autoly-4282', 'https://autoly-4282.com', 'An incredibly advanced AI tool revolutionizing the way you handle data & dashboard. Try Autoly today.', 'Productivity Engine', 6, 0, 1);
INSERT INTO website_intents (website_id, intent_id) VALUES (535, 4);
INSERT INTO website_personas (website_id, persona_id) VALUES (535, 1);
INSERT INTO websites (id, name, slug, url, short_description, purpose, category_id, click_count, is_active) VALUES (536, 'ProSync', 'prosync-8967', 'https://prosync-8967.com', 'Enhance your productivity with ProSync. Perfect for seamless data & dashboard automation.', 'Creative Studio', 6, 0, 1);
INSERT INTO website_intents (website_id, intent_id) VALUES (536, 4);
INSERT INTO website_intents (website_id, intent_id) VALUES (536, 1);
INSERT INTO website_personas (website_id, persona_id) VALUES (536, 1);
INSERT INTO website_personas (website_id, persona_id) VALUES (536, 2);
INSERT INTO websites (id, name, slug, url, short_description, purpose, category_id, click_count, is_active) VALUES (537, 'DeepCraft', 'deepcraft-5264', 'https://deepcraft-5264.com', 'An incredibly advanced AI tool revolutionizing the way you handle data & dashboard. Try DeepCraft today.', 'Productivity Engine', 6, 0, 1);
INSERT INTO website_intents (website_id, intent_id) VALUES (537, 1);
INSERT INTO website_personas (website_id, persona_id) VALUES (537, 1);
INSERT INTO website_personas (website_id, persona_id) VALUES (537, 4);
INSERT INTO websites (id, name, slug, url, short_description, purpose, category_id, click_count, is_active) VALUES (538, 'Cogniify', 'cogniify-6718', 'https://cogniify-6718.com', 'An incredibly advanced AI tool revolutionizing the way you handle data & dashboard. Try Cogniify today.', 'Creative Studio', 6, 0, 1);
INSERT INTO website_intents (website_id, intent_id) VALUES (538, 4);
INSERT INTO website_intents (website_id, intent_id) VALUES (538, 5);
INSERT INTO website_personas (website_id, persona_id) VALUES (538, 1);
INSERT INTO website_personas (website_id, persona_id) VALUES (538, 6);
INSERT INTO websites (id, name, slug, url, short_description, purpose, category_id, click_count, is_active) VALUES (539, 'QuickMind', 'quickmind-4003', 'https://quickmind-4003.com', 'Enhance your productivity with QuickMind. Perfect for seamless data & dashboard automation.', 'Productivity Engine', 6, 0, 1);
INSERT INTO website_intents (website_id, intent_id) VALUES (539, 2);
INSERT INTO website_personas (website_id, persona_id) VALUES (539, 5);
INSERT INTO website_personas (website_id, persona_id) VALUES (539, 3);
INSERT INTO websites (id, name, slug, url, short_description, purpose, category_id, click_count, is_active) VALUES (540, 'NextMind', 'nextmind-1594', 'https://nextmind-1594.com', 'An incredibly advanced AI tool revolutionizing the way you handle data & dashboard. Try NextMind today.', 'Creative Studio', 6, 0, 1);
INSERT INTO website_intents (website_id, intent_id) VALUES (540, 3);
INSERT INTO website_personas (website_id, persona_id) VALUES (540, 6);
INSERT INTO website_personas (website_id, persona_id) VALUES (540, 4);
INSERT INTO websites (id, name, slug, url, short_description, purpose, category_id, click_count, is_active) VALUES (541, 'GeniCraft', 'genicraft-1154', 'https://genicraft-1154.com', 'An incredibly advanced AI tool revolutionizing the way you handle data & dashboard. Try GeniCraft today.', 'Productivity Engine', 6, 0, 1);
INSERT INTO website_intents (website_id, intent_id) VALUES (541, 1);
INSERT INTO website_intents (website_id, intent_id) VALUES (541, 5);
INSERT INTO website_personas (website_id, persona_id) VALUES (541, 3);
INSERT INTO website_personas (website_id, persona_id) VALUES (541, 1);
INSERT INTO websites (id, name, slug, url, short_description, purpose, category_id, click_count, is_active) VALUES (542, 'Flowly', 'flowly-6831', 'https://flowly-6831.com', 'Enhance your productivity with Flowly. Perfect for seamless data & dashboard automation.', 'Creative Studio', 6, 0, 1);
INSERT INTO website_intents (website_id, intent_id) VALUES (542, 1);
INSERT INTO website_personas (website_id, persona_id) VALUES (542, 4);
INSERT INTO websites (id, name, slug, url, short_description, purpose, category_id, click_count, is_active) VALUES (543, 'ProMate', 'promate-5931', 'https://promate-5931.com', 'An incredibly advanced AI tool revolutionizing the way you handle data & dashboard. Try ProMate today.', 'Productivity Engine', 6, 0, 1);
INSERT INTO website_intents (website_id, intent_id) VALUES (543, 4);
INSERT INTO website_intents (website_id, intent_id) VALUES (543, 5);
INSERT INTO website_personas (website_id, persona_id) VALUES (543, 5);
INSERT INTO website_personas (website_id, persona_id) VALUES (543, 4);
INSERT INTO websites (id, name, slug, url, short_description, purpose, category_id, click_count, is_active) VALUES (544, 'SmartBase', 'smartbase-7300', 'https://smartbase-7300.com', 'An incredibly advanced AI tool revolutionizing the way you handle data & dashboard. Try SmartBase today.', 'Creative Studio', 6, 0, 1);
INSERT INTO website_intents (website_id, intent_id) VALUES (544, 5);
INSERT INTO website_intents (website_id, intent_id) VALUES (544, 6);
INSERT INTO website_personas (website_id, persona_id) VALUES (544, 5);
INSERT INTO website_personas (website_id, persona_id) VALUES (544, 1);
INSERT INTO websites (id, name, slug, url, short_description, purpose, category_id, click_count, is_active) VALUES (545, 'GeniForge Pro', 'geniforge-pro-4204', 'https://geniforge-pro-4204.com', 'Enhance your productivity with GeniForge Pro. Perfect for seamless data & dashboard automation.', 'Productivity Engine', 6, 0, 1);
INSERT INTO website_intents (website_id, intent_id) VALUES (545, 2);
INSERT INTO website_intents (website_id, intent_id) VALUES (545, 1);
INSERT INTO website_personas (website_id, persona_id) VALUES (545, 4);
INSERT INTO websites (id, name, slug, url, short_description, purpose, category_id, click_count, is_active) VALUES (546, 'Autoly', 'autoly-8838', 'https://autoly-8838.com', 'An incredibly advanced AI tool revolutionizing the way you handle data & dashboard. Try Autoly today.', 'Creative Studio', 6, 0, 1);
INSERT INTO website_intents (website_id, intent_id) VALUES (546, 3);
INSERT INTO website_intents (website_id, intent_id) VALUES (546, 4);
INSERT INTO website_personas (website_id, persona_id) VALUES (546, 4);
INSERT INTO website_personas (website_id, persona_id) VALUES (546, 1);
INSERT INTO websites (id, name, slug, url, short_description, purpose, category_id, click_count, is_active) VALUES (547, 'NextBase Pro', 'nextbase-pro-6475', 'https://nextbase-pro-6475.com', 'An incredibly advanced AI tool revolutionizing the way you handle data & dashboard. Try NextBase Pro today.', 'Productivity Engine', 6, 0, 1);
INSERT INTO website_intents (website_id, intent_id) VALUES (547, 1);
INSERT INTO website_intents (website_id, intent_id) VALUES (547, 6);
INSERT INTO website_personas (website_id, persona_id) VALUES (547, 5);
INSERT INTO website_personas (website_id, persona_id) VALUES (547, 4);
INSERT INTO websites (id, name, slug, url, short_description, purpose, category_id, click_count, is_active) VALUES (548, 'Vibely Pro', 'vibely-pro-2144', 'https://vibely-pro-2144.com', 'Enhance your productivity with Vibely Pro. Perfect for seamless data & dashboard automation.', 'Creative Studio', 6, 0, 1);
INSERT INTO website_intents (website_id, intent_id) VALUES (548, 6);
INSERT INTO website_intents (website_id, intent_id) VALUES (548, 1);
INSERT INTO website_personas (website_id, persona_id) VALUES (548, 6);
INSERT INTO websites (id, name, slug, url, short_description, purpose, category_id, click_count, is_active) VALUES (549, 'CogniCraft', 'cognicraft-6427', 'https://cognicraft-6427.com', 'An incredibly advanced AI tool revolutionizing the way you handle data & dashboard. Try CogniCraft today.', 'Productivity Engine', 6, 0, 1);
INSERT INTO website_intents (website_id, intent_id) VALUES (549, 1);
INSERT INTO website_personas (website_id, persona_id) VALUES (549, 2);
INSERT INTO websites (id, name, slug, url, short_description, purpose, category_id, click_count, is_active) VALUES (550, 'AutoSync', 'autosync-3984', 'https://autosync-3984.com', 'An incredibly advanced AI tool revolutionizing the way you handle data & dashboard. Try AutoSync today.', 'Creative Studio', 6, 0, 1);
INSERT INTO website_intents (website_id, intent_id) VALUES (550, 3);
INSERT INTO website_personas (website_id, persona_id) VALUES (550, 4);
INSERT INTO websites (id, name, slug, url, short_description, purpose, category_id, click_count, is_active) VALUES (551, 'Quickly', 'quickly-8329', 'https://quickly-8329.com', 'Enhance your productivity with Quickly. Perfect for seamless data & dashboard automation.', 'Productivity Engine', 6, 0, 1);
INSERT INTO website_intents (website_id, intent_id) VALUES (551, 3);
INSERT INTO website_intents (website_id, intent_id) VALUES (551, 4);
INSERT INTO website_personas (website_id, persona_id) VALUES (551, 4);
INSERT INTO websites (id, name, slug, url, short_description, purpose, category_id, click_count, is_active) VALUES (552, 'VibeCraft', 'vibecraft-9708', 'https://vibecraft-9708.com', 'An incredibly advanced AI tool revolutionizing the way you handle data & dashboard. Try VibeCraft today.', 'Creative Studio', 6, 0, 1);
INSERT INTO website_intents (website_id, intent_id) VALUES (552, 2);
INSERT INTO website_personas (website_id, persona_id) VALUES (552, 2);
INSERT INTO websites (id, name, slug, url, short_description, purpose, category_id, click_count, is_active) VALUES (553, 'VibeBot', 'vibebot-1049', 'https://vibebot-1049.com', 'An incredibly advanced AI tool revolutionizing the way you handle data & dashboard. Try VibeBot today.', 'Productivity Engine', 6, 0, 1);
INSERT INTO website_intents (website_id, intent_id) VALUES (553, 6);
INSERT INTO website_intents (website_id, intent_id) VALUES (553, 5);
INSERT INTO website_personas (website_id, persona_id) VALUES (553, 2);
INSERT INTO websites (id, name, slug, url, short_description, purpose, category_id, click_count, is_active) VALUES (554, 'ProSync', 'prosync-4203', 'https://prosync-4203.com', 'Enhance your productivity with ProSync. Perfect for seamless data & dashboard automation.', 'Creative Studio', 6, 0, 1);
INSERT INTO website_intents (website_id, intent_id) VALUES (554, 6);
INSERT INTO website_intents (website_id, intent_id) VALUES (554, 1);
INSERT INTO website_personas (website_id, persona_id) VALUES (554, 5);
INSERT INTO website_personas (website_id, persona_id) VALUES (554, 6);
INSERT INTO websites (id, name, slug, url, short_description, purpose, category_id, click_count, is_active) VALUES (555, 'CogniBot', 'cognibot-3325', 'https://cognibot-3325.com', 'An incredibly advanced AI tool revolutionizing the way you handle data & dashboard. Try CogniBot today.', 'Productivity Engine', 6, 0, 1);
INSERT INTO website_intents (website_id, intent_id) VALUES (555, 1);
INSERT INTO website_personas (website_id, persona_id) VALUES (555, 6);
INSERT INTO websites (id, name, slug, url, short_description, purpose, category_id, click_count, is_active) VALUES (556, 'GeniForge Pro', 'geniforge-pro-7473', 'https://geniforge-pro-7473.com', 'An incredibly advanced AI tool revolutionizing the way you handle data & dashboard. Try GeniForge Pro today.', 'Creative Studio', 6, 0, 1);
INSERT INTO website_intents (website_id, intent_id) VALUES (556, 6);
INSERT INTO website_personas (website_id, persona_id) VALUES (556, 1);
INSERT INTO website_personas (website_id, persona_id) VALUES (556, 3);
INSERT INTO websites (id, name, slug, url, short_description, purpose, category_id, click_count, is_active) VALUES (557, 'FlowMate', 'flowmate-8596', 'https://flowmate-8596.com', 'Enhance your productivity with FlowMate. Perfect for seamless data & dashboard automation.', 'Productivity Engine', 6, 0, 1);
INSERT INTO website_intents (website_id, intent_id) VALUES (557, 3);
INSERT INTO website_personas (website_id, persona_id) VALUES (557, 4);
INSERT INTO websites (id, name, slug, url, short_description, purpose, category_id, click_count, is_active) VALUES (558, 'AutoBot Pro', 'autobot-pro-4406', 'https://autobot-pro-4406.com', 'An incredibly advanced AI tool revolutionizing the way you handle data & dashboard. Try AutoBot Pro today.', 'Creative Studio', 6, 0, 1);
INSERT INTO website_intents (website_id, intent_id) VALUES (558, 3);
INSERT INTO website_personas (website_id, persona_id) VALUES (558, 1);
INSERT INTO websites (id, name, slug, url, short_description, purpose, category_id, click_count, is_active) VALUES (559, 'DeepForge Pro', 'deepforge-pro-7155', 'https://deepforge-pro-7155.com', 'An incredibly advanced AI tool revolutionizing the way you handle data & dashboard. Try DeepForge Pro today.', 'Productivity Engine', 6, 0, 1);
INSERT INTO website_intents (website_id, intent_id) VALUES (559, 4);
INSERT INTO website_intents (website_id, intent_id) VALUES (559, 3);
INSERT INTO website_personas (website_id, persona_id) VALUES (559, 3);
INSERT INTO websites (id, name, slug, url, short_description, purpose, category_id, click_count, is_active) VALUES (560, 'SmartFlow', 'smartflow-5217', 'https://smartflow-5217.com', 'Enhance your productivity with SmartFlow. Perfect for seamless data & dashboard automation.', 'Creative Studio', 6, 0, 1);
INSERT INTO website_intents (website_id, intent_id) VALUES (560, 4);
INSERT INTO website_personas (website_id, persona_id) VALUES (560, 5);
INSERT INTO websites (id, name, slug, url, short_description, purpose, category_id, click_count, is_active) VALUES (561, 'SmartForge Pro', 'smartforge-pro-8624', 'https://smartforge-pro-8624.com', 'An incredibly advanced AI tool revolutionizing the way you handle data & dashboard. Try SmartForge Pro today.', 'Productivity Engine', 6, 0, 1);
INSERT INTO website_intents (website_id, intent_id) VALUES (561, 4);
INSERT INTO website_intents (website_id, intent_id) VALUES (561, 5);
INSERT INTO website_personas (website_id, persona_id) VALUES (561, 1);
INSERT INTO websites (id, name, slug, url, short_description, purpose, category_id, click_count, is_active) VALUES (562, 'SyntheMate', 'synthemate-9332', 'https://synthemate-9332.com', 'An incredibly advanced AI tool revolutionizing the way you handle data & dashboard. Try SyntheMate today.', 'Creative Studio', 6, 0, 1);
INSERT INTO website_intents (website_id, intent_id) VALUES (562, 1);
INSERT INTO website_intents (website_id, intent_id) VALUES (562, 2);
INSERT INTO website_personas (website_id, persona_id) VALUES (562, 4);
INSERT INTO website_personas (website_id, persona_id) VALUES (562, 3);
INSERT INTO websites (id, name, slug, url, short_description, purpose, category_id, click_count, is_active) VALUES (563, 'HyperCraft Pro', 'hypercraft-pro-8597', 'https://hypercraft-pro-8597.com', 'Enhance your productivity with HyperCraft Pro. Perfect for seamless data & dashboard automation.', 'Productivity Engine', 6, 0, 1);
INSERT INTO website_intents (website_id, intent_id) VALUES (563, 3);
INSERT INTO website_intents (website_id, intent_id) VALUES (563, 1);
INSERT INTO website_personas (website_id, persona_id) VALUES (563, 1);
INSERT INTO website_personas (website_id, persona_id) VALUES (563, 6);
INSERT INTO websites (id, name, slug, url, short_description, purpose, category_id, click_count, is_active) VALUES (564, 'SmartCraft', 'smartcraft-8701', 'https://smartcraft-8701.com', 'An incredibly advanced AI tool revolutionizing the way you handle data & dashboard. Try SmartCraft today.', 'Creative Studio', 6, 0, 1);
INSERT INTO website_intents (website_id, intent_id) VALUES (564, 1);
INSERT INTO website_personas (website_id, persona_id) VALUES (564, 4);
INSERT INTO website_personas (website_id, persona_id) VALUES (564, 1);
INSERT INTO websites (id, name, slug, url, short_description, purpose, category_id, click_count, is_active) VALUES (565, 'Proify Pro', 'proify-pro-2201', 'https://proify-pro-2201.com', 'An incredibly advanced AI tool revolutionizing the way you handle data & dashboard. Try Proify Pro today.', 'Productivity Engine', 6, 0, 1);
INSERT INTO website_intents (website_id, intent_id) VALUES (565, 4);
INSERT INTO website_personas (website_id, persona_id) VALUES (565, 1);
INSERT INTO websites (id, name, slug, url, short_description, purpose, category_id, click_count, is_active) VALUES (566, 'ProAI', 'proai-2013', 'https://proai-2013.com', 'Enhance your productivity with ProAI. Perfect for seamless data & dashboard automation.', 'Creative Studio', 6, 0, 1);
INSERT INTO website_intents (website_id, intent_id) VALUES (566, 2);
INSERT INTO website_personas (website_id, persona_id) VALUES (566, 6);
INSERT INTO websites (id, name, slug, url, short_description, purpose, category_id, click_count, is_active) VALUES (567, 'ZenMate', 'zenmate-8694', 'https://zenmate-8694.com', 'An incredibly advanced AI tool revolutionizing the way you handle data & dashboard. Try ZenMate today.', 'Productivity Engine', 6, 0, 1);
INSERT INTO website_intents (website_id, intent_id) VALUES (567, 3);
INSERT INTO website_personas (website_id, persona_id) VALUES (567, 6);
INSERT INTO websites (id, name, slug, url, short_description, purpose, category_id, click_count, is_active) VALUES (568, 'QuickGen', 'quickgen-8069', 'https://quickgen-8069.com', 'An incredibly advanced AI tool revolutionizing the way you handle data & dashboard. Try QuickGen today.', 'Creative Studio', 6, 0, 1);
INSERT INTO website_intents (website_id, intent_id) VALUES (568, 1);
INSERT INTO website_intents (website_id, intent_id) VALUES (568, 2);
INSERT INTO website_personas (website_id, persona_id) VALUES (568, 4);
INSERT INTO websites (id, name, slug, url, short_description, purpose, category_id, click_count, is_active) VALUES (569, 'Proify Pro', 'proify-pro-7517', 'https://proify-pro-7517.com', 'Enhance your productivity with Proify Pro. Perfect for seamless data & dashboard automation.', 'Productivity Engine', 6, 0, 1);
INSERT INTO website_intents (website_id, intent_id) VALUES (569, 5);
INSERT INTO website_personas (website_id, persona_id) VALUES (569, 4);
INSERT INTO website_personas (website_id, persona_id) VALUES (569, 1);
INSERT INTO websites (id, name, slug, url, short_description, purpose, category_id, click_count, is_active) VALUES (570, 'NextGen Pro', 'nextgen-pro-9602', 'https://nextgen-pro-9602.com', 'An incredibly advanced AI tool revolutionizing the way you handle data & dashboard. Try NextGen Pro today.', 'Creative Studio', 6, 0, 1);
INSERT INTO website_intents (website_id, intent_id) VALUES (570, 5);
INSERT INTO website_intents (website_id, intent_id) VALUES (570, 2);
INSERT INTO website_personas (website_id, persona_id) VALUES (570, 3);
INSERT INTO website_personas (website_id, persona_id) VALUES (570, 4);
INSERT INTO websites (id, name, slug, url, short_description, purpose, category_id, click_count, is_active) VALUES (571, 'FlowAI', 'flowai-1041', 'https://flowai-1041.com', 'An incredibly advanced AI tool revolutionizing the way you handle data & dashboard. Try FlowAI today.', 'Productivity Engine', 6, 0, 1);
INSERT INTO website_intents (website_id, intent_id) VALUES (571, 6);
INSERT INTO website_intents (website_id, intent_id) VALUES (571, 4);
INSERT INTO website_personas (website_id, persona_id) VALUES (571, 2);
INSERT INTO websites (id, name, slug, url, short_description, purpose, category_id, click_count, is_active) VALUES (572, 'QuickBase', 'quickbase-5484', 'https://quickbase-5484.com', 'Enhance your productivity with QuickBase. Perfect for seamless data & dashboard automation.', 'Creative Studio', 6, 0, 1);
INSERT INTO website_intents (website_id, intent_id) VALUES (572, 3);
INSERT INTO website_intents (website_id, intent_id) VALUES (572, 2);
INSERT INTO website_personas (website_id, persona_id) VALUES (572, 5);
INSERT INTO websites (id, name, slug, url, short_description, purpose, category_id, click_count, is_active) VALUES (573, 'QuickBase', 'quickbase-4209', 'https://quickbase-4209.com', 'An incredibly advanced AI tool revolutionizing the way you handle data & dashboard. Try QuickBase today.', 'Productivity Engine', 6, 0, 1);
INSERT INTO website_intents (website_id, intent_id) VALUES (573, 4);
INSERT INTO website_intents (website_id, intent_id) VALUES (573, 2);
INSERT INTO website_personas (website_id, persona_id) VALUES (573, 3);
INSERT INTO websites (id, name, slug, url, short_description, purpose, category_id, click_count, is_active) VALUES (574, 'Smartly', 'smartly-78', 'https://smartly-78.com', 'An incredibly advanced AI tool revolutionizing the way you handle data & dashboard. Try Smartly today.', 'Creative Studio', 6, 0, 1);
INSERT INTO website_intents (website_id, intent_id) VALUES (574, 2);
INSERT INTO website_intents (website_id, intent_id) VALUES (574, 4);
INSERT INTO website_personas (website_id, persona_id) VALUES (574, 6);
INSERT INTO website_personas (website_id, persona_id) VALUES (574, 5);
INSERT INTO websites (id, name, slug, url, short_description, purpose, category_id, click_count, is_active) VALUES (575, 'ZenMate Pro', 'zenmate-pro-8393', 'https://zenmate-pro-8393.com', 'Enhance your productivity with ZenMate Pro. Perfect for seamless data & dashboard automation.', 'Productivity Engine', 6, 0, 1);
INSERT INTO website_intents (website_id, intent_id) VALUES (575, 1);
INSERT INTO website_personas (website_id, persona_id) VALUES (575, 1);
INSERT INTO website_personas (website_id, persona_id) VALUES (575, 5);
INSERT INTO websites (id, name, slug, url, short_description, purpose, category_id, click_count, is_active) VALUES (576, 'ProGen', 'progen-4161', 'https://progen-4161.com', 'An incredibly advanced AI tool revolutionizing the way you handle data & dashboard. Try ProGen today.', 'Creative Studio', 6, 0, 1);
INSERT INTO website_intents (website_id, intent_id) VALUES (576, 6);
INSERT INTO website_intents (website_id, intent_id) VALUES (576, 2);
INSERT INTO website_personas (website_id, persona_id) VALUES (576, 6);
INSERT INTO websites (id, name, slug, url, short_description, purpose, category_id, click_count, is_active) VALUES (577, 'Vibeify', 'vibeify-8880', 'https://vibeify-8880.com', 'An incredibly advanced AI tool revolutionizing the way you handle data & dashboard. Try Vibeify today.', 'Productivity Engine', 6, 0, 1);
INSERT INTO website_intents (website_id, intent_id) VALUES (577, 1);
INSERT INTO website_intents (website_id, intent_id) VALUES (577, 2);
INSERT INTO website_personas (website_id, persona_id) VALUES (577, 6);
INSERT INTO websites (id, name, slug, url, short_description, purpose, category_id, click_count, is_active) VALUES (578, 'AutoGen', 'autogen-9951', 'https://autogen-9951.com', 'Enhance your productivity with AutoGen. Perfect for seamless data & dashboard automation.', 'Creative Studio', 6, 0, 1);
INSERT INTO website_intents (website_id, intent_id) VALUES (578, 5);
INSERT INTO website_intents (website_id, intent_id) VALUES (578, 3);
INSERT INTO website_personas (website_id, persona_id) VALUES (578, 2);
INSERT INTO websites (id, name, slug, url, short_description, purpose, category_id, click_count, is_active) VALUES (579, 'HyperBase', 'hyperbase-7186', 'https://hyperbase-7186.com', 'An incredibly advanced AI tool revolutionizing the way you handle data & dashboard. Try HyperBase today.', 'Productivity Engine', 6, 0, 1);
INSERT INTO website_intents (website_id, intent_id) VALUES (579, 4);
INSERT INTO website_intents (website_id, intent_id) VALUES (579, 1);
INSERT INTO website_personas (website_id, persona_id) VALUES (579, 4);
INSERT INTO website_personas (website_id, persona_id) VALUES (579, 3);
INSERT INTO websites (id, name, slug, url, short_description, purpose, category_id, click_count, is_active) VALUES (580, 'Cogniify', 'cogniify-1470', 'https://cogniify-1470.com', 'An incredibly advanced AI tool revolutionizing the way you handle data & dashboard. Try Cogniify today.', 'Creative Studio', 6, 0, 1);
INSERT INTO website_intents (website_id, intent_id) VALUES (580, 1);
INSERT INTO website_personas (website_id, persona_id) VALUES (580, 5);
INSERT INTO website_personas (website_id, persona_id) VALUES (580, 2);
INSERT INTO websites (id, name, slug, url, short_description, purpose, category_id, click_count, is_active) VALUES (581, 'CogniBase', 'cognibase-4444', 'https://cognibase-4444.com', 'Enhance your productivity with CogniBase. Perfect for seamless data & dashboard automation.', 'Productivity Engine', 6, 0, 1);
INSERT INTO website_intents (website_id, intent_id) VALUES (581, 6);
INSERT INTO website_intents (website_id, intent_id) VALUES (581, 2);
INSERT INTO website_personas (website_id, persona_id) VALUES (581, 5);
INSERT INTO websites (id, name, slug, url, short_description, purpose, category_id, click_count, is_active) VALUES (582, 'HyperMind', 'hypermind-3842', 'https://hypermind-3842.com', 'An incredibly advanced AI tool revolutionizing the way you handle data & dashboard. Try HyperMind today.', 'Creative Studio', 6, 0, 1);
INSERT INTO website_intents (website_id, intent_id) VALUES (582, 3);
INSERT INTO website_personas (website_id, persona_id) VALUES (582, 2);
INSERT INTO websites (id, name, slug, url, short_description, purpose, category_id, click_count, is_active) VALUES (583, 'SyntheBot Pro', 'synthebot-pro-7729', 'https://synthebot-pro-7729.com', 'An incredibly advanced AI tool revolutionizing the way you handle data & dashboard. Try SyntheBot Pro today.', 'Productivity Engine', 6, 0, 1);
INSERT INTO website_intents (website_id, intent_id) VALUES (583, 5);
INSERT INTO website_intents (website_id, intent_id) VALUES (583, 1);
INSERT INTO website_personas (website_id, persona_id) VALUES (583, 2);
INSERT INTO website_personas (website_id, persona_id) VALUES (583, 3);
INSERT INTO websites (id, name, slug, url, short_description, purpose, category_id, click_count, is_active) VALUES (584, 'QuickBot', 'quickbot-7007', 'https://quickbot-7007.com', 'Enhance your productivity with QuickBot. Perfect for seamless data & dashboard automation.', 'Creative Studio', 6, 0, 1);
INSERT INTO website_intents (website_id, intent_id) VALUES (584, 5);
INSERT INTO website_personas (website_id, persona_id) VALUES (584, 3);
INSERT INTO websites (id, name, slug, url, short_description, purpose, category_id, click_count, is_active) VALUES (585, 'Quickly', 'quickly-1435', 'https://quickly-1435.com', 'An incredibly advanced AI tool revolutionizing the way you handle data & dashboard. Try Quickly today.', 'Productivity Engine', 6, 0, 1);
INSERT INTO website_intents (website_id, intent_id) VALUES (585, 2);
INSERT INTO website_intents (website_id, intent_id) VALUES (585, 1);
INSERT INTO website_personas (website_id, persona_id) VALUES (585, 4);
INSERT INTO websites (id, name, slug, url, short_description, purpose, category_id, click_count, is_active) VALUES (586, 'SyntheForge Pro', 'syntheforge-pro-5297', 'https://syntheforge-pro-5297.com', 'An incredibly advanced AI tool revolutionizing the way you handle data & dashboard. Try SyntheForge Pro today.', 'Creative Studio', 6, 0, 1);
INSERT INTO website_intents (website_id, intent_id) VALUES (586, 2);
INSERT INTO website_personas (website_id, persona_id) VALUES (586, 1);
INSERT INTO websites (id, name, slug, url, short_description, purpose, category_id, click_count, is_active) VALUES (587, 'Synthely', 'synthely-8764', 'https://synthely-8764.com', 'Enhance your productivity with Synthely. Perfect for seamless data & dashboard automation.', 'Productivity Engine', 6, 0, 1);
INSERT INTO website_intents (website_id, intent_id) VALUES (587, 3);
INSERT INTO website_intents (website_id, intent_id) VALUES (587, 2);
INSERT INTO website_personas (website_id, persona_id) VALUES (587, 1);
INSERT INTO websites (id, name, slug, url, short_description, purpose, category_id, click_count, is_active) VALUES (588, 'SyntheBase', 'synthebase-3646', 'https://synthebase-3646.com', 'An incredibly advanced AI tool revolutionizing the way you handle data & dashboard. Try SyntheBase today.', 'Creative Studio', 6, 0, 1);
INSERT INTO website_intents (website_id, intent_id) VALUES (588, 3);
INSERT INTO website_intents (website_id, intent_id) VALUES (588, 4);
INSERT INTO website_personas (website_id, persona_id) VALUES (588, 1);
INSERT INTO website_personas (website_id, persona_id) VALUES (588, 6);
INSERT INTO websites (id, name, slug, url, short_description, purpose, category_id, click_count, is_active) VALUES (589, 'ZenBase', 'zenbase-7620', 'https://zenbase-7620.com', 'An incredibly advanced AI tool revolutionizing the way you handle data & dashboard. Try ZenBase today.', 'Productivity Engine', 6, 0, 1);
INSERT INTO website_intents (website_id, intent_id) VALUES (589, 4);
INSERT INTO website_intents (website_id, intent_id) VALUES (589, 2);
INSERT INTO website_personas (website_id, persona_id) VALUES (589, 5);
INSERT INTO websites (id, name, slug, url, short_description, purpose, category_id, click_count, is_active) VALUES (590, 'QuickCraft', 'quickcraft-47', 'https://quickcraft-47.com', 'Enhance your productivity with QuickCraft. Perfect for seamless data & dashboard automation.', 'Creative Studio', 6, 0, 1);
INSERT INTO website_intents (website_id, intent_id) VALUES (590, 2);
INSERT INTO website_personas (website_id, persona_id) VALUES (590, 6);
INSERT INTO website_personas (website_id, persona_id) VALUES (590, 2);
INSERT INTO websites (id, name, slug, url, short_description, purpose, category_id, click_count, is_active) VALUES (591, 'NextCraft', 'nextcraft-5284', 'https://nextcraft-5284.com', 'An incredibly advanced AI tool revolutionizing the way you handle data & dashboard. Try NextCraft today.', 'Productivity Engine', 6, 0, 1);
INSERT INTO website_intents (website_id, intent_id) VALUES (591, 1);
INSERT INTO website_personas (website_id, persona_id) VALUES (591, 3);
INSERT INTO website_personas (website_id, persona_id) VALUES (591, 2);
INSERT INTO websites (id, name, slug, url, short_description, purpose, category_id, click_count, is_active) VALUES (592, 'SmartFlow', 'smartflow-3318', 'https://smartflow-3318.com', 'An incredibly advanced AI tool revolutionizing the way you handle data & dashboard. Try SmartFlow today.', 'Creative Studio', 6, 0, 1);
INSERT INTO website_intents (website_id, intent_id) VALUES (592, 1);
INSERT INTO website_personas (website_id, persona_id) VALUES (592, 4);
INSERT INTO websites (id, name, slug, url, short_description, purpose, category_id, click_count, is_active) VALUES (593, 'ZenForge', 'zenforge-4414', 'https://zenforge-4414.com', 'Enhance your productivity with ZenForge. Perfect for seamless data & dashboard automation.', 'Productivity Engine', 6, 0, 1);
INSERT INTO website_intents (website_id, intent_id) VALUES (593, 6);
INSERT INTO website_personas (website_id, persona_id) VALUES (593, 4);
INSERT INTO websites (id, name, slug, url, short_description, purpose, category_id, click_count, is_active) VALUES (594, 'Quickify', 'quickify-8017', 'https://quickify-8017.com', 'An incredibly advanced AI tool revolutionizing the way you handle data & dashboard. Try Quickify today.', 'Creative Studio', 6, 0, 1);
INSERT INTO website_intents (website_id, intent_id) VALUES (594, 5);
INSERT INTO website_intents (website_id, intent_id) VALUES (594, 4);
INSERT INTO website_personas (website_id, persona_id) VALUES (594, 4);
INSERT INTO websites (id, name, slug, url, short_description, purpose, category_id, click_count, is_active) VALUES (595, 'HyperMind', 'hypermind-7276', 'https://hypermind-7276.com', 'An incredibly advanced AI tool revolutionizing the way you handle data & dashboard. Try HyperMind today.', 'Productivity Engine', 6, 0, 1);
INSERT INTO website_intents (website_id, intent_id) VALUES (595, 1);
INSERT INTO website_intents (website_id, intent_id) VALUES (595, 2);
INSERT INTO website_personas (website_id, persona_id) VALUES (595, 5);
INSERT INTO websites (id, name, slug, url, short_description, purpose, category_id, click_count, is_active) VALUES (596, 'SmartMind', 'smartmind-1441', 'https://smartmind-1441.com', 'Enhance your productivity with SmartMind. Perfect for seamless data & dashboard automation.', 'Creative Studio', 6, 0, 1);
INSERT INTO website_intents (website_id, intent_id) VALUES (596, 3);
INSERT INTO website_intents (website_id, intent_id) VALUES (596, 6);
INSERT INTO website_personas (website_id, persona_id) VALUES (596, 2);
INSERT INTO websites (id, name, slug, url, short_description, purpose, category_id, click_count, is_active) VALUES (597, 'AutoCraft', 'autocraft-3789', 'https://autocraft-3789.com', 'An incredibly advanced AI tool revolutionizing the way you handle data & dashboard. Try AutoCraft today.', 'Productivity Engine', 6, 0, 1);
INSERT INTO website_intents (website_id, intent_id) VALUES (597, 3);
INSERT INTO website_personas (website_id, persona_id) VALUES (597, 4);
INSERT INTO website_personas (website_id, persona_id) VALUES (597, 1);
INSERT INTO websites (id, name, slug, url, short_description, purpose, category_id, click_count, is_active) VALUES (598, 'ZenMate Pro', 'zenmate-pro-2874', 'https://zenmate-pro-2874.com', 'An incredibly advanced AI tool revolutionizing the way you handle data & dashboard. Try ZenMate Pro today.', 'Creative Studio', 6, 0, 1);
INSERT INTO website_intents (website_id, intent_id) VALUES (598, 3);
INSERT INTO website_personas (website_id, persona_id) VALUES (598, 3);
INSERT INTO website_personas (website_id, persona_id) VALUES (598, 4);
INSERT INTO websites (id, name, slug, url, short_description, purpose, category_id, click_count, is_active) VALUES (599, 'GeniMind Pro', 'genimind-pro-5282', 'https://genimind-pro-5282.com', 'Enhance your productivity with GeniMind Pro. Perfect for seamless data & dashboard automation.', 'Productivity Engine', 6, 0, 1);
INSERT INTO website_intents (website_id, intent_id) VALUES (599, 4);
INSERT INTO website_personas (website_id, persona_id) VALUES (599, 3);
INSERT INTO websites (id, name, slug, url, short_description, purpose, category_id, click_count, is_active) VALUES (600, 'ZenGen', 'zengen-1543', 'https://zengen-1543.com', 'An incredibly advanced AI tool revolutionizing the way you handle data & dashboard. Try ZenGen today.', 'Creative Studio', 6, 0, 1);
INSERT INTO website_intents (website_id, intent_id) VALUES (600, 4);
INSERT INTO website_personas (website_id, persona_id) VALUES (600, 1);
INSERT INTO website_personas (website_id, persona_id) VALUES (600, 2);
INSERT INTO websites (id, name, slug, url, short_description, purpose, category_id, click_count, is_active) VALUES (601, 'ZenFlow', 'zenflow-4082', 'https://zenflow-4082.com', 'An incredibly advanced AI tool revolutionizing the way you handle data & dashboard. Try ZenFlow today.', 'Productivity Engine', 6, 0, 1);
INSERT INTO website_intents (website_id, intent_id) VALUES (601, 1);
INSERT INTO website_personas (website_id, persona_id) VALUES (601, 2);
INSERT INTO website_personas (website_id, persona_id) VALUES (601, 4);
INSERT INTO websites (id, name, slug, url, short_description, purpose, category_id, click_count, is_active) VALUES (602, 'SyntheMind', 'synthemind-4319', 'https://synthemind-4319.com', 'Enhance your productivity with SyntheMind. Perfect for seamless data & dashboard automation.', 'Creative Studio', 6, 0, 1);
INSERT INTO website_intents (website_id, intent_id) VALUES (602, 5);
INSERT INTO website_personas (website_id, persona_id) VALUES (602, 6);
INSERT INTO website_personas (website_id, persona_id) VALUES (602, 4);
INSERT INTO websites (id, name, slug, url, short_description, purpose, category_id, click_count, is_active) VALUES (603, 'QuickAI', 'quickai-8281', 'https://quickai-8281.com', 'An incredibly advanced AI tool revolutionizing the way you handle data & dashboard. Try QuickAI today.', 'Productivity Engine', 6, 0, 1);
INSERT INTO website_intents (website_id, intent_id) VALUES (603, 1);
INSERT INTO website_intents (website_id, intent_id) VALUES (603, 2);
INSERT INTO website_personas (website_id, persona_id) VALUES (603, 4);
INSERT INTO website_personas (website_id, persona_id) VALUES (603, 6);
INSERT INTO websites (id, name, slug, url, short_description, purpose, category_id, click_count, is_active) VALUES (604, 'CogniForge', 'cogniforge-2222', 'https://cogniforge-2222.com', 'An incredibly advanced AI tool revolutionizing the way you handle data & dashboard. Try CogniForge today.', 'Creative Studio', 6, 0, 1);
INSERT INTO website_intents (website_id, intent_id) VALUES (604, 2);
INSERT INTO website_personas (website_id, persona_id) VALUES (604, 6);
INSERT INTO websites (id, name, slug, url, short_description, purpose, category_id, click_count, is_active) VALUES (605, 'Syntheify', 'syntheify-2580', 'https://syntheify-2580.com', 'Enhance your productivity with Syntheify. Perfect for seamless data & dashboard automation.', 'Productivity Engine', 6, 0, 1);
INSERT INTO website_intents (website_id, intent_id) VALUES (605, 1);
INSERT INTO website_personas (website_id, persona_id) VALUES (605, 2);
INSERT INTO website_personas (website_id, persona_id) VALUES (605, 4);
INSERT INTO websites (id, name, slug, url, short_description, purpose, category_id, click_count, is_active) VALUES (606, 'DeepFlow', 'deepflow-9629', 'https://deepflow-9629.com', 'An incredibly advanced AI tool revolutionizing the way you handle data & dashboard. Try DeepFlow today.', 'Creative Studio', 6, 0, 1);
INSERT INTO website_intents (website_id, intent_id) VALUES (606, 3);
INSERT INTO website_personas (website_id, persona_id) VALUES (606, 1);
INSERT INTO website_personas (website_id, persona_id) VALUES (606, 2);
INSERT INTO websites (id, name, slug, url, short_description, purpose, category_id, click_count, is_active) VALUES (607, 'SyntheMind', 'synthemind-6135', 'https://synthemind-6135.com', 'An incredibly advanced AI tool revolutionizing the way you handle data & dashboard. Try SyntheMind today.', 'Productivity Engine', 6, 0, 1);
INSERT INTO website_intents (website_id, intent_id) VALUES (607, 5);
INSERT INTO website_personas (website_id, persona_id) VALUES (607, 3);
INSERT INTO websites (id, name, slug, url, short_description, purpose, category_id, click_count, is_active) VALUES (608, 'ProCraft Pro', 'procraft-pro-8357', 'https://procraft-pro-8357.com', 'Enhance your productivity with ProCraft Pro. Perfect for seamless data & dashboard automation.', 'Creative Studio', 6, 0, 1);
INSERT INTO website_intents (website_id, intent_id) VALUES (608, 4);
INSERT INTO website_personas (website_id, persona_id) VALUES (608, 3);
INSERT INTO website_personas (website_id, persona_id) VALUES (608, 4);
INSERT INTO websites (id, name, slug, url, short_description, purpose, category_id, click_count, is_active) VALUES (609, 'ZenSync', 'zensync-5997', 'https://zensync-5997.com', 'An incredibly advanced AI tool revolutionizing the way you handle data & dashboard. Try ZenSync today.', 'Productivity Engine', 6, 0, 1);
INSERT INTO website_intents (website_id, intent_id) VALUES (609, 1);
INSERT INTO website_personas (website_id, persona_id) VALUES (609, 1);
INSERT INTO website_personas (website_id, persona_id) VALUES (609, 2);
INSERT INTO websites (id, name, slug, url, short_description, purpose, category_id, click_count, is_active) VALUES (610, 'AutoGen Pro', 'autogen-pro-4343', 'https://autogen-pro-4343.com', 'An incredibly advanced AI tool revolutionizing the way you handle data & dashboard. Try AutoGen Pro today.', 'Creative Studio', 6, 0, 1);
INSERT INTO website_intents (website_id, intent_id) VALUES (610, 1);
INSERT INTO website_personas (website_id, persona_id) VALUES (610, 4);
INSERT INTO website_personas (website_id, persona_id) VALUES (610, 2);
INSERT INTO websites (id, name, slug, url, short_description, purpose, category_id, click_count, is_active) VALUES (611, 'Vibeify', 'vibeify-4009', 'https://vibeify-4009.com', 'Enhance your productivity with Vibeify. Perfect for seamless data & dashboard automation.', 'Productivity Engine', 6, 0, 1);
INSERT INTO website_intents (website_id, intent_id) VALUES (611, 5);
INSERT INTO website_intents (website_id, intent_id) VALUES (611, 4);
INSERT INTO website_personas (website_id, persona_id) VALUES (611, 2);
INSERT INTO website_personas (website_id, persona_id) VALUES (611, 1);
INSERT INTO websites (id, name, slug, url, short_description, purpose, category_id, click_count, is_active) VALUES (612, 'NextSync Pro', 'nextsync-pro-8410', 'https://nextsync-pro-8410.com', 'An incredibly advanced AI tool revolutionizing the way you handle data & dashboard. Try NextSync Pro today.', 'Creative Studio', 6, 0, 1);
INSERT INTO website_intents (website_id, intent_id) VALUES (612, 4);
INSERT INTO website_personas (website_id, persona_id) VALUES (612, 6);
INSERT INTO websites (id, name, slug, url, short_description, purpose, category_id, click_count, is_active) VALUES (613, 'DeepMind', 'deepmind-9434', 'https://deepmind-9434.com', 'An incredibly advanced AI tool revolutionizing the way you handle data & dashboard. Try DeepMind today.', 'Productivity Engine', 6, 0, 1);
INSERT INTO website_intents (website_id, intent_id) VALUES (613, 4);
INSERT INTO website_intents (website_id, intent_id) VALUES (613, 3);
INSERT INTO website_personas (website_id, persona_id) VALUES (613, 2);
INSERT INTO website_personas (website_id, persona_id) VALUES (613, 5);
INSERT INTO websites (id, name, slug, url, short_description, purpose, category_id, click_count, is_active) VALUES (614, 'Geniify Pro', 'geniify-pro-2778', 'https://geniify-pro-2778.com', 'Enhance your productivity with Geniify Pro. Perfect for seamless data & dashboard automation.', 'Creative Studio', 6, 0, 1);
INSERT INTO website_intents (website_id, intent_id) VALUES (614, 4);
INSERT INTO website_personas (website_id, persona_id) VALUES (614, 4);
INSERT INTO websites (id, name, slug, url, short_description, purpose, category_id, click_count, is_active) VALUES (615, 'NextBot', 'nextbot-4498', 'https://nextbot-4498.com', 'Enhance your productivity with NextBot. Perfect for seamless marketing & growth automation.', 'Productivity Engine', 7, 0, 1);
INSERT INTO website_intents (website_id, intent_id) VALUES (615, 4);
INSERT INTO website_intents (website_id, intent_id) VALUES (615, 3);
INSERT INTO website_personas (website_id, persona_id) VALUES (615, 4);
INSERT INTO websites (id, name, slug, url, short_description, purpose, category_id, click_count, is_active) VALUES (616, 'AutoForge', 'autoforge-7317', 'https://autoforge-7317.com', 'An incredibly advanced AI tool revolutionizing the way you handle marketing & growth. Try AutoForge today.', 'Creative Studio', 7, 0, 1);
INSERT INTO website_intents (website_id, intent_id) VALUES (616, 1);
INSERT INTO website_intents (website_id, intent_id) VALUES (616, 6);
INSERT INTO website_personas (website_id, persona_id) VALUES (616, 4);
INSERT INTO websites (id, name, slug, url, short_description, purpose, category_id, click_count, is_active) VALUES (617, 'QuickMate', 'quickmate-7570', 'https://quickmate-7570.com', 'An incredibly advanced AI tool revolutionizing the way you handle marketing & growth. Try QuickMate today.', 'Productivity Engine', 7, 0, 1);
INSERT INTO website_intents (website_id, intent_id) VALUES (617, 4);
INSERT INTO website_personas (website_id, persona_id) VALUES (617, 1);
INSERT INTO websites (id, name, slug, url, short_description, purpose, category_id, click_count, is_active) VALUES (618, 'GeniForge Pro', 'geniforge-pro-4963', 'https://geniforge-pro-4963.com', 'Enhance your productivity with GeniForge Pro. Perfect for seamless marketing & growth automation.', 'Creative Studio', 7, 0, 1);
INSERT INTO website_intents (website_id, intent_id) VALUES (618, 5);
INSERT INTO website_personas (website_id, persona_id) VALUES (618, 4);
INSERT INTO websites (id, name, slug, url, short_description, purpose, category_id, click_count, is_active) VALUES (619, 'AutoFlow', 'autoflow-1989', 'https://autoflow-1989.com', 'An incredibly advanced AI tool revolutionizing the way you handle marketing & growth. Try AutoFlow today.', 'Productivity Engine', 7, 0, 1);
INSERT INTO website_intents (website_id, intent_id) VALUES (619, 1);
INSERT INTO website_personas (website_id, persona_id) VALUES (619, 6);
INSERT INTO website_personas (website_id, persona_id) VALUES (619, 4);
INSERT INTO websites (id, name, slug, url, short_description, purpose, category_id, click_count, is_active) VALUES (620, 'FlowAI', 'flowai-9951', 'https://flowai-9951.com', 'An incredibly advanced AI tool revolutionizing the way you handle marketing & growth. Try FlowAI today.', 'Creative Studio', 7, 0, 1);
INSERT INTO website_intents (website_id, intent_id) VALUES (620, 1);
INSERT INTO website_intents (website_id, intent_id) VALUES (620, 4);
INSERT INTO website_personas (website_id, persona_id) VALUES (620, 3);
INSERT INTO websites (id, name, slug, url, short_description, purpose, category_id, click_count, is_active) VALUES (621, 'GeniMind Pro', 'genimind-pro-8572', 'https://genimind-pro-8572.com', 'Enhance your productivity with GeniMind Pro. Perfect for seamless marketing & growth automation.', 'Productivity Engine', 7, 0, 1);
INSERT INTO website_intents (website_id, intent_id) VALUES (621, 5);
INSERT INTO website_intents (website_id, intent_id) VALUES (621, 3);
INSERT INTO website_personas (website_id, persona_id) VALUES (621, 2);
INSERT INTO website_personas (website_id, persona_id) VALUES (621, 5);
INSERT INTO websites (id, name, slug, url, short_description, purpose, category_id, click_count, is_active) VALUES (622, 'SmartBase', 'smartbase-7911', 'https://smartbase-7911.com', 'An incredibly advanced AI tool revolutionizing the way you handle marketing & growth. Try SmartBase today.', 'Creative Studio', 7, 0, 1);
INSERT INTO website_intents (website_id, intent_id) VALUES (622, 1);
INSERT INTO website_personas (website_id, persona_id) VALUES (622, 1);
INSERT INTO website_personas (website_id, persona_id) VALUES (622, 2);
INSERT INTO websites (id, name, slug, url, short_description, purpose, category_id, click_count, is_active) VALUES (623, 'AutoFlow', 'autoflow-8485', 'https://autoflow-8485.com', 'An incredibly advanced AI tool revolutionizing the way you handle marketing & growth. Try AutoFlow today.', 'Productivity Engine', 7, 0, 1);
INSERT INTO website_intents (website_id, intent_id) VALUES (623, 6);
INSERT INTO website_personas (website_id, persona_id) VALUES (623, 6);
INSERT INTO websites (id, name, slug, url, short_description, purpose, category_id, click_count, is_active) VALUES (624, 'Proly', 'proly-6418', 'https://proly-6418.com', 'Enhance your productivity with Proly. Perfect for seamless marketing & growth automation.', 'Creative Studio', 7, 0, 1);
INSERT INTO website_intents (website_id, intent_id) VALUES (624, 2);
INSERT INTO website_intents (website_id, intent_id) VALUES (624, 6);
INSERT INTO website_personas (website_id, persona_id) VALUES (624, 2);
INSERT INTO websites (id, name, slug, url, short_description, purpose, category_id, click_count, is_active) VALUES (625, 'SmartBase', 'smartbase-7745', 'https://smartbase-7745.com', 'An incredibly advanced AI tool revolutionizing the way you handle marketing & growth. Try SmartBase today.', 'Productivity Engine', 7, 0, 1);
INSERT INTO website_intents (website_id, intent_id) VALUES (625, 4);
INSERT INTO website_intents (website_id, intent_id) VALUES (625, 6);
INSERT INTO website_personas (website_id, persona_id) VALUES (625, 1);
INSERT INTO websites (id, name, slug, url, short_description, purpose, category_id, click_count, is_active) VALUES (626, 'Flowify', 'flowify-1710', 'https://flowify-1710.com', 'An incredibly advanced AI tool revolutionizing the way you handle marketing & growth. Try Flowify today.', 'Creative Studio', 7, 0, 1);
INSERT INTO website_intents (website_id, intent_id) VALUES (626, 5);
INSERT INTO website_intents (website_id, intent_id) VALUES (626, 4);
INSERT INTO website_personas (website_id, persona_id) VALUES (626, 6);
INSERT INTO website_personas (website_id, persona_id) VALUES (626, 5);
INSERT INTO websites (id, name, slug, url, short_description, purpose, category_id, click_count, is_active) VALUES (627, 'AutoFlow', 'autoflow-6217', 'https://autoflow-6217.com', 'Enhance your productivity with AutoFlow. Perfect for seamless marketing & growth automation.', 'Productivity Engine', 7, 0, 1);
INSERT INTO website_intents (website_id, intent_id) VALUES (627, 5);
INSERT INTO website_personas (website_id, persona_id) VALUES (627, 1);
INSERT INTO website_personas (website_id, persona_id) VALUES (627, 6);
INSERT INTO websites (id, name, slug, url, short_description, purpose, category_id, click_count, is_active) VALUES (628, 'FlowMind Pro', 'flowmind-pro-3066', 'https://flowmind-pro-3066.com', 'An incredibly advanced AI tool revolutionizing the way you handle marketing & growth. Try FlowMind Pro today.', 'Creative Studio', 7, 0, 1);
INSERT INTO website_intents (website_id, intent_id) VALUES (628, 1);
INSERT INTO website_personas (website_id, persona_id) VALUES (628, 1);
INSERT INTO website_personas (website_id, persona_id) VALUES (628, 2);
INSERT INTO websites (id, name, slug, url, short_description, purpose, category_id, click_count, is_active) VALUES (629, 'ProAI', 'proai-1745', 'https://proai-1745.com', 'An incredibly advanced AI tool revolutionizing the way you handle marketing & growth. Try ProAI today.', 'Productivity Engine', 7, 0, 1);
INSERT INTO website_intents (website_id, intent_id) VALUES (629, 3);
INSERT INTO website_personas (website_id, persona_id) VALUES (629, 6);
INSERT INTO website_personas (website_id, persona_id) VALUES (629, 1);
INSERT INTO websites (id, name, slug, url, short_description, purpose, category_id, click_count, is_active) VALUES (630, 'AutoSync', 'autosync-9627', 'https://autosync-9627.com', 'Enhance your productivity with AutoSync. Perfect for seamless marketing & growth automation.', 'Creative Studio', 7, 0, 1);
INSERT INTO website_intents (website_id, intent_id) VALUES (630, 6);
INSERT INTO website_personas (website_id, persona_id) VALUES (630, 1);
INSERT INTO website_personas (website_id, persona_id) VALUES (630, 2);
INSERT INTO websites (id, name, slug, url, short_description, purpose, category_id, click_count, is_active) VALUES (631, 'SmartAI Pro', 'smartai-pro-9923', 'https://smartai-pro-9923.com', 'An incredibly advanced AI tool revolutionizing the way you handle marketing & growth. Try SmartAI Pro today.', 'Productivity Engine', 7, 0, 1);
INSERT INTO website_intents (website_id, intent_id) VALUES (631, 4);
INSERT INTO website_intents (website_id, intent_id) VALUES (631, 5);
INSERT INTO website_personas (website_id, persona_id) VALUES (631, 4);
INSERT INTO website_personas (website_id, persona_id) VALUES (631, 3);
INSERT INTO websites (id, name, slug, url, short_description, purpose, category_id, click_count, is_active) VALUES (632, 'GeniSync', 'genisync-4606', 'https://genisync-4606.com', 'An incredibly advanced AI tool revolutionizing the way you handle marketing & growth. Try GeniSync today.', 'Creative Studio', 7, 0, 1);
INSERT INTO website_intents (website_id, intent_id) VALUES (632, 1);
INSERT INTO website_intents (website_id, intent_id) VALUES (632, 3);
INSERT INTO website_personas (website_id, persona_id) VALUES (632, 5);
INSERT INTO website_personas (website_id, persona_id) VALUES (632, 1);
INSERT INTO websites (id, name, slug, url, short_description, purpose, category_id, click_count, is_active) VALUES (633, 'VibeAI', 'vibeai-5171', 'https://vibeai-5171.com', 'Enhance your productivity with VibeAI. Perfect for seamless marketing & growth automation.', 'Productivity Engine', 7, 0, 1);
INSERT INTO website_intents (website_id, intent_id) VALUES (633, 2);
INSERT INTO website_intents (website_id, intent_id) VALUES (633, 1);
INSERT INTO website_personas (website_id, persona_id) VALUES (633, 3);
INSERT INTO website_personas (website_id, persona_id) VALUES (633, 4);
INSERT INTO websites (id, name, slug, url, short_description, purpose, category_id, click_count, is_active) VALUES (634, 'SyntheAI Pro', 'syntheai-pro-4066', 'https://syntheai-pro-4066.com', 'An incredibly advanced AI tool revolutionizing the way you handle marketing & growth. Try SyntheAI Pro today.', 'Creative Studio', 7, 0, 1);
INSERT INTO website_intents (website_id, intent_id) VALUES (634, 1);
INSERT INTO website_intents (website_id, intent_id) VALUES (634, 5);
INSERT INTO website_personas (website_id, persona_id) VALUES (634, 1);
INSERT INTO website_personas (website_id, persona_id) VALUES (634, 2);
INSERT INTO websites (id, name, slug, url, short_description, purpose, category_id, click_count, is_active) VALUES (635, 'CogniMind', 'cognimind-6896', 'https://cognimind-6896.com', 'An incredibly advanced AI tool revolutionizing the way you handle marketing & growth. Try CogniMind today.', 'Productivity Engine', 7, 0, 1);
INSERT INTO website_intents (website_id, intent_id) VALUES (635, 5);
INSERT INTO website_personas (website_id, persona_id) VALUES (635, 2);
INSERT INTO websites (id, name, slug, url, short_description, purpose, category_id, click_count, is_active) VALUES (636, 'SyntheCraft', 'synthecraft-1059', 'https://synthecraft-1059.com', 'Enhance your productivity with SyntheCraft. Perfect for seamless marketing & growth automation.', 'Creative Studio', 7, 0, 1);
INSERT INTO website_intents (website_id, intent_id) VALUES (636, 3);
INSERT INTO website_personas (website_id, persona_id) VALUES (636, 4);
INSERT INTO websites (id, name, slug, url, short_description, purpose, category_id, click_count, is_active) VALUES (637, 'CogniBase Pro', 'cognibase-pro-5878', 'https://cognibase-pro-5878.com', 'An incredibly advanced AI tool revolutionizing the way you handle marketing & growth. Try CogniBase Pro today.', 'Productivity Engine', 7, 0, 1);
INSERT INTO website_intents (website_id, intent_id) VALUES (637, 1);
INSERT INTO website_intents (website_id, intent_id) VALUES (637, 6);
INSERT INTO website_personas (website_id, persona_id) VALUES (637, 3);
INSERT INTO websites (id, name, slug, url, short_description, purpose, category_id, click_count, is_active) VALUES (638, 'ProFlow', 'proflow-2058', 'https://proflow-2058.com', 'An incredibly advanced AI tool revolutionizing the way you handle marketing & growth. Try ProFlow today.', 'Creative Studio', 7, 0, 1);
INSERT INTO website_intents (website_id, intent_id) VALUES (638, 6);
INSERT INTO website_personas (website_id, persona_id) VALUES (638, 6);
INSERT INTO website_personas (website_id, persona_id) VALUES (638, 1);
INSERT INTO websites (id, name, slug, url, short_description, purpose, category_id, click_count, is_active) VALUES (639, 'FlowCraft', 'flowcraft-8949', 'https://flowcraft-8949.com', 'Enhance your productivity with FlowCraft. Perfect for seamless marketing & growth automation.', 'Productivity Engine', 7, 0, 1);
INSERT INTO website_intents (website_id, intent_id) VALUES (639, 4);
INSERT INTO website_personas (website_id, persona_id) VALUES (639, 1);
INSERT INTO website_personas (website_id, persona_id) VALUES (639, 4);
INSERT INTO websites (id, name, slug, url, short_description, purpose, category_id, click_count, is_active) VALUES (640, 'SyntheMate', 'synthemate-4928', 'https://synthemate-4928.com', 'An incredibly advanced AI tool revolutionizing the way you handle marketing & growth. Try SyntheMate today.', 'Creative Studio', 7, 0, 1);
INSERT INTO website_intents (website_id, intent_id) VALUES (640, 4);
INSERT INTO website_personas (website_id, persona_id) VALUES (640, 4);
INSERT INTO website_personas (website_id, persona_id) VALUES (640, 1);
INSERT INTO websites (id, name, slug, url, short_description, purpose, category_id, click_count, is_active) VALUES (641, 'GeniSync Pro', 'genisync-pro-2425', 'https://genisync-pro-2425.com', 'An incredibly advanced AI tool revolutionizing the way you handle marketing & growth. Try GeniSync Pro today.', 'Productivity Engine', 7, 0, 1);
INSERT INTO website_intents (website_id, intent_id) VALUES (641, 5);
INSERT INTO website_personas (website_id, persona_id) VALUES (641, 5);
INSERT INTO websites (id, name, slug, url, short_description, purpose, category_id, click_count, is_active) VALUES (642, 'QuickGen', 'quickgen-9416', 'https://quickgen-9416.com', 'Enhance your productivity with QuickGen. Perfect for seamless marketing & growth automation.', 'Creative Studio', 7, 0, 1);
INSERT INTO website_intents (website_id, intent_id) VALUES (642, 2);
INSERT INTO website_intents (website_id, intent_id) VALUES (642, 6);
INSERT INTO website_personas (website_id, persona_id) VALUES (642, 4);
INSERT INTO website_personas (website_id, persona_id) VALUES (642, 3);
INSERT INTO websites (id, name, slug, url, short_description, purpose, category_id, click_count, is_active) VALUES (643, 'DeepSync', 'deepsync-6984', 'https://deepsync-6984.com', 'An incredibly advanced AI tool revolutionizing the way you handle marketing & growth. Try DeepSync today.', 'Productivity Engine', 7, 0, 1);
INSERT INTO website_intents (website_id, intent_id) VALUES (643, 1);
INSERT INTO website_intents (website_id, intent_id) VALUES (643, 2);
INSERT INTO website_personas (website_id, persona_id) VALUES (643, 4);
INSERT INTO website_personas (website_id, persona_id) VALUES (643, 3);
INSERT INTO websites (id, name, slug, url, short_description, purpose, category_id, click_count, is_active) VALUES (644, 'AutoCraft', 'autocraft-4811', 'https://autocraft-4811.com', 'An incredibly advanced AI tool revolutionizing the way you handle marketing & growth. Try AutoCraft today.', 'Creative Studio', 7, 0, 1);
INSERT INTO website_intents (website_id, intent_id) VALUES (644, 1);
INSERT INTO website_intents (website_id, intent_id) VALUES (644, 2);
INSERT INTO website_personas (website_id, persona_id) VALUES (644, 4);
INSERT INTO websites (id, name, slug, url, short_description, purpose, category_id, click_count, is_active) VALUES (645, 'HyperMate Pro', 'hypermate-pro-2914', 'https://hypermate-pro-2914.com', 'Enhance your productivity with HyperMate Pro. Perfect for seamless marketing & growth automation.', 'Productivity Engine', 7, 0, 1);
INSERT INTO website_intents (website_id, intent_id) VALUES (645, 3);
INSERT INTO website_personas (website_id, persona_id) VALUES (645, 5);
INSERT INTO website_personas (website_id, persona_id) VALUES (645, 4);
INSERT INTO websites (id, name, slug, url, short_description, purpose, category_id, click_count, is_active) VALUES (646, 'Genily', 'genily-9724', 'https://genily-9724.com', 'An incredibly advanced AI tool revolutionizing the way you handle marketing & growth. Try Genily today.', 'Creative Studio', 7, 0, 1);
INSERT INTO website_intents (website_id, intent_id) VALUES (646, 1);
INSERT INTO website_intents (website_id, intent_id) VALUES (646, 5);
INSERT INTO website_personas (website_id, persona_id) VALUES (646, 3);
INSERT INTO website_personas (website_id, persona_id) VALUES (646, 2);
INSERT INTO websites (id, name, slug, url, short_description, purpose, category_id, click_count, is_active) VALUES (647, 'QuickBase', 'quickbase-1791', 'https://quickbase-1791.com', 'An incredibly advanced AI tool revolutionizing the way you handle marketing & growth. Try QuickBase today.', 'Productivity Engine', 7, 0, 1);
INSERT INTO website_intents (website_id, intent_id) VALUES (647, 1);
INSERT INTO website_intents (website_id, intent_id) VALUES (647, 3);
INSERT INTO website_personas (website_id, persona_id) VALUES (647, 1);
INSERT INTO websites (id, name, slug, url, short_description, purpose, category_id, click_count, is_active) VALUES (648, 'HyperForge', 'hyperforge-9060', 'https://hyperforge-9060.com', 'Enhance your productivity with HyperForge. Perfect for seamless marketing & growth automation.', 'Creative Studio', 7, 0, 1);
INSERT INTO website_intents (website_id, intent_id) VALUES (648, 2);
INSERT INTO website_personas (website_id, persona_id) VALUES (648, 2);
INSERT INTO websites (id, name, slug, url, short_description, purpose, category_id, click_count, is_active) VALUES (649, 'AutoBot', 'autobot-6642', 'https://autobot-6642.com', 'An incredibly advanced AI tool revolutionizing the way you handle marketing & growth. Try AutoBot today.', 'Productivity Engine', 7, 0, 1);
INSERT INTO website_intents (website_id, intent_id) VALUES (649, 1);
INSERT INTO website_personas (website_id, persona_id) VALUES (649, 1);
INSERT INTO websites (id, name, slug, url, short_description, purpose, category_id, click_count, is_active) VALUES (650, 'DeepGen', 'deepgen-2026', 'https://deepgen-2026.com', 'An incredibly advanced AI tool revolutionizing the way you handle marketing & growth. Try DeepGen today.', 'Creative Studio', 7, 0, 1);
INSERT INTO website_intents (website_id, intent_id) VALUES (650, 1);
INSERT INTO website_personas (website_id, persona_id) VALUES (650, 2);
INSERT INTO websites (id, name, slug, url, short_description, purpose, category_id, click_count, is_active) VALUES (651, 'SyntheForge Pro', 'syntheforge-pro-4170', 'https://syntheforge-pro-4170.com', 'Enhance your productivity with SyntheForge Pro. Perfect for seamless marketing & growth automation.', 'Productivity Engine', 7, 0, 1);
INSERT INTO website_intents (website_id, intent_id) VALUES (651, 1);
INSERT INTO website_personas (website_id, persona_id) VALUES (651, 5);
INSERT INTO websites (id, name, slug, url, short_description, purpose, category_id, click_count, is_active) VALUES (652, 'HyperGen', 'hypergen-1552', 'https://hypergen-1552.com', 'An incredibly advanced AI tool revolutionizing the way you handle marketing & growth. Try HyperGen today.', 'Creative Studio', 7, 0, 1);
INSERT INTO website_intents (website_id, intent_id) VALUES (652, 1);
INSERT INTO website_intents (website_id, intent_id) VALUES (652, 4);
INSERT INTO website_personas (website_id, persona_id) VALUES (652, 4);
INSERT INTO websites (id, name, slug, url, short_description, purpose, category_id, click_count, is_active) VALUES (653, 'SmartSync', 'smartsync-3081', 'https://smartsync-3081.com', 'An incredibly advanced AI tool revolutionizing the way you handle marketing & growth. Try SmartSync today.', 'Productivity Engine', 7, 0, 1);
INSERT INTO website_intents (website_id, intent_id) VALUES (653, 1);
INSERT INTO website_intents (website_id, intent_id) VALUES (653, 2);
INSERT INTO website_personas (website_id, persona_id) VALUES (653, 1);
INSERT INTO websites (id, name, slug, url, short_description, purpose, category_id, click_count, is_active) VALUES (654, 'HyperSync Pro', 'hypersync-pro-8491', 'https://hypersync-pro-8491.com', 'Enhance your productivity with HyperSync Pro. Perfect for seamless marketing & growth automation.', 'Creative Studio', 7, 0, 1);
INSERT INTO website_intents (website_id, intent_id) VALUES (654, 6);
INSERT INTO website_intents (website_id, intent_id) VALUES (654, 2);
INSERT INTO website_personas (website_id, persona_id) VALUES (654, 1);
INSERT INTO websites (id, name, slug, url, short_description, purpose, category_id, click_count, is_active) VALUES (655, 'HyperBase', 'hyperbase-2825', 'https://hyperbase-2825.com', 'An incredibly advanced AI tool revolutionizing the way you handle marketing & growth. Try HyperBase today.', 'Productivity Engine', 7, 0, 1);
INSERT INTO website_intents (website_id, intent_id) VALUES (655, 3);
INSERT INTO website_intents (website_id, intent_id) VALUES (655, 4);
INSERT INTO website_personas (website_id, persona_id) VALUES (655, 4);
INSERT INTO website_personas (website_id, persona_id) VALUES (655, 1);
INSERT INTO websites (id, name, slug, url, short_description, purpose, category_id, click_count, is_active) VALUES (656, 'DeepBot', 'deepbot-2055', 'https://deepbot-2055.com', 'An incredibly advanced AI tool revolutionizing the way you handle marketing & growth. Try DeepBot today.', 'Creative Studio', 7, 0, 1);
INSERT INTO website_intents (website_id, intent_id) VALUES (656, 2);
INSERT INTO website_personas (website_id, persona_id) VALUES (656, 1);
INSERT INTO websites (id, name, slug, url, short_description, purpose, category_id, click_count, is_active) VALUES (657, 'AutoCraft', 'autocraft-4876', 'https://autocraft-4876.com', 'Enhance your productivity with AutoCraft. Perfect for seamless marketing & growth automation.', 'Productivity Engine', 7, 0, 1);
INSERT INTO website_intents (website_id, intent_id) VALUES (657, 2);
INSERT INTO website_intents (website_id, intent_id) VALUES (657, 6);
INSERT INTO website_personas (website_id, persona_id) VALUES (657, 5);
INSERT INTO website_personas (website_id, persona_id) VALUES (657, 6);
INSERT INTO websites (id, name, slug, url, short_description, purpose, category_id, click_count, is_active) VALUES (658, 'DeepCraft', 'deepcraft-6920', 'https://deepcraft-6920.com', 'An incredibly advanced AI tool revolutionizing the way you handle marketing & growth. Try DeepCraft today.', 'Creative Studio', 7, 0, 1);
INSERT INTO website_intents (website_id, intent_id) VALUES (658, 1);
INSERT INTO website_personas (website_id, persona_id) VALUES (658, 4);
INSERT INTO websites (id, name, slug, url, short_description, purpose, category_id, click_count, is_active) VALUES (659, 'GeniFlow', 'geniflow-4030', 'https://geniflow-4030.com', 'An incredibly advanced AI tool revolutionizing the way you handle marketing & growth. Try GeniFlow today.', 'Productivity Engine', 7, 0, 1);
INSERT INTO website_intents (website_id, intent_id) VALUES (659, 6);
INSERT INTO website_intents (website_id, intent_id) VALUES (659, 4);
INSERT INTO website_personas (website_id, persona_id) VALUES (659, 1);
INSERT INTO websites (id, name, slug, url, short_description, purpose, category_id, click_count, is_active) VALUES (660, 'QuickBase', 'quickbase-1155', 'https://quickbase-1155.com', 'Enhance your productivity with QuickBase. Perfect for seamless marketing & growth automation.', 'Creative Studio', 7, 0, 1);
INSERT INTO website_intents (website_id, intent_id) VALUES (660, 5);
INSERT INTO website_personas (website_id, persona_id) VALUES (660, 6);
INSERT INTO website_personas (website_id, persona_id) VALUES (660, 5);
INSERT INTO websites (id, name, slug, url, short_description, purpose, category_id, click_count, is_active) VALUES (661, 'SmartFlow Pro', 'smartflow-pro-8056', 'https://smartflow-pro-8056.com', 'An incredibly advanced AI tool revolutionizing the way you handle marketing & growth. Try SmartFlow Pro today.', 'Productivity Engine', 7, 0, 1);
INSERT INTO website_intents (website_id, intent_id) VALUES (661, 6);
INSERT INTO website_personas (website_id, persona_id) VALUES (661, 5);
INSERT INTO websites (id, name, slug, url, short_description, purpose, category_id, click_count, is_active) VALUES (662, 'QuickMate', 'quickmate-1679', 'https://quickmate-1679.com', 'An incredibly advanced AI tool revolutionizing the way you handle marketing & growth. Try QuickMate today.', 'Creative Studio', 7, 0, 1);
INSERT INTO website_intents (website_id, intent_id) VALUES (662, 1);
INSERT INTO website_intents (website_id, intent_id) VALUES (662, 4);
INSERT INTO website_personas (website_id, persona_id) VALUES (662, 6);
INSERT INTO website_personas (website_id, persona_id) VALUES (662, 1);
INSERT INTO websites (id, name, slug, url, short_description, purpose, category_id, click_count, is_active) VALUES (663, 'NextAI Pro', 'nextai-pro-9454', 'https://nextai-pro-9454.com', 'Enhance your productivity with NextAI Pro. Perfect for seamless marketing & growth automation.', 'Productivity Engine', 7, 0, 1);
INSERT INTO website_intents (website_id, intent_id) VALUES (663, 2);
INSERT INTO website_personas (website_id, persona_id) VALUES (663, 1);
INSERT INTO websites (id, name, slug, url, short_description, purpose, category_id, click_count, is_active) VALUES (664, 'HyperMind', 'hypermind-1424', 'https://hypermind-1424.com', 'An incredibly advanced AI tool revolutionizing the way you handle marketing & growth. Try HyperMind today.', 'Creative Studio', 7, 0, 1);
INSERT INTO website_intents (website_id, intent_id) VALUES (664, 4);
INSERT INTO website_intents (website_id, intent_id) VALUES (664, 1);
INSERT INTO website_personas (website_id, persona_id) VALUES (664, 1);
INSERT INTO websites (id, name, slug, url, short_description, purpose, category_id, click_count, is_active) VALUES (665, 'CogniMind', 'cognimind-9676', 'https://cognimind-9676.com', 'An incredibly advanced AI tool revolutionizing the way you handle marketing & growth. Try CogniMind today.', 'Productivity Engine', 7, 0, 1);
INSERT INTO website_intents (website_id, intent_id) VALUES (665, 6);
INSERT INTO website_personas (website_id, persona_id) VALUES (665, 6);
INSERT INTO websites (id, name, slug, url, short_description, purpose, category_id, click_count, is_active) VALUES (666, 'QuickAI', 'quickai-7114', 'https://quickai-7114.com', 'Enhance your productivity with QuickAI. Perfect for seamless marketing & growth automation.', 'Creative Studio', 7, 0, 1);
INSERT INTO website_intents (website_id, intent_id) VALUES (666, 5);
INSERT INTO website_intents (website_id, intent_id) VALUES (666, 4);
INSERT INTO website_personas (website_id, persona_id) VALUES (666, 4);
INSERT INTO website_personas (website_id, persona_id) VALUES (666, 3);
INSERT INTO websites (id, name, slug, url, short_description, purpose, category_id, click_count, is_active) VALUES (667, 'GeniMind', 'genimind-1994', 'https://genimind-1994.com', 'An incredibly advanced AI tool revolutionizing the way you handle marketing & growth. Try GeniMind today.', 'Productivity Engine', 7, 0, 1);
INSERT INTO website_intents (website_id, intent_id) VALUES (667, 1);
INSERT INTO website_personas (website_id, persona_id) VALUES (667, 1);
INSERT INTO websites (id, name, slug, url, short_description, purpose, category_id, click_count, is_active) VALUES (668, 'DeepSync', 'deepsync-3968', 'https://deepsync-3968.com', 'An incredibly advanced AI tool revolutionizing the way you handle marketing & growth. Try DeepSync today.', 'Creative Studio', 7, 0, 1);
INSERT INTO website_intents (website_id, intent_id) VALUES (668, 6);
INSERT INTO website_personas (website_id, persona_id) VALUES (668, 2);
INSERT INTO websites (id, name, slug, url, short_description, purpose, category_id, click_count, is_active) VALUES (669, 'SyntheMate', 'synthemate-7395', 'https://synthemate-7395.com', 'Enhance your productivity with SyntheMate. Perfect for seamless marketing & growth automation.', 'Productivity Engine', 7, 0, 1);
INSERT INTO website_intents (website_id, intent_id) VALUES (669, 5);
INSERT INTO website_intents (website_id, intent_id) VALUES (669, 4);
INSERT INTO website_personas (website_id, persona_id) VALUES (669, 4);
INSERT INTO website_personas (website_id, persona_id) VALUES (669, 6);
INSERT INTO websites (id, name, slug, url, short_description, purpose, category_id, click_count, is_active) VALUES (670, 'ZenSync', 'zensync-8946', 'https://zensync-8946.com', 'An incredibly advanced AI tool revolutionizing the way you handle marketing & growth. Try ZenSync today.', 'Creative Studio', 7, 0, 1);
INSERT INTO website_intents (website_id, intent_id) VALUES (670, 5);
INSERT INTO website_personas (website_id, persona_id) VALUES (670, 3);
INSERT INTO website_personas (website_id, persona_id) VALUES (670, 1);
INSERT INTO websites (id, name, slug, url, short_description, purpose, category_id, click_count, is_active) VALUES (671, 'GeniForge', 'geniforge-4859', 'https://geniforge-4859.com', 'An incredibly advanced AI tool revolutionizing the way you handle marketing & growth. Try GeniForge today.', 'Productivity Engine', 7, 0, 1);
INSERT INTO website_intents (website_id, intent_id) VALUES (671, 6);
INSERT INTO website_personas (website_id, persona_id) VALUES (671, 1);
INSERT INTO website_personas (website_id, persona_id) VALUES (671, 6);
INSERT INTO websites (id, name, slug, url, short_description, purpose, category_id, click_count, is_active) VALUES (672, 'SyntheFlow', 'syntheflow-4930', 'https://syntheflow-4930.com', 'Enhance your productivity with SyntheFlow. Perfect for seamless marketing & growth automation.', 'Creative Studio', 7, 0, 1);
INSERT INTO website_intents (website_id, intent_id) VALUES (672, 3);
INSERT INTO website_personas (website_id, persona_id) VALUES (672, 1);
INSERT INTO website_personas (website_id, persona_id) VALUES (672, 4);
INSERT INTO websites (id, name, slug, url, short_description, purpose, category_id, click_count, is_active) VALUES (673, 'SmartCraft Pro', 'smartcraft-pro-5562', 'https://smartcraft-pro-5562.com', 'An incredibly advanced AI tool revolutionizing the way you handle marketing & growth. Try SmartCraft Pro today.', 'Productivity Engine', 7, 0, 1);
INSERT INTO website_intents (website_id, intent_id) VALUES (673, 3);
INSERT INTO website_personas (website_id, persona_id) VALUES (673, 4);
INSERT INTO website_personas (website_id, persona_id) VALUES (673, 5);
INSERT INTO websites (id, name, slug, url, short_description, purpose, category_id, click_count, is_active) VALUES (674, 'VibeForge', 'vibeforge-4155', 'https://vibeforge-4155.com', 'An incredibly advanced AI tool revolutionizing the way you handle marketing & growth. Try VibeForge today.', 'Creative Studio', 7, 0, 1);
INSERT INTO website_intents (website_id, intent_id) VALUES (674, 4);
INSERT INTO website_personas (website_id, persona_id) VALUES (674, 2);
INSERT INTO website_personas (website_id, persona_id) VALUES (674, 6);
INSERT INTO websites (id, name, slug, url, short_description, purpose, category_id, click_count, is_active) VALUES (675, 'QuickForge', 'quickforge-4587', 'https://quickforge-4587.com', 'Enhance your productivity with QuickForge. Perfect for seamless marketing & growth automation.', 'Productivity Engine', 7, 0, 1);
INSERT INTO website_intents (website_id, intent_id) VALUES (675, 2);
INSERT INTO website_intents (website_id, intent_id) VALUES (675, 6);
INSERT INTO website_personas (website_id, persona_id) VALUES (675, 4);
INSERT INTO websites (id, name, slug, url, short_description, purpose, category_id, click_count, is_active) VALUES (676, 'VibeBase', 'vibebase-1386', 'https://vibebase-1386.com', 'An incredibly advanced AI tool revolutionizing the way you handle marketing & growth. Try VibeBase today.', 'Creative Studio', 7, 0, 1);
INSERT INTO website_intents (website_id, intent_id) VALUES (676, 6);
INSERT INTO website_personas (website_id, persona_id) VALUES (676, 6);
INSERT INTO websites (id, name, slug, url, short_description, purpose, category_id, click_count, is_active) VALUES (677, 'CogniSync', 'cognisync-8679', 'https://cognisync-8679.com', 'An incredibly advanced AI tool revolutionizing the way you handle marketing & growth. Try CogniSync today.', 'Productivity Engine', 7, 0, 1);
INSERT INTO website_intents (website_id, intent_id) VALUES (677, 4);
INSERT INTO website_intents (website_id, intent_id) VALUES (677, 6);
INSERT INTO website_personas (website_id, persona_id) VALUES (677, 4);
INSERT INTO websites (id, name, slug, url, short_description, purpose, category_id, click_count, is_active) VALUES (678, 'DeepForge', 'deepforge-323', 'https://deepforge-323.com', 'Enhance your productivity with DeepForge. Perfect for seamless marketing & growth automation.', 'Creative Studio', 7, 0, 1);
INSERT INTO website_intents (website_id, intent_id) VALUES (678, 4);
INSERT INTO website_personas (website_id, persona_id) VALUES (678, 5);
INSERT INTO website_personas (website_id, persona_id) VALUES (678, 2);
INSERT INTO websites (id, name, slug, url, short_description, purpose, category_id, click_count, is_active) VALUES (679, 'Cogniify Pro', 'cogniify-pro-317', 'https://cogniify-pro-317.com', 'An incredibly advanced AI tool revolutionizing the way you handle marketing & growth. Try Cogniify Pro today.', 'Productivity Engine', 7, 0, 1);
INSERT INTO website_intents (website_id, intent_id) VALUES (679, 6);
INSERT INTO website_personas (website_id, persona_id) VALUES (679, 2);
INSERT INTO website_personas (website_id, persona_id) VALUES (679, 1);
INSERT INTO websites (id, name, slug, url, short_description, purpose, category_id, click_count, is_active) VALUES (680, 'Vibely', 'vibely-8265', 'https://vibely-8265.com', 'An incredibly advanced AI tool revolutionizing the way you handle marketing & growth. Try Vibely today.', 'Creative Studio', 7, 0, 1);
INSERT INTO website_intents (website_id, intent_id) VALUES (680, 2);
INSERT INTO website_intents (website_id, intent_id) VALUES (680, 1);
INSERT INTO website_personas (website_id, persona_id) VALUES (680, 4);
INSERT INTO website_personas (website_id, persona_id) VALUES (680, 2);
INSERT INTO websites (id, name, slug, url, short_description, purpose, category_id, click_count, is_active) VALUES (681, 'ProBot', 'probot-5104', 'https://probot-5104.com', 'Enhance your productivity with ProBot. Perfect for seamless marketing & growth automation.', 'Productivity Engine', 7, 0, 1);
INSERT INTO website_intents (website_id, intent_id) VALUES (681, 5);
INSERT INTO website_intents (website_id, intent_id) VALUES (681, 1);
INSERT INTO website_personas (website_id, persona_id) VALUES (681, 5);
INSERT INTO websites (id, name, slug, url, short_description, purpose, category_id, click_count, is_active) VALUES (682, 'FlowMind', 'flowmind-7818', 'https://flowmind-7818.com', 'An incredibly advanced AI tool revolutionizing the way you handle marketing & growth. Try FlowMind today.', 'Creative Studio', 7, 0, 1);
INSERT INTO website_intents (website_id, intent_id) VALUES (682, 1);
INSERT INTO website_personas (website_id, persona_id) VALUES (682, 1);
INSERT INTO website_personas (website_id, persona_id) VALUES (682, 6);
INSERT INTO websites (id, name, slug, url, short_description, purpose, category_id, click_count, is_active) VALUES (683, 'AutoSync Pro', 'autosync-pro-168', 'https://autosync-pro-168.com', 'An incredibly advanced AI tool revolutionizing the way you handle marketing & growth. Try AutoSync Pro today.', 'Productivity Engine', 7, 0, 1);
INSERT INTO website_intents (website_id, intent_id) VALUES (683, 4);
INSERT INTO website_personas (website_id, persona_id) VALUES (683, 1);
INSERT INTO websites (id, name, slug, url, short_description, purpose, category_id, click_count, is_active) VALUES (684, 'GeniFlow', 'geniflow-4504', 'https://geniflow-4504.com', 'Enhance your productivity with GeniFlow. Perfect for seamless marketing & growth automation.', 'Creative Studio', 7, 0, 1);
INSERT INTO website_intents (website_id, intent_id) VALUES (684, 6);
INSERT INTO website_personas (website_id, persona_id) VALUES (684, 1);
INSERT INTO websites (id, name, slug, url, short_description, purpose, category_id, click_count, is_active) VALUES (685, 'VibeFlow', 'vibeflow-9287', 'https://vibeflow-9287.com', 'An incredibly advanced AI tool revolutionizing the way you handle marketing & growth. Try VibeFlow today.', 'Productivity Engine', 7, 0, 1);
INSERT INTO website_intents (website_id, intent_id) VALUES (685, 6);
INSERT INTO website_intents (website_id, intent_id) VALUES (685, 1);
INSERT INTO website_personas (website_id, persona_id) VALUES (685, 4);
INSERT INTO website_personas (website_id, persona_id) VALUES (685, 2);
INSERT INTO websites (id, name, slug, url, short_description, purpose, category_id, click_count, is_active) VALUES (686, 'CogniForge', 'cogniforge-5622', 'https://cogniforge-5622.com', 'An incredibly advanced AI tool revolutionizing the way you handle marketing & growth. Try CogniForge today.', 'Creative Studio', 7, 0, 1);
INSERT INTO website_intents (website_id, intent_id) VALUES (686, 6);
INSERT INTO website_intents (website_id, intent_id) VALUES (686, 3);
INSERT INTO website_personas (website_id, persona_id) VALUES (686, 4);
INSERT INTO websites (id, name, slug, url, short_description, purpose, category_id, click_count, is_active) VALUES (687, 'Autoify', 'autoify-7546', 'https://autoify-7546.com', 'Enhance your productivity with Autoify. Perfect for seamless marketing & growth automation.', 'Productivity Engine', 7, 0, 1);
INSERT INTO website_intents (website_id, intent_id) VALUES (687, 5);
INSERT INTO website_personas (website_id, persona_id) VALUES (687, 4);
INSERT INTO website_personas (website_id, persona_id) VALUES (687, 2);
INSERT INTO websites (id, name, slug, url, short_description, purpose, category_id, click_count, is_active) VALUES (688, 'DeepGen', 'deepgen-3140', 'https://deepgen-3140.com', 'An incredibly advanced AI tool revolutionizing the way you handle marketing & growth. Try DeepGen today.', 'Creative Studio', 7, 0, 1);
INSERT INTO website_intents (website_id, intent_id) VALUES (688, 6);
INSERT INTO website_personas (website_id, persona_id) VALUES (688, 2);
INSERT INTO websites (id, name, slug, url, short_description, purpose, category_id, click_count, is_active) VALUES (689, 'Nextify', 'nextify-4735', 'https://nextify-4735.com', 'An incredibly advanced AI tool revolutionizing the way you handle marketing & growth. Try Nextify today.', 'Productivity Engine', 7, 0, 1);
INSERT INTO website_intents (website_id, intent_id) VALUES (689, 4);
INSERT INTO website_personas (website_id, persona_id) VALUES (689, 2);
INSERT INTO websites (id, name, slug, url, short_description, purpose, category_id, click_count, is_active) VALUES (690, 'FlowAI Pro', 'flowai-pro-1226', 'https://flowai-pro-1226.com', 'Enhance your productivity with FlowAI Pro. Perfect for seamless marketing & growth automation.', 'Creative Studio', 7, 0, 1);
INSERT INTO website_intents (website_id, intent_id) VALUES (690, 1);
INSERT INTO website_personas (website_id, persona_id) VALUES (690, 3);
INSERT INTO websites (id, name, slug, url, short_description, purpose, category_id, click_count, is_active) VALUES (691, 'SyntheMind', 'synthemind-8580', 'https://synthemind-8580.com', 'An incredibly advanced AI tool revolutionizing the way you handle marketing & growth. Try SyntheMind today.', 'Productivity Engine', 7, 0, 1);
INSERT INTO website_intents (website_id, intent_id) VALUES (691, 1);
INSERT INTO website_intents (website_id, intent_id) VALUES (691, 2);
INSERT INTO website_personas (website_id, persona_id) VALUES (691, 4);
INSERT INTO websites (id, name, slug, url, short_description, purpose, category_id, click_count, is_active) VALUES (692, 'QuickCraft Pro', 'quickcraft-pro-771', 'https://quickcraft-pro-771.com', 'An incredibly advanced AI tool revolutionizing the way you handle marketing & growth. Try QuickCraft Pro today.', 'Creative Studio', 7, 0, 1);
INSERT INTO website_intents (website_id, intent_id) VALUES (692, 1);
INSERT INTO website_intents (website_id, intent_id) VALUES (692, 5);
INSERT INTO website_personas (website_id, persona_id) VALUES (692, 5);
INSERT INTO websites (id, name, slug, url, short_description, purpose, category_id, click_count, is_active) VALUES (693, 'HyperGen', 'hypergen-1324', 'https://hypergen-1324.com', 'Enhance your productivity with HyperGen. Perfect for seamless marketing & growth automation.', 'Productivity Engine', 7, 0, 1);
INSERT INTO website_intents (website_id, intent_id) VALUES (693, 6);
INSERT INTO website_personas (website_id, persona_id) VALUES (693, 1);
INSERT INTO websites (id, name, slug, url, short_description, purpose, category_id, click_count, is_active) VALUES (694, 'VibeMind Pro', 'vibemind-pro-2690', 'https://vibemind-pro-2690.com', 'An incredibly advanced AI tool revolutionizing the way you handle marketing & growth. Try VibeMind Pro today.', 'Creative Studio', 7, 0, 1);
INSERT INTO website_intents (website_id, intent_id) VALUES (694, 1);
INSERT INTO website_personas (website_id, persona_id) VALUES (694, 4);
INSERT INTO websites (id, name, slug, url, short_description, purpose, category_id, click_count, is_active) VALUES (695, 'QuickFlow', 'quickflow-7812', 'https://quickflow-7812.com', 'An incredibly advanced AI tool revolutionizing the way you handle marketing & growth. Try QuickFlow today.', 'Productivity Engine', 7, 0, 1);
INSERT INTO website_intents (website_id, intent_id) VALUES (695, 6);
INSERT INTO website_personas (website_id, persona_id) VALUES (695, 4);
INSERT INTO websites (id, name, slug, url, short_description, purpose, category_id, click_count, is_active) VALUES (696, 'FlowAI Pro', 'flowai-pro-227', 'https://flowai-pro-227.com', 'Enhance your productivity with FlowAI Pro. Perfect for seamless marketing & growth automation.', 'Creative Studio', 7, 0, 1);
INSERT INTO website_intents (website_id, intent_id) VALUES (696, 6);
INSERT INTO website_personas (website_id, persona_id) VALUES (696, 1);
INSERT INTO website_personas (website_id, persona_id) VALUES (696, 2);
INSERT INTO websites (id, name, slug, url, short_description, purpose, category_id, click_count, is_active) VALUES (697, 'HyperAI', 'hyperai-1469', 'https://hyperai-1469.com', 'An incredibly advanced AI tool revolutionizing the way you handle marketing & growth. Try HyperAI today.', 'Productivity Engine', 7, 0, 1);
INSERT INTO website_intents (website_id, intent_id) VALUES (697, 4);
INSERT INTO website_personas (website_id, persona_id) VALUES (697, 4);
INSERT INTO website_personas (website_id, persona_id) VALUES (697, 3);
INSERT INTO websites (id, name, slug, url, short_description, purpose, category_id, click_count, is_active) VALUES (698, 'HyperBase', 'hyperbase-8181', 'https://hyperbase-8181.com', 'An incredibly advanced AI tool revolutionizing the way you handle marketing & growth. Try HyperBase today.', 'Creative Studio', 7, 0, 1);
INSERT INTO website_intents (website_id, intent_id) VALUES (698, 1);
INSERT INTO website_personas (website_id, persona_id) VALUES (698, 5);
INSERT INTO website_personas (website_id, persona_id) VALUES (698, 4);
INSERT INTO websites (id, name, slug, url, short_description, purpose, category_id, click_count, is_active) VALUES (699, 'GeniCraft Pro', 'genicraft-pro-5482', 'https://genicraft-pro-5482.com', 'Enhance your productivity with GeniCraft Pro. Perfect for seamless marketing & growth automation.', 'Productivity Engine', 7, 0, 1);
INSERT INTO website_intents (website_id, intent_id) VALUES (699, 1);
INSERT INTO website_personas (website_id, persona_id) VALUES (699, 4);
INSERT INTO websites (id, name, slug, url, short_description, purpose, category_id, click_count, is_active) VALUES (700, 'SyntheAI', 'syntheai-5362', 'https://syntheai-5362.com', 'An incredibly advanced AI tool revolutionizing the way you handle marketing & growth. Try SyntheAI today.', 'Creative Studio', 7, 0, 1);
INSERT INTO website_intents (website_id, intent_id) VALUES (700, 4);
INSERT INTO website_intents (website_id, intent_id) VALUES (700, 5);
INSERT INTO website_personas (website_id, persona_id) VALUES (700, 1);
INSERT INTO websites (id, name, slug, url, short_description, purpose, category_id, click_count, is_active) VALUES (701, 'SmartForge', 'smartforge-2781', 'https://smartforge-2781.com', 'An incredibly advanced AI tool revolutionizing the way you handle marketing & growth. Try SmartForge today.', 'Productivity Engine', 7, 0, 1);
INSERT INTO website_intents (website_id, intent_id) VALUES (701, 1);
INSERT INTO website_intents (website_id, intent_id) VALUES (701, 2);
INSERT INTO website_personas (website_id, persona_id) VALUES (701, 1);
INSERT INTO websites (id, name, slug, url, short_description, purpose, category_id, click_count, is_active) VALUES (702, 'QuickForge', 'quickforge-1537', 'https://quickforge-1537.com', 'Enhance your productivity with QuickForge. Perfect for seamless marketing & growth automation.', 'Creative Studio', 7, 0, 1);
INSERT INTO website_intents (website_id, intent_id) VALUES (702, 5);
INSERT INTO website_personas (website_id, persona_id) VALUES (702, 4);
INSERT INTO website_personas (website_id, persona_id) VALUES (702, 1);
INSERT INTO websites (id, name, slug, url, short_description, purpose, category_id, click_count, is_active) VALUES (703, 'SyntheMate', 'synthemate-1362', 'https://synthemate-1362.com', 'An incredibly advanced AI tool revolutionizing the way you handle marketing & growth. Try SyntheMate today.', 'Productivity Engine', 7, 0, 1);
INSERT INTO website_intents (website_id, intent_id) VALUES (703, 1);
INSERT INTO website_personas (website_id, persona_id) VALUES (703, 4);
INSERT INTO websites (id, name, slug, url, short_description, purpose, category_id, click_count, is_active) VALUES (704, 'GeniGen Pro', 'genigen-pro-2225', 'https://genigen-pro-2225.com', 'An incredibly advanced AI tool revolutionizing the way you handle marketing & growth. Try GeniGen Pro today.', 'Creative Studio', 7, 0, 1);
INSERT INTO website_intents (website_id, intent_id) VALUES (704, 1);
INSERT INTO website_intents (website_id, intent_id) VALUES (704, 2);
INSERT INTO website_personas (website_id, persona_id) VALUES (704, 1);
INSERT INTO websites (id, name, slug, url, short_description, purpose, category_id, click_count, is_active) VALUES (705, 'VibeFlow', 'vibeflow-6790', 'https://vibeflow-6790.com', 'Enhance your productivity with VibeFlow. Perfect for seamless marketing & growth automation.', 'Productivity Engine', 7, 0, 1);
INSERT INTO website_intents (website_id, intent_id) VALUES (705, 6);
INSERT INTO website_intents (website_id, intent_id) VALUES (705, 5);
INSERT INTO website_personas (website_id, persona_id) VALUES (705, 1);
INSERT INTO website_personas (website_id, persona_id) VALUES (705, 6);
INSERT INTO websites (id, name, slug, url, short_description, purpose, category_id, click_count, is_active) VALUES (706, 'ProBot', 'probot-3204', 'https://probot-3204.com', 'An incredibly advanced AI tool revolutionizing the way you handle marketing & growth. Try ProBot today.', 'Creative Studio', 7, 0, 1);
INSERT INTO website_intents (website_id, intent_id) VALUES (706, 2);
INSERT INTO website_personas (website_id, persona_id) VALUES (706, 5);
INSERT INTO website_personas (website_id, persona_id) VALUES (706, 4);
INSERT INTO websites (id, name, slug, url, short_description, purpose, category_id, click_count, is_active) VALUES (707, 'FlowMind', 'flowmind-4931', 'https://flowmind-4931.com', 'An incredibly advanced AI tool revolutionizing the way you handle marketing & growth. Try FlowMind today.', 'Productivity Engine', 7, 0, 1);
INSERT INTO website_intents (website_id, intent_id) VALUES (707, 5);
INSERT INTO website_personas (website_id, persona_id) VALUES (707, 5);
INSERT INTO website_personas (website_id, persona_id) VALUES (707, 4);
INSERT INTO websites (id, name, slug, url, short_description, purpose, category_id, click_count, is_active) VALUES (708, 'FlowBot', 'flowbot-3275', 'https://flowbot-3275.com', 'Enhance your productivity with FlowBot. Perfect for seamless marketing & growth automation.', 'Creative Studio', 7, 0, 1);
INSERT INTO website_intents (website_id, intent_id) VALUES (708, 2);
INSERT INTO website_intents (website_id, intent_id) VALUES (708, 3);
INSERT INTO website_personas (website_id, persona_id) VALUES (708, 1);
INSERT INTO website_personas (website_id, persona_id) VALUES (708, 2);
INSERT INTO websites (id, name, slug, url, short_description, purpose, category_id, click_count, is_active) VALUES (709, 'Autoly', 'autoly-9554', 'https://autoly-9554.com', 'An incredibly advanced AI tool revolutionizing the way you handle marketing & growth. Try Autoly today.', 'Productivity Engine', 7, 0, 1);
INSERT INTO website_intents (website_id, intent_id) VALUES (709, 2);
INSERT INTO website_intents (website_id, intent_id) VALUES (709, 3);
INSERT INTO website_personas (website_id, persona_id) VALUES (709, 4);
INSERT INTO websites (id, name, slug, url, short_description, purpose, category_id, click_count, is_active) VALUES (710, 'Quickly Pro', 'quickly-pro-8914', 'https://quickly-pro-8914.com', 'An incredibly advanced AI tool revolutionizing the way you handle marketing & growth. Try Quickly Pro today.', 'Creative Studio', 7, 0, 1);
INSERT INTO website_intents (website_id, intent_id) VALUES (710, 5);
INSERT INTO website_intents (website_id, intent_id) VALUES (710, 4);
INSERT INTO website_personas (website_id, persona_id) VALUES (710, 2);
INSERT INTO website_personas (website_id, persona_id) VALUES (710, 6);
INSERT INTO websites (id, name, slug, url, short_description, purpose, category_id, click_count, is_active) VALUES (711, 'FlowGen', 'flowgen-7764', 'https://flowgen-7764.com', 'Enhance your productivity with FlowGen. Perfect for seamless marketing & growth automation.', 'Productivity Engine', 7, 0, 1);
INSERT INTO website_intents (website_id, intent_id) VALUES (711, 1);
INSERT INTO website_personas (website_id, persona_id) VALUES (711, 4);
INSERT INTO websites (id, name, slug, url, short_description, purpose, category_id, click_count, is_active) VALUES (712, 'QuickCraft', 'quickcraft-9202', 'https://quickcraft-9202.com', 'An incredibly advanced AI tool revolutionizing the way you handle marketing & growth. Try QuickCraft today.', 'Creative Studio', 7, 0, 1);
INSERT INTO website_intents (website_id, intent_id) VALUES (712, 6);
INSERT INTO website_intents (website_id, intent_id) VALUES (712, 5);
INSERT INTO website_personas (website_id, persona_id) VALUES (712, 6);
INSERT INTO websites (id, name, slug, url, short_description, purpose, category_id, click_count, is_active) VALUES (713, 'QuickBot', 'quickbot-9832', 'https://quickbot-9832.com', 'An incredibly advanced AI tool revolutionizing the way you handle marketing & growth. Try QuickBot today.', 'Productivity Engine', 7, 0, 1);
INSERT INTO website_intents (website_id, intent_id) VALUES (713, 5);
INSERT INTO website_personas (website_id, persona_id) VALUES (713, 4);
INSERT INTO websites (id, name, slug, url, short_description, purpose, category_id, click_count, is_active) VALUES (714, 'CogniGen Pro', 'cognigen-pro-2948', 'https://cognigen-pro-2948.com', 'Enhance your productivity with CogniGen Pro. Perfect for seamless marketing & growth automation.', 'Creative Studio', 7, 0, 1);
INSERT INTO website_intents (website_id, intent_id) VALUES (714, 1);
INSERT INTO website_personas (website_id, persona_id) VALUES (714, 5);
INSERT INTO website_personas (website_id, persona_id) VALUES (714, 4);
INSERT INTO websites (id, name, slug, url, short_description, purpose, category_id, click_count, is_active) VALUES (715, 'Autoify Pro', 'autoify-pro-8726', 'https://autoify-pro-8726.com', 'Enhance your productivity with Autoify Pro. Perfect for seamless automation & agent automation.', 'Productivity Engine', 8, 0, 1);
INSERT INTO website_intents (website_id, intent_id) VALUES (715, 6);
INSERT INTO website_intents (website_id, intent_id) VALUES (715, 4);
INSERT INTO website_personas (website_id, persona_id) VALUES (715, 6);
INSERT INTO website_personas (website_id, persona_id) VALUES (715, 2);
INSERT INTO websites (id, name, slug, url, short_description, purpose, category_id, click_count, is_active) VALUES (716, 'Autoify', 'autoify-9517', 'https://autoify-9517.com', 'An incredibly advanced AI tool revolutionizing the way you handle automation & agent. Try Autoify today.', 'Creative Studio', 8, 0, 1);
INSERT INTO website_intents (website_id, intent_id) VALUES (716, 4);
INSERT INTO website_personas (website_id, persona_id) VALUES (716, 6);
INSERT INTO websites (id, name, slug, url, short_description, purpose, category_id, click_count, is_active) VALUES (717, 'SyntheAI', 'syntheai-4658', 'https://syntheai-4658.com', 'An incredibly advanced AI tool revolutionizing the way you handle automation & agent. Try SyntheAI today.', 'Productivity Engine', 8, 0, 1);
INSERT INTO website_intents (website_id, intent_id) VALUES (717, 1);
INSERT INTO website_intents (website_id, intent_id) VALUES (717, 6);
INSERT INTO website_personas (website_id, persona_id) VALUES (717, 1);
INSERT INTO website_personas (website_id, persona_id) VALUES (717, 4);
INSERT INTO websites (id, name, slug, url, short_description, purpose, category_id, click_count, is_active) VALUES (718, 'FlowAI', 'flowai-1227', 'https://flowai-1227.com', 'Enhance your productivity with FlowAI. Perfect for seamless automation & agent automation.', 'Creative Studio', 8, 0, 1);
INSERT INTO website_intents (website_id, intent_id) VALUES (718, 1);
INSERT INTO website_intents (website_id, intent_id) VALUES (718, 2);
INSERT INTO website_personas (website_id, persona_id) VALUES (718, 4);
INSERT INTO websites (id, name, slug, url, short_description, purpose, category_id, click_count, is_active) VALUES (719, 'SyntheBase Pro', 'synthebase-pro-649', 'https://synthebase-pro-649.com', 'An incredibly advanced AI tool revolutionizing the way you handle automation & agent. Try SyntheBase Pro today.', 'Productivity Engine', 8, 0, 1);
INSERT INTO website_intents (website_id, intent_id) VALUES (719, 1);
INSERT INTO website_personas (website_id, persona_id) VALUES (719, 1);
INSERT INTO website_personas (website_id, persona_id) VALUES (719, 5);
INSERT INTO websites (id, name, slug, url, short_description, purpose, category_id, click_count, is_active) VALUES (720, 'SmartSync', 'smartsync-7434', 'https://smartsync-7434.com', 'An incredibly advanced AI tool revolutionizing the way you handle automation & agent. Try SmartSync today.', 'Creative Studio', 8, 0, 1);
INSERT INTO website_intents (website_id, intent_id) VALUES (720, 1);
INSERT INTO website_intents (website_id, intent_id) VALUES (720, 2);
INSERT INTO website_personas (website_id, persona_id) VALUES (720, 1);
INSERT INTO websites (id, name, slug, url, short_description, purpose, category_id, click_count, is_active) VALUES (721, 'FlowCraft Pro', 'flowcraft-pro-1588', 'https://flowcraft-pro-1588.com', 'Enhance your productivity with FlowCraft Pro. Perfect for seamless automation & agent automation.', 'Productivity Engine', 8, 0, 1);
INSERT INTO website_intents (website_id, intent_id) VALUES (721, 5);
INSERT INTO website_personas (website_id, persona_id) VALUES (721, 6);
INSERT INTO website_personas (website_id, persona_id) VALUES (721, 4);
INSERT INTO websites (id, name, slug, url, short_description, purpose, category_id, click_count, is_active) VALUES (722, 'NextFlow', 'nextflow-6262', 'https://nextflow-6262.com', 'An incredibly advanced AI tool revolutionizing the way you handle automation & agent. Try NextFlow today.', 'Creative Studio', 8, 0, 1);
INSERT INTO website_intents (website_id, intent_id) VALUES (722, 3);
INSERT INTO website_intents (website_id, intent_id) VALUES (722, 2);
INSERT INTO website_personas (website_id, persona_id) VALUES (722, 3);
INSERT INTO website_personas (website_id, persona_id) VALUES (722, 6);
INSERT INTO websites (id, name, slug, url, short_description, purpose, category_id, click_count, is_active) VALUES (723, 'SmartMind Pro', 'smartmind-pro-2004', 'https://smartmind-pro-2004.com', 'An incredibly advanced AI tool revolutionizing the way you handle automation & agent. Try SmartMind Pro today.', 'Productivity Engine', 8, 0, 1);
INSERT INTO website_intents (website_id, intent_id) VALUES (723, 5);
INSERT INTO website_intents (website_id, intent_id) VALUES (723, 4);
INSERT INTO website_personas (website_id, persona_id) VALUES (723, 1);
INSERT INTO website_personas (website_id, persona_id) VALUES (723, 6);
INSERT INTO websites (id, name, slug, url, short_description, purpose, category_id, click_count, is_active) VALUES (724, 'QuickMate', 'quickmate-1270', 'https://quickmate-1270.com', 'Enhance your productivity with QuickMate. Perfect for seamless automation & agent automation.', 'Creative Studio', 8, 0, 1);
INSERT INTO website_intents (website_id, intent_id) VALUES (724, 4);
INSERT INTO website_intents (website_id, intent_id) VALUES (724, 6);
INSERT INTO website_personas (website_id, persona_id) VALUES (724, 1);
INSERT INTO websites (id, name, slug, url, short_description, purpose, category_id, click_count, is_active) VALUES (725, 'SmartFlow Pro', 'smartflow-pro-7787', 'https://smartflow-pro-7787.com', 'An incredibly advanced AI tool revolutionizing the way you handle automation & agent. Try SmartFlow Pro today.', 'Productivity Engine', 8, 0, 1);
INSERT INTO website_intents (website_id, intent_id) VALUES (725, 3);
INSERT INTO website_intents (website_id, intent_id) VALUES (725, 6);
INSERT INTO website_personas (website_id, persona_id) VALUES (725, 4);
INSERT INTO websites (id, name, slug, url, short_description, purpose, category_id, click_count, is_active) VALUES (726, 'ProMind', 'promind-3194', 'https://promind-3194.com', 'An incredibly advanced AI tool revolutionizing the way you handle automation & agent. Try ProMind today.', 'Creative Studio', 8, 0, 1);
INSERT INTO website_intents (website_id, intent_id) VALUES (726, 3);
INSERT INTO website_intents (website_id, intent_id) VALUES (726, 6);
INSERT INTO website_personas (website_id, persona_id) VALUES (726, 6);
INSERT INTO websites (id, name, slug, url, short_description, purpose, category_id, click_count, is_active) VALUES (727, 'AutoGen', 'autogen-1010', 'https://autogen-1010.com', 'Enhance your productivity with AutoGen. Perfect for seamless automation & agent automation.', 'Productivity Engine', 8, 0, 1);
INSERT INTO website_intents (website_id, intent_id) VALUES (727, 1);
INSERT INTO website_personas (website_id, persona_id) VALUES (727, 1);
INSERT INTO websites (id, name, slug, url, short_description, purpose, category_id, click_count, is_active) VALUES (728, 'VibeAI Pro', 'vibeai-pro-7345', 'https://vibeai-pro-7345.com', 'An incredibly advanced AI tool revolutionizing the way you handle automation & agent. Try VibeAI Pro today.', 'Creative Studio', 8, 0, 1);
INSERT INTO website_intents (website_id, intent_id) VALUES (728, 2);
INSERT INTO website_personas (website_id, persona_id) VALUES (728, 1);
INSERT INTO websites (id, name, slug, url, short_description, purpose, category_id, click_count, is_active) VALUES (729, 'Proify', 'proify-8628', 'https://proify-8628.com', 'An incredibly advanced AI tool revolutionizing the way you handle automation & agent. Try Proify today.', 'Productivity Engine', 8, 0, 1);
INSERT INTO website_intents (website_id, intent_id) VALUES (729, 2);
INSERT INTO website_personas (website_id, persona_id) VALUES (729, 6);
INSERT INTO websites (id, name, slug, url, short_description, purpose, category_id, click_count, is_active) VALUES (730, 'ProMate', 'promate-410', 'https://promate-410.com', 'Enhance your productivity with ProMate. Perfect for seamless automation & agent automation.', 'Creative Studio', 8, 0, 1);
INSERT INTO website_intents (website_id, intent_id) VALUES (730, 3);
INSERT INTO website_personas (website_id, persona_id) VALUES (730, 4);
INSERT INTO website_personas (website_id, persona_id) VALUES (730, 5);
INSERT INTO websites (id, name, slug, url, short_description, purpose, category_id, click_count, is_active) VALUES (731, 'Nextify Pro', 'nextify-pro-1539', 'https://nextify-pro-1539.com', 'An incredibly advanced AI tool revolutionizing the way you handle automation & agent. Try Nextify Pro today.', 'Productivity Engine', 8, 0, 1);
INSERT INTO website_intents (website_id, intent_id) VALUES (731, 6);
INSERT INTO website_personas (website_id, persona_id) VALUES (731, 3);
INSERT INTO website_personas (website_id, persona_id) VALUES (731, 5);
INSERT INTO websites (id, name, slug, url, short_description, purpose, category_id, click_count, is_active) VALUES (732, 'ZenBase', 'zenbase-6998', 'https://zenbase-6998.com', 'An incredibly advanced AI tool revolutionizing the way you handle automation & agent. Try ZenBase today.', 'Creative Studio', 8, 0, 1);
INSERT INTO website_intents (website_id, intent_id) VALUES (732, 3);
INSERT INTO website_personas (website_id, persona_id) VALUES (732, 4);
INSERT INTO websites (id, name, slug, url, short_description, purpose, category_id, click_count, is_active) VALUES (733, 'HyperBot', 'hyperbot-4884', 'https://hyperbot-4884.com', 'Enhance your productivity with HyperBot. Perfect for seamless automation & agent automation.', 'Productivity Engine', 8, 0, 1);
INSERT INTO website_intents (website_id, intent_id) VALUES (733, 1);
INSERT INTO website_personas (website_id, persona_id) VALUES (733, 5);
INSERT INTO website_personas (website_id, persona_id) VALUES (733, 1);
INSERT INTO websites (id, name, slug, url, short_description, purpose, category_id, click_count, is_active) VALUES (734, 'NextSync', 'nextsync-7800', 'https://nextsync-7800.com', 'An incredibly advanced AI tool revolutionizing the way you handle automation & agent. Try NextSync today.', 'Creative Studio', 8, 0, 1);
INSERT INTO website_intents (website_id, intent_id) VALUES (734, 2);
INSERT INTO website_intents (website_id, intent_id) VALUES (734, 4);
INSERT INTO website_personas (website_id, persona_id) VALUES (734, 4);
INSERT INTO websites (id, name, slug, url, short_description, purpose, category_id, click_count, is_active) VALUES (735, 'Autoly Pro', 'autoly-pro-7745', 'https://autoly-pro-7745.com', 'An incredibly advanced AI tool revolutionizing the way you handle automation & agent. Try Autoly Pro today.', 'Productivity Engine', 8, 0, 1);
INSERT INTO website_intents (website_id, intent_id) VALUES (735, 5);
INSERT INTO website_personas (website_id, persona_id) VALUES (735, 1);
INSERT INTO websites (id, name, slug, url, short_description, purpose, category_id, click_count, is_active) VALUES (736, 'Deepify', 'deepify-6216', 'https://deepify-6216.com', 'Enhance your productivity with Deepify. Perfect for seamless automation & agent automation.', 'Creative Studio', 8, 0, 1);
INSERT INTO website_intents (website_id, intent_id) VALUES (736, 1);
INSERT INTO website_personas (website_id, persona_id) VALUES (736, 4);
INSERT INTO website_personas (website_id, persona_id) VALUES (736, 2);
INSERT INTO websites (id, name, slug, url, short_description, purpose, category_id, click_count, is_active) VALUES (737, 'ProBot Pro', 'probot-pro-8399', 'https://probot-pro-8399.com', 'An incredibly advanced AI tool revolutionizing the way you handle automation & agent. Try ProBot Pro today.', 'Productivity Engine', 8, 0, 1);
INSERT INTO website_intents (website_id, intent_id) VALUES (737, 3);
INSERT INTO website_personas (website_id, persona_id) VALUES (737, 1);
INSERT INTO website_personas (website_id, persona_id) VALUES (737, 2);
INSERT INTO websites (id, name, slug, url, short_description, purpose, category_id, click_count, is_active) VALUES (738, 'SyntheCraft', 'synthecraft-565', 'https://synthecraft-565.com', 'An incredibly advanced AI tool revolutionizing the way you handle automation & agent. Try SyntheCraft today.', 'Creative Studio', 8, 0, 1);
INSERT INTO website_intents (website_id, intent_id) VALUES (738, 3);
INSERT INTO website_intents (website_id, intent_id) VALUES (738, 2);
INSERT INTO website_personas (website_id, persona_id) VALUES (738, 4);
INSERT INTO website_personas (website_id, persona_id) VALUES (738, 6);
INSERT INTO websites (id, name, slug, url, short_description, purpose, category_id, click_count, is_active) VALUES (739, 'AutoMate', 'automate-819', 'https://automate-819.com', 'Enhance your productivity with AutoMate. Perfect for seamless automation & agent automation.', 'Productivity Engine', 8, 0, 1);
INSERT INTO website_intents (website_id, intent_id) VALUES (739, 3);
INSERT INTO website_intents (website_id, intent_id) VALUES (739, 2);
INSERT INTO website_personas (website_id, persona_id) VALUES (739, 6);
INSERT INTO websites (id, name, slug, url, short_description, purpose, category_id, click_count, is_active) VALUES (740, 'SmartSync Pro', 'smartsync-pro-3974', 'https://smartsync-pro-3974.com', 'An incredibly advanced AI tool revolutionizing the way you handle automation & agent. Try SmartSync Pro today.', 'Creative Studio', 8, 0, 1);
INSERT INTO website_intents (website_id, intent_id) VALUES (740, 4);
INSERT INTO website_personas (website_id, persona_id) VALUES (740, 1);
INSERT INTO website_personas (website_id, persona_id) VALUES (740, 2);
INSERT INTO websites (id, name, slug, url, short_description, purpose, category_id, click_count, is_active) VALUES (741, 'ZenFlow Pro', 'zenflow-pro-7258', 'https://zenflow-pro-7258.com', 'An incredibly advanced AI tool revolutionizing the way you handle automation & agent. Try ZenFlow Pro today.', 'Productivity Engine', 8, 0, 1);
INSERT INTO website_intents (website_id, intent_id) VALUES (741, 4);
INSERT INTO website_personas (website_id, persona_id) VALUES (741, 3);
INSERT INTO websites (id, name, slug, url, short_description, purpose, category_id, click_count, is_active) VALUES (742, 'QuickCraft Pro', 'quickcraft-pro-789', 'https://quickcraft-pro-789.com', 'Enhance your productivity with QuickCraft Pro. Perfect for seamless automation & agent automation.', 'Creative Studio', 8, 0, 1);
INSERT INTO website_intents (website_id, intent_id) VALUES (742, 1);
INSERT INTO website_personas (website_id, persona_id) VALUES (742, 3);
INSERT INTO website_personas (website_id, persona_id) VALUES (742, 4);
INSERT INTO websites (id, name, slug, url, short_description, purpose, category_id, click_count, is_active) VALUES (743, 'Vibely', 'vibely-4903', 'https://vibely-4903.com', 'An incredibly advanced AI tool revolutionizing the way you handle automation & agent. Try Vibely today.', 'Productivity Engine', 8, 0, 1);
INSERT INTO website_intents (website_id, intent_id) VALUES (743, 1);
INSERT INTO website_intents (website_id, intent_id) VALUES (743, 2);
INSERT INTO website_personas (website_id, persona_id) VALUES (743, 3);
INSERT INTO website_personas (website_id, persona_id) VALUES (743, 2);
INSERT INTO websites (id, name, slug, url, short_description, purpose, category_id, click_count, is_active) VALUES (744, 'Quickly', 'quickly-4224', 'https://quickly-4224.com', 'An incredibly advanced AI tool revolutionizing the way you handle automation & agent. Try Quickly today.', 'Creative Studio', 8, 0, 1);
INSERT INTO website_intents (website_id, intent_id) VALUES (744, 6);
INSERT INTO website_intents (website_id, intent_id) VALUES (744, 3);
INSERT INTO website_personas (website_id, persona_id) VALUES (744, 1);
INSERT INTO websites (id, name, slug, url, short_description, purpose, category_id, click_count, is_active) VALUES (745, 'ProSync Pro', 'prosync-pro-6203', 'https://prosync-pro-6203.com', 'Enhance your productivity with ProSync Pro. Perfect for seamless automation & agent automation.', 'Productivity Engine', 8, 0, 1);
INSERT INTO website_intents (website_id, intent_id) VALUES (745, 1);
INSERT INTO website_personas (website_id, persona_id) VALUES (745, 2);
INSERT INTO website_personas (website_id, persona_id) VALUES (745, 1);
INSERT INTO websites (id, name, slug, url, short_description, purpose, category_id, click_count, is_active) VALUES (746, 'FlowBase', 'flowbase-6744', 'https://flowbase-6744.com', 'An incredibly advanced AI tool revolutionizing the way you handle automation & agent. Try FlowBase today.', 'Creative Studio', 8, 0, 1);
INSERT INTO website_intents (website_id, intent_id) VALUES (746, 2);
INSERT INTO website_personas (website_id, persona_id) VALUES (746, 4);
INSERT INTO websites (id, name, slug, url, short_description, purpose, category_id, click_count, is_active) VALUES (747, 'QuickBase Pro', 'quickbase-pro-97', 'https://quickbase-pro-97.com', 'An incredibly advanced AI tool revolutionizing the way you handle automation & agent. Try QuickBase Pro today.', 'Productivity Engine', 8, 0, 1);
INSERT INTO website_intents (website_id, intent_id) VALUES (747, 6);
INSERT INTO website_intents (website_id, intent_id) VALUES (747, 1);
INSERT INTO website_personas (website_id, persona_id) VALUES (747, 6);
INSERT INTO website_personas (website_id, persona_id) VALUES (747, 2);
INSERT INTO websites (id, name, slug, url, short_description, purpose, category_id, click_count, is_active) VALUES (748, 'QuickMate Pro', 'quickmate-pro-7849', 'https://quickmate-pro-7849.com', 'Enhance your productivity with QuickMate Pro. Perfect for seamless automation & agent automation.', 'Creative Studio', 8, 0, 1);
INSERT INTO website_intents (website_id, intent_id) VALUES (748, 6);
INSERT INTO website_intents (website_id, intent_id) VALUES (748, 5);
INSERT INTO website_personas (website_id, persona_id) VALUES (748, 3);
INSERT INTO websites (id, name, slug, url, short_description, purpose, category_id, click_count, is_active) VALUES (749, 'Hyperify', 'hyperify-4398', 'https://hyperify-4398.com', 'An incredibly advanced AI tool revolutionizing the way you handle automation & agent. Try Hyperify today.', 'Productivity Engine', 8, 0, 1);
INSERT INTO website_intents (website_id, intent_id) VALUES (749, 6);
INSERT INTO website_intents (website_id, intent_id) VALUES (749, 1);
INSERT INTO website_personas (website_id, persona_id) VALUES (749, 1);
INSERT INTO websites (id, name, slug, url, short_description, purpose, category_id, click_count, is_active) VALUES (750, 'FlowAI', 'flowai-3686', 'https://flowai-3686.com', 'An incredibly advanced AI tool revolutionizing the way you handle automation & agent. Try FlowAI today.', 'Creative Studio', 8, 0, 1);
INSERT INTO website_intents (website_id, intent_id) VALUES (750, 2);
INSERT INTO website_intents (website_id, intent_id) VALUES (750, 1);
INSERT INTO website_personas (website_id, persona_id) VALUES (750, 2);
INSERT INTO website_personas (website_id, persona_id) VALUES (750, 4);
INSERT INTO websites (id, name, slug, url, short_description, purpose, category_id, click_count, is_active) VALUES (751, 'GeniCraft Pro', 'genicraft-pro-1566', 'https://genicraft-pro-1566.com', 'Enhance your productivity with GeniCraft Pro. Perfect for seamless automation & agent automation.', 'Productivity Engine', 8, 0, 1);
INSERT INTO website_intents (website_id, intent_id) VALUES (751, 6);
INSERT INTO website_personas (website_id, persona_id) VALUES (751, 2);
INSERT INTO websites (id, name, slug, url, short_description, purpose, category_id, click_count, is_active) VALUES (752, 'SyntheGen', 'synthegen-2553', 'https://synthegen-2553.com', 'An incredibly advanced AI tool revolutionizing the way you handle automation & agent. Try SyntheGen today.', 'Creative Studio', 8, 0, 1);
INSERT INTO website_intents (website_id, intent_id) VALUES (752, 6);
INSERT INTO website_intents (website_id, intent_id) VALUES (752, 4);
INSERT INTO website_personas (website_id, persona_id) VALUES (752, 5);
INSERT INTO website_personas (website_id, persona_id) VALUES (752, 4);
INSERT INTO websites (id, name, slug, url, short_description, purpose, category_id, click_count, is_active) VALUES (753, 'DeepSync Pro', 'deepsync-pro-3818', 'https://deepsync-pro-3818.com', 'An incredibly advanced AI tool revolutionizing the way you handle automation & agent. Try DeepSync Pro today.', 'Productivity Engine', 8, 0, 1);
INSERT INTO website_intents (website_id, intent_id) VALUES (753, 1);
INSERT INTO website_personas (website_id, persona_id) VALUES (753, 4);
INSERT INTO website_personas (website_id, persona_id) VALUES (753, 1);
INSERT INTO websites (id, name, slug, url, short_description, purpose, category_id, click_count, is_active) VALUES (754, 'FlowForge', 'flowforge-4346', 'https://flowforge-4346.com', 'Enhance your productivity with FlowForge. Perfect for seamless automation & agent automation.', 'Creative Studio', 8, 0, 1);
INSERT INTO website_intents (website_id, intent_id) VALUES (754, 1);
INSERT INTO website_personas (website_id, persona_id) VALUES (754, 5);
INSERT INTO website_personas (website_id, persona_id) VALUES (754, 3);
INSERT INTO websites (id, name, slug, url, short_description, purpose, category_id, click_count, is_active) VALUES (755, 'HyperCraft Pro', 'hypercraft-pro-9030', 'https://hypercraft-pro-9030.com', 'An incredibly advanced AI tool revolutionizing the way you handle automation & agent. Try HyperCraft Pro today.', 'Productivity Engine', 8, 0, 1);
INSERT INTO website_intents (website_id, intent_id) VALUES (755, 4);
INSERT INTO website_personas (website_id, persona_id) VALUES (755, 5);
INSERT INTO websites (id, name, slug, url, short_description, purpose, category_id, click_count, is_active) VALUES (756, 'DeepSync Pro', 'deepsync-pro-7417', 'https://deepsync-pro-7417.com', 'An incredibly advanced AI tool revolutionizing the way you handle automation & agent. Try DeepSync Pro today.', 'Creative Studio', 8, 0, 1);
INSERT INTO website_intents (website_id, intent_id) VALUES (756, 5);
INSERT INTO website_intents (website_id, intent_id) VALUES (756, 4);
INSERT INTO website_personas (website_id, persona_id) VALUES (756, 4);
INSERT INTO websites (id, name, slug, url, short_description, purpose, category_id, click_count, is_active) VALUES (757, 'ProSync', 'prosync-4561', 'https://prosync-4561.com', 'Enhance your productivity with ProSync. Perfect for seamless automation & agent automation.', 'Productivity Engine', 8, 0, 1);
INSERT INTO website_intents (website_id, intent_id) VALUES (757, 3);
INSERT INTO website_intents (website_id, intent_id) VALUES (757, 6);
INSERT INTO website_personas (website_id, persona_id) VALUES (757, 2);
INSERT INTO websites (id, name, slug, url, short_description, purpose, category_id, click_count, is_active) VALUES (758, 'Syntheify Pro', 'syntheify-pro-4258', 'https://syntheify-pro-4258.com', 'An incredibly advanced AI tool revolutionizing the way you handle automation & agent. Try Syntheify Pro today.', 'Creative Studio', 8, 0, 1);
INSERT INTO website_intents (website_id, intent_id) VALUES (758, 3);
INSERT INTO website_personas (website_id, persona_id) VALUES (758, 1);
INSERT INTO website_personas (website_id, persona_id) VALUES (758, 4);
INSERT INTO websites (id, name, slug, url, short_description, purpose, category_id, click_count, is_active) VALUES (759, 'VibeBot', 'vibebot-4768', 'https://vibebot-4768.com', 'An incredibly advanced AI tool revolutionizing the way you handle automation & agent. Try VibeBot today.', 'Productivity Engine', 8, 0, 1);
INSERT INTO website_intents (website_id, intent_id) VALUES (759, 5);
INSERT INTO website_personas (website_id, persona_id) VALUES (759, 6);
INSERT INTO websites (id, name, slug, url, short_description, purpose, category_id, click_count, is_active) VALUES (760, 'AutoCraft Pro', 'autocraft-pro-3631', 'https://autocraft-pro-3631.com', 'Enhance your productivity with AutoCraft Pro. Perfect for seamless automation & agent automation.', 'Creative Studio', 8, 0, 1);
INSERT INTO website_intents (website_id, intent_id) VALUES (760, 3);
INSERT INTO website_intents (website_id, intent_id) VALUES (760, 2);
INSERT INTO website_personas (website_id, persona_id) VALUES (760, 1);
INSERT INTO website_personas (website_id, persona_id) VALUES (760, 2);
INSERT INTO websites (id, name, slug, url, short_description, purpose, category_id, click_count, is_active) VALUES (761, 'ZenGen Pro', 'zengen-pro-8747', 'https://zengen-pro-8747.com', 'An incredibly advanced AI tool revolutionizing the way you handle automation & agent. Try ZenGen Pro today.', 'Productivity Engine', 8, 0, 1);
INSERT INTO website_intents (website_id, intent_id) VALUES (761, 6);
INSERT INTO website_intents (website_id, intent_id) VALUES (761, 5);
INSERT INTO website_personas (website_id, persona_id) VALUES (761, 1);
INSERT INTO website_personas (website_id, persona_id) VALUES (761, 2);
INSERT INTO websites (id, name, slug, url, short_description, purpose, category_id, click_count, is_active) VALUES (762, 'ProBase', 'probase-8889', 'https://probase-8889.com', 'An incredibly advanced AI tool revolutionizing the way you handle automation & agent. Try ProBase today.', 'Creative Studio', 8, 0, 1);
INSERT INTO website_intents (website_id, intent_id) VALUES (762, 2);
INSERT INTO website_intents (website_id, intent_id) VALUES (762, 3);
INSERT INTO website_personas (website_id, persona_id) VALUES (762, 1);
INSERT INTO website_personas (website_id, persona_id) VALUES (762, 2);
INSERT INTO websites (id, name, slug, url, short_description, purpose, category_id, click_count, is_active) VALUES (763, 'CogniMate Pro', 'cognimate-pro-9134', 'https://cognimate-pro-9134.com', 'Enhance your productivity with CogniMate Pro. Perfect for seamless automation & agent automation.', 'Productivity Engine', 8, 0, 1);
INSERT INTO website_intents (website_id, intent_id) VALUES (763, 1);
INSERT INTO website_personas (website_id, persona_id) VALUES (763, 1);
INSERT INTO websites (id, name, slug, url, short_description, purpose, category_id, click_count, is_active) VALUES (764, 'AutoGen', 'autogen-2763', 'https://autogen-2763.com', 'An incredibly advanced AI tool revolutionizing the way you handle automation & agent. Try AutoGen today.', 'Creative Studio', 8, 0, 1);
INSERT INTO website_intents (website_id, intent_id) VALUES (764, 1);
INSERT INTO website_personas (website_id, persona_id) VALUES (764, 4);
INSERT INTO website_personas (website_id, persona_id) VALUES (764, 5);
INSERT INTO websites (id, name, slug, url, short_description, purpose, category_id, click_count, is_active) VALUES (765, 'CogniFlow Pro', 'cogniflow-pro-8455', 'https://cogniflow-pro-8455.com', 'An incredibly advanced AI tool revolutionizing the way you handle automation & agent. Try CogniFlow Pro today.', 'Productivity Engine', 8, 0, 1);
INSERT INTO website_intents (website_id, intent_id) VALUES (765, 3);
INSERT INTO website_personas (website_id, persona_id) VALUES (765, 1);
INSERT INTO website_personas (website_id, persona_id) VALUES (765, 5);
INSERT INTO websites (id, name, slug, url, short_description, purpose, category_id, click_count, is_active) VALUES (766, 'CogniBot Pro', 'cognibot-pro-8799', 'https://cognibot-pro-8799.com', 'Enhance your productivity with CogniBot Pro. Perfect for seamless automation & agent automation.', 'Creative Studio', 8, 0, 1);
INSERT INTO website_intents (website_id, intent_id) VALUES (766, 1);
INSERT INTO website_intents (website_id, intent_id) VALUES (766, 2);
INSERT INTO website_personas (website_id, persona_id) VALUES (766, 3);
INSERT INTO website_personas (website_id, persona_id) VALUES (766, 4);
INSERT INTO websites (id, name, slug, url, short_description, purpose, category_id, click_count, is_active) VALUES (767, 'Zenify Pro', 'zenify-pro-1392', 'https://zenify-pro-1392.com', 'An incredibly advanced AI tool revolutionizing the way you handle automation & agent. Try Zenify Pro today.', 'Productivity Engine', 8, 0, 1);
INSERT INTO website_intents (website_id, intent_id) VALUES (767, 6);
INSERT INTO website_personas (website_id, persona_id) VALUES (767, 4);
INSERT INTO website_personas (website_id, persona_id) VALUES (767, 2);
INSERT INTO websites (id, name, slug, url, short_description, purpose, category_id, click_count, is_active) VALUES (768, 'Nextify', 'nextify-5557', 'https://nextify-5557.com', 'An incredibly advanced AI tool revolutionizing the way you handle automation & agent. Try Nextify today.', 'Creative Studio', 8, 0, 1);
INSERT INTO website_intents (website_id, intent_id) VALUES (768, 3);
INSERT INTO website_intents (website_id, intent_id) VALUES (768, 4);
INSERT INTO website_personas (website_id, persona_id) VALUES (768, 6);
INSERT INTO website_personas (website_id, persona_id) VALUES (768, 5);
INSERT INTO websites (id, name, slug, url, short_description, purpose, category_id, click_count, is_active) VALUES (769, 'QuickMind', 'quickmind-8085', 'https://quickmind-8085.com', 'Enhance your productivity with QuickMind. Perfect for seamless automation & agent automation.', 'Productivity Engine', 8, 0, 1);
INSERT INTO website_intents (website_id, intent_id) VALUES (769, 2);
INSERT INTO website_intents (website_id, intent_id) VALUES (769, 1);
INSERT INTO website_personas (website_id, persona_id) VALUES (769, 4);
INSERT INTO websites (id, name, slug, url, short_description, purpose, category_id, click_count, is_active) VALUES (770, 'HyperMate', 'hypermate-885', 'https://hypermate-885.com', 'An incredibly advanced AI tool revolutionizing the way you handle automation & agent. Try HyperMate today.', 'Creative Studio', 8, 0, 1);
INSERT INTO website_intents (website_id, intent_id) VALUES (770, 1);
INSERT INTO website_intents (website_id, intent_id) VALUES (770, 2);
INSERT INTO website_personas (website_id, persona_id) VALUES (770, 4);
INSERT INTO websites (id, name, slug, url, short_description, purpose, category_id, click_count, is_active) VALUES (771, 'AutoSync', 'autosync-1615', 'https://autosync-1615.com', 'An incredibly advanced AI tool revolutionizing the way you handle automation & agent. Try AutoSync today.', 'Productivity Engine', 8, 0, 1);
INSERT INTO website_intents (website_id, intent_id) VALUES (771, 4);
INSERT INTO website_personas (website_id, persona_id) VALUES (771, 3);
INSERT INTO website_personas (website_id, persona_id) VALUES (771, 2);
INSERT INTO websites (id, name, slug, url, short_description, purpose, category_id, click_count, is_active) VALUES (772, 'FlowBot', 'flowbot-9106', 'https://flowbot-9106.com', 'Enhance your productivity with FlowBot. Perfect for seamless automation & agent automation.', 'Creative Studio', 8, 0, 1);
INSERT INTO website_intents (website_id, intent_id) VALUES (772, 6);
INSERT INTO website_personas (website_id, persona_id) VALUES (772, 6);
INSERT INTO websites (id, name, slug, url, short_description, purpose, category_id, click_count, is_active) VALUES (773, 'ProAI', 'proai-7355', 'https://proai-7355.com', 'An incredibly advanced AI tool revolutionizing the way you handle automation & agent. Try ProAI today.', 'Productivity Engine', 8, 0, 1);
INSERT INTO website_intents (website_id, intent_id) VALUES (773, 1);
INSERT INTO website_personas (website_id, persona_id) VALUES (773, 6);
INSERT INTO website_personas (website_id, persona_id) VALUES (773, 5);
INSERT INTO websites (id, name, slug, url, short_description, purpose, category_id, click_count, is_active) VALUES (774, 'FlowAI', 'flowai-9004', 'https://flowai-9004.com', 'An incredibly advanced AI tool revolutionizing the way you handle automation & agent. Try FlowAI today.', 'Creative Studio', 8, 0, 1);
INSERT INTO website_intents (website_id, intent_id) VALUES (774, 2);
INSERT INTO website_personas (website_id, persona_id) VALUES (774, 1);
INSERT INTO websites (id, name, slug, url, short_description, purpose, category_id, click_count, is_active) VALUES (775, 'FlowCraft Pro', 'flowcraft-pro-6195', 'https://flowcraft-pro-6195.com', 'Enhance your productivity with FlowCraft Pro. Perfect for seamless automation & agent automation.', 'Productivity Engine', 8, 0, 1);
INSERT INTO website_intents (website_id, intent_id) VALUES (775, 4);
INSERT INTO website_intents (website_id, intent_id) VALUES (775, 1);
INSERT INTO website_personas (website_id, persona_id) VALUES (775, 4);
INSERT INTO websites (id, name, slug, url, short_description, purpose, category_id, click_count, is_active) VALUES (776, 'Syntheify Pro', 'syntheify-pro-9465', 'https://syntheify-pro-9465.com', 'An incredibly advanced AI tool revolutionizing the way you handle automation & agent. Try Syntheify Pro today.', 'Creative Studio', 8, 0, 1);
INSERT INTO website_intents (website_id, intent_id) VALUES (776, 5);
INSERT INTO website_intents (website_id, intent_id) VALUES (776, 4);
INSERT INTO website_personas (website_id, persona_id) VALUES (776, 5);
INSERT INTO websites (id, name, slug, url, short_description, purpose, category_id, click_count, is_active) VALUES (777, 'HyperAI Pro', 'hyperai-pro-9902', 'https://hyperai-pro-9902.com', 'An incredibly advanced AI tool revolutionizing the way you handle automation & agent. Try HyperAI Pro today.', 'Productivity Engine', 8, 0, 1);
INSERT INTO website_intents (website_id, intent_id) VALUES (777, 6);
INSERT INTO website_personas (website_id, persona_id) VALUES (777, 4);
INSERT INTO website_personas (website_id, persona_id) VALUES (777, 3);
INSERT INTO websites (id, name, slug, url, short_description, purpose, category_id, click_count, is_active) VALUES (778, 'GeniForge', 'geniforge-1479', 'https://geniforge-1479.com', 'Enhance your productivity with GeniForge. Perfect for seamless automation & agent automation.', 'Creative Studio', 8, 0, 1);
INSERT INTO website_intents (website_id, intent_id) VALUES (778, 5);
INSERT INTO website_intents (website_id, intent_id) VALUES (778, 2);
INSERT INTO website_personas (website_id, persona_id) VALUES (778, 1);
INSERT INTO website_personas (website_id, persona_id) VALUES (778, 2);
INSERT INTO websites (id, name, slug, url, short_description, purpose, category_id, click_count, is_active) VALUES (779, 'CogniBot Pro', 'cognibot-pro-8456', 'https://cognibot-pro-8456.com', 'An incredibly advanced AI tool revolutionizing the way you handle automation & agent. Try CogniBot Pro today.', 'Productivity Engine', 8, 0, 1);
INSERT INTO website_intents (website_id, intent_id) VALUES (779, 5);
INSERT INTO website_intents (website_id, intent_id) VALUES (779, 4);
INSERT INTO website_personas (website_id, persona_id) VALUES (779, 3);
INSERT INTO website_personas (website_id, persona_id) VALUES (779, 5);
INSERT INTO websites (id, name, slug, url, short_description, purpose, category_id, click_count, is_active) VALUES (780, 'ProGen', 'progen-3537', 'https://progen-3537.com', 'An incredibly advanced AI tool revolutionizing the way you handle automation & agent. Try ProGen today.', 'Creative Studio', 8, 0, 1);
INSERT INTO website_intents (website_id, intent_id) VALUES (780, 2);
INSERT INTO website_intents (website_id, intent_id) VALUES (780, 1);
INSERT INTO website_personas (website_id, persona_id) VALUES (780, 6);
INSERT INTO website_personas (website_id, persona_id) VALUES (780, 2);
INSERT INTO websites (id, name, slug, url, short_description, purpose, category_id, click_count, is_active) VALUES (781, 'Deeply', 'deeply-2558', 'https://deeply-2558.com', 'Enhance your productivity with Deeply. Perfect for seamless automation & agent automation.', 'Productivity Engine', 8, 0, 1);
INSERT INTO website_intents (website_id, intent_id) VALUES (781, 3);
INSERT INTO website_personas (website_id, persona_id) VALUES (781, 3);
INSERT INTO website_personas (website_id, persona_id) VALUES (781, 6);
INSERT INTO websites (id, name, slug, url, short_description, purpose, category_id, click_count, is_active) VALUES (782, 'CogniFlow', 'cogniflow-5294', 'https://cogniflow-5294.com', 'An incredibly advanced AI tool revolutionizing the way you handle automation & agent. Try CogniFlow today.', 'Creative Studio', 8, 0, 1);
INSERT INTO website_intents (website_id, intent_id) VALUES (782, 6);
INSERT INTO website_intents (website_id, intent_id) VALUES (782, 5);
INSERT INTO website_personas (website_id, persona_id) VALUES (782, 3);
INSERT INTO website_personas (website_id, persona_id) VALUES (782, 2);
INSERT INTO websites (id, name, slug, url, short_description, purpose, category_id, click_count, is_active) VALUES (783, 'QuickCraft Pro', 'quickcraft-pro-6199', 'https://quickcraft-pro-6199.com', 'An incredibly advanced AI tool revolutionizing the way you handle automation & agent. Try QuickCraft Pro today.', 'Productivity Engine', 8, 0, 1);
INSERT INTO website_intents (website_id, intent_id) VALUES (783, 1);
INSERT INTO website_personas (website_id, persona_id) VALUES (783, 4);
INSERT INTO website_personas (website_id, persona_id) VALUES (783, 2);
INSERT INTO websites (id, name, slug, url, short_description, purpose, category_id, click_count, is_active) VALUES (784, 'Zenify', 'zenify-8616', 'https://zenify-8616.com', 'Enhance your productivity with Zenify. Perfect for seamless automation & agent automation.', 'Creative Studio', 8, 0, 1);
INSERT INTO website_intents (website_id, intent_id) VALUES (784, 2);
INSERT INTO website_intents (website_id, intent_id) VALUES (784, 1);
INSERT INTO website_personas (website_id, persona_id) VALUES (784, 1);
INSERT INTO website_personas (website_id, persona_id) VALUES (784, 2);
INSERT INTO websites (id, name, slug, url, short_description, purpose, category_id, click_count, is_active) VALUES (785, 'VibeBot', 'vibebot-4664', 'https://vibebot-4664.com', 'An incredibly advanced AI tool revolutionizing the way you handle automation & agent. Try VibeBot today.', 'Productivity Engine', 8, 0, 1);
INSERT INTO website_intents (website_id, intent_id) VALUES (785, 2);
INSERT INTO website_intents (website_id, intent_id) VALUES (785, 6);
INSERT INTO website_personas (website_id, persona_id) VALUES (785, 3);
INSERT INTO website_personas (website_id, persona_id) VALUES (785, 2);
INSERT INTO websites (id, name, slug, url, short_description, purpose, category_id, click_count, is_active) VALUES (786, 'Genily', 'genily-1713', 'https://genily-1713.com', 'An incredibly advanced AI tool revolutionizing the way you handle automation & agent. Try Genily today.', 'Creative Studio', 8, 0, 1);
INSERT INTO website_intents (website_id, intent_id) VALUES (786, 4);
INSERT INTO website_personas (website_id, persona_id) VALUES (786, 4);
INSERT INTO websites (id, name, slug, url, short_description, purpose, category_id, click_count, is_active) VALUES (787, 'Nextify Pro', 'nextify-pro-9413', 'https://nextify-pro-9413.com', 'Enhance your productivity with Nextify Pro. Perfect for seamless automation & agent automation.', 'Productivity Engine', 8, 0, 1);
INSERT INTO website_intents (website_id, intent_id) VALUES (787, 1);
INSERT INTO website_personas (website_id, persona_id) VALUES (787, 2);
INSERT INTO website_personas (website_id, persona_id) VALUES (787, 1);
INSERT INTO websites (id, name, slug, url, short_description, purpose, category_id, click_count, is_active) VALUES (788, 'GeniBot', 'genibot-7407', 'https://genibot-7407.com', 'An incredibly advanced AI tool revolutionizing the way you handle automation & agent. Try GeniBot today.', 'Creative Studio', 8, 0, 1);
INSERT INTO website_intents (website_id, intent_id) VALUES (788, 1);
INSERT INTO website_intents (website_id, intent_id) VALUES (788, 2);
INSERT INTO website_personas (website_id, persona_id) VALUES (788, 6);
INSERT INTO website_personas (website_id, persona_id) VALUES (788, 5);
INSERT INTO websites (id, name, slug, url, short_description, purpose, category_id, click_count, is_active) VALUES (789, 'DeepForge Pro', 'deepforge-pro-4227', 'https://deepforge-pro-4227.com', 'An incredibly advanced AI tool revolutionizing the way you handle automation & agent. Try DeepForge Pro today.', 'Productivity Engine', 8, 0, 1);
INSERT INTO website_intents (website_id, intent_id) VALUES (789, 6);
INSERT INTO website_intents (website_id, intent_id) VALUES (789, 5);
INSERT INTO website_personas (website_id, persona_id) VALUES (789, 5);
INSERT INTO website_personas (website_id, persona_id) VALUES (789, 1);
INSERT INTO websites (id, name, slug, url, short_description, purpose, category_id, click_count, is_active) VALUES (790, 'QuickAI Pro', 'quickai-pro-9987', 'https://quickai-pro-9987.com', 'Enhance your productivity with QuickAI Pro. Perfect for seamless automation & agent automation.', 'Creative Studio', 8, 0, 1);
INSERT INTO website_intents (website_id, intent_id) VALUES (790, 3);
INSERT INTO website_intents (website_id, intent_id) VALUES (790, 2);
INSERT INTO website_personas (website_id, persona_id) VALUES (790, 5);
INSERT INTO websites (id, name, slug, url, short_description, purpose, category_id, click_count, is_active) VALUES (791, 'Genily', 'genily-1510', 'https://genily-1510.com', 'An incredibly advanced AI tool revolutionizing the way you handle automation & agent. Try Genily today.', 'Productivity Engine', 8, 0, 1);
INSERT INTO website_intents (website_id, intent_id) VALUES (791, 1);
INSERT INTO website_intents (website_id, intent_id) VALUES (791, 2);
INSERT INTO website_personas (website_id, persona_id) VALUES (791, 1);
INSERT INTO websites (id, name, slug, url, short_description, purpose, category_id, click_count, is_active) VALUES (792, 'FlowCraft', 'flowcraft-7617', 'https://flowcraft-7617.com', 'An incredibly advanced AI tool revolutionizing the way you handle automation & agent. Try FlowCraft today.', 'Creative Studio', 8, 0, 1);
INSERT INTO website_intents (website_id, intent_id) VALUES (792, 4);
INSERT INTO website_intents (website_id, intent_id) VALUES (792, 1);
INSERT INTO website_personas (website_id, persona_id) VALUES (792, 3);
INSERT INTO websites (id, name, slug, url, short_description, purpose, category_id, click_count, is_active) VALUES (793, 'VibeBot', 'vibebot-2701', 'https://vibebot-2701.com', 'Enhance your productivity with VibeBot. Perfect for seamless automation & agent automation.', 'Productivity Engine', 8, 0, 1);
INSERT INTO website_intents (website_id, intent_id) VALUES (793, 3);
INSERT INTO website_personas (website_id, persona_id) VALUES (793, 1);
INSERT INTO websites (id, name, slug, url, short_description, purpose, category_id, click_count, is_active) VALUES (794, 'QuickAI', 'quickai-3892', 'https://quickai-3892.com', 'An incredibly advanced AI tool revolutionizing the way you handle automation & agent. Try QuickAI today.', 'Creative Studio', 8, 0, 1);
INSERT INTO website_intents (website_id, intent_id) VALUES (794, 3);
INSERT INTO website_intents (website_id, intent_id) VALUES (794, 2);
INSERT INTO website_personas (website_id, persona_id) VALUES (794, 1);
INSERT INTO websites (id, name, slug, url, short_description, purpose, category_id, click_count, is_active) VALUES (795, 'VibeAI', 'vibeai-7186', 'https://vibeai-7186.com', 'An incredibly advanced AI tool revolutionizing the way you handle automation & agent. Try VibeAI today.', 'Productivity Engine', 8, 0, 1);
INSERT INTO website_intents (website_id, intent_id) VALUES (795, 1);
INSERT INTO website_personas (website_id, persona_id) VALUES (795, 1);
INSERT INTO websites (id, name, slug, url, short_description, purpose, category_id, click_count, is_active) VALUES (796, 'Vibeify Pro', 'vibeify-pro-1918', 'https://vibeify-pro-1918.com', 'Enhance your productivity with Vibeify Pro. Perfect for seamless automation & agent automation.', 'Creative Studio', 8, 0, 1);
INSERT INTO website_intents (website_id, intent_id) VALUES (796, 1);
INSERT INTO website_personas (website_id, persona_id) VALUES (796, 1);
INSERT INTO websites (id, name, slug, url, short_description, purpose, category_id, click_count, is_active) VALUES (797, 'AutoSync', 'autosync-8466', 'https://autosync-8466.com', 'An incredibly advanced AI tool revolutionizing the way you handle automation & agent. Try AutoSync today.', 'Productivity Engine', 8, 0, 1);
INSERT INTO website_intents (website_id, intent_id) VALUES (797, 6);
INSERT INTO website_intents (website_id, intent_id) VALUES (797, 1);
INSERT INTO website_personas (website_id, persona_id) VALUES (797, 4);
INSERT INTO websites (id, name, slug, url, short_description, purpose, category_id, click_count, is_active) VALUES (798, 'Flowly Pro', 'flowly-pro-4578', 'https://flowly-pro-4578.com', 'An incredibly advanced AI tool revolutionizing the way you handle automation & agent. Try Flowly Pro today.', 'Creative Studio', 8, 0, 1);
INSERT INTO website_intents (website_id, intent_id) VALUES (798, 4);
INSERT INTO website_personas (website_id, persona_id) VALUES (798, 6);
INSERT INTO websites (id, name, slug, url, short_description, purpose, category_id, click_count, is_active) VALUES (799, 'Cognily Pro', 'cognily-pro-933', 'https://cognily-pro-933.com', 'Enhance your productivity with Cognily Pro. Perfect for seamless automation & agent automation.', 'Productivity Engine', 8, 0, 1);
INSERT INTO website_intents (website_id, intent_id) VALUES (799, 5);
INSERT INTO website_personas (website_id, persona_id) VALUES (799, 1);
INSERT INTO website_personas (website_id, persona_id) VALUES (799, 2);
INSERT INTO websites (id, name, slug, url, short_description, purpose, category_id, click_count, is_active) VALUES (800, 'SyntheBot Pro', 'synthebot-pro-3130', 'https://synthebot-pro-3130.com', 'An incredibly advanced AI tool revolutionizing the way you handle automation & agent. Try SyntheBot Pro today.', 'Creative Studio', 8, 0, 1);
INSERT INTO website_intents (website_id, intent_id) VALUES (800, 4);
INSERT INTO website_intents (website_id, intent_id) VALUES (800, 2);
INSERT INTO website_personas (website_id, persona_id) VALUES (800, 1);
INSERT INTO websites (id, name, slug, url, short_description, purpose, category_id, click_count, is_active) VALUES (801, 'VibeForge', 'vibeforge-4662', 'https://vibeforge-4662.com', 'An incredibly advanced AI tool revolutionizing the way you handle automation & agent. Try VibeForge today.', 'Productivity Engine', 8, 0, 1);
INSERT INTO website_intents (website_id, intent_id) VALUES (801, 1);
INSERT INTO website_intents (website_id, intent_id) VALUES (801, 5);
INSERT INTO website_personas (website_id, persona_id) VALUES (801, 3);
INSERT INTO website_personas (website_id, persona_id) VALUES (801, 5);
INSERT INTO websites (id, name, slug, url, short_description, purpose, category_id, click_count, is_active) VALUES (802, 'VibeAI Pro', 'vibeai-pro-1722', 'https://vibeai-pro-1722.com', 'Enhance your productivity with VibeAI Pro. Perfect for seamless automation & agent automation.', 'Creative Studio', 8, 0, 1);
INSERT INTO website_intents (website_id, intent_id) VALUES (802, 1);
INSERT INTO website_intents (website_id, intent_id) VALUES (802, 2);
INSERT INTO website_personas (website_id, persona_id) VALUES (802, 4);
INSERT INTO websites (id, name, slug, url, short_description, purpose, category_id, click_count, is_active) VALUES (803, 'ProAI Pro', 'proai-pro-1043', 'https://proai-pro-1043.com', 'An incredibly advanced AI tool revolutionizing the way you handle automation & agent. Try ProAI Pro today.', 'Productivity Engine', 8, 0, 1);
INSERT INTO website_intents (website_id, intent_id) VALUES (803, 2);
INSERT INTO website_intents (website_id, intent_id) VALUES (803, 4);
INSERT INTO website_personas (website_id, persona_id) VALUES (803, 5);
INSERT INTO websites (id, name, slug, url, short_description, purpose, category_id, click_count, is_active) VALUES (804, 'HyperBot Pro', 'hyperbot-pro-4775', 'https://hyperbot-pro-4775.com', 'An incredibly advanced AI tool revolutionizing the way you handle automation & agent. Try HyperBot Pro today.', 'Creative Studio', 8, 0, 1);
INSERT INTO website_intents (website_id, intent_id) VALUES (804, 1);
INSERT INTO website_personas (website_id, persona_id) VALUES (804, 1);
INSERT INTO websites (id, name, slug, url, short_description, purpose, category_id, click_count, is_active) VALUES (805, 'CogniBase Pro', 'cognibase-pro-7554', 'https://cognibase-pro-7554.com', 'Enhance your productivity with CogniBase Pro. Perfect for seamless automation & agent automation.', 'Productivity Engine', 8, 0, 1);
INSERT INTO website_intents (website_id, intent_id) VALUES (805, 5);
INSERT INTO website_intents (website_id, intent_id) VALUES (805, 4);
INSERT INTO website_personas (website_id, persona_id) VALUES (805, 1);
INSERT INTO websites (id, name, slug, url, short_description, purpose, category_id, click_count, is_active) VALUES (806, 'AutoGen Pro', 'autogen-pro-2816', 'https://autogen-pro-2816.com', 'An incredibly advanced AI tool revolutionizing the way you handle automation & agent. Try AutoGen Pro today.', 'Creative Studio', 8, 0, 1);
INSERT INTO website_intents (website_id, intent_id) VALUES (806, 4);
INSERT INTO website_intents (website_id, intent_id) VALUES (806, 1);
INSERT INTO website_personas (website_id, persona_id) VALUES (806, 5);
INSERT INTO website_personas (website_id, persona_id) VALUES (806, 4);
INSERT INTO websites (id, name, slug, url, short_description, purpose, category_id, click_count, is_active) VALUES (807, 'SmartBot', 'smartbot-2788', 'https://smartbot-2788.com', 'An incredibly advanced AI tool revolutionizing the way you handle automation & agent. Try SmartBot today.', 'Productivity Engine', 8, 0, 1);
INSERT INTO website_intents (website_id, intent_id) VALUES (807, 1);
INSERT INTO website_personas (website_id, persona_id) VALUES (807, 2);
INSERT INTO website_personas (website_id, persona_id) VALUES (807, 1);
INSERT INTO websites (id, name, slug, url, short_description, purpose, category_id, click_count, is_active) VALUES (808, 'SmartFlow', 'smartflow-5532', 'https://smartflow-5532.com', 'Enhance your productivity with SmartFlow. Perfect for seamless automation & agent automation.', 'Creative Studio', 8, 0, 1);
INSERT INTO website_intents (website_id, intent_id) VALUES (808, 6);
INSERT INTO website_personas (website_id, persona_id) VALUES (808, 6);
INSERT INTO website_personas (website_id, persona_id) VALUES (808, 4);
INSERT INTO websites (id, name, slug, url, short_description, purpose, category_id, click_count, is_active) VALUES (809, 'AutoMate', 'automate-894', 'https://automate-894.com', 'An incredibly advanced AI tool revolutionizing the way you handle automation & agent. Try AutoMate today.', 'Productivity Engine', 8, 0, 1);
INSERT INTO website_intents (website_id, intent_id) VALUES (809, 4);
INSERT INTO website_intents (website_id, intent_id) VALUES (809, 6);
INSERT INTO website_personas (website_id, persona_id) VALUES (809, 3);
INSERT INTO website_personas (website_id, persona_id) VALUES (809, 4);
INSERT INTO websites (id, name, slug, url, short_description, purpose, category_id, click_count, is_active) VALUES (810, 'Vibely Pro', 'vibely-pro-496', 'https://vibely-pro-496.com', 'An incredibly advanced AI tool revolutionizing the way you handle automation & agent. Try Vibely Pro today.', 'Creative Studio', 8, 0, 1);
INSERT INTO website_intents (website_id, intent_id) VALUES (810, 1);
INSERT INTO website_intents (website_id, intent_id) VALUES (810, 4);
INSERT INTO website_personas (website_id, persona_id) VALUES (810, 3);
INSERT INTO website_personas (website_id, persona_id) VALUES (810, 2);
INSERT INTO websites (id, name, slug, url, short_description, purpose, category_id, click_count, is_active) VALUES (811, 'HyperForge', 'hyperforge-3778', 'https://hyperforge-3778.com', 'Enhance your productivity with HyperForge. Perfect for seamless automation & agent automation.', 'Productivity Engine', 8, 0, 1);
INSERT INTO website_intents (website_id, intent_id) VALUES (811, 5);
INSERT INTO website_personas (website_id, persona_id) VALUES (811, 1);
INSERT INTO website_personas (website_id, persona_id) VALUES (811, 2);
INSERT INTO websites (id, name, slug, url, short_description, purpose, category_id, click_count, is_active) VALUES (812, 'NextGen', 'nextgen-7166', 'https://nextgen-7166.com', 'An incredibly advanced AI tool revolutionizing the way you handle automation & agent. Try NextGen today.', 'Creative Studio', 8, 0, 1);
INSERT INTO website_intents (website_id, intent_id) VALUES (812, 1);
INSERT INTO website_personas (website_id, persona_id) VALUES (812, 1);
INSERT INTO websites (id, name, slug, url, short_description, purpose, category_id, click_count, is_active) VALUES (813, 'FlowCraft Pro', 'flowcraft-pro-6898', 'https://flowcraft-pro-6898.com', 'An incredibly advanced AI tool revolutionizing the way you handle automation & agent. Try FlowCraft Pro today.', 'Productivity Engine', 8, 0, 1);
INSERT INTO website_intents (website_id, intent_id) VALUES (813, 3);
INSERT INTO website_intents (website_id, intent_id) VALUES (813, 1);
INSERT INTO website_personas (website_id, persona_id) VALUES (813, 5);
INSERT INTO websites (id, name, slug, url, short_description, purpose, category_id, click_count, is_active) VALUES (814, 'Cogniify Pro', 'cogniify-pro-9287', 'https://cogniify-pro-9287.com', 'Enhance your productivity with Cogniify Pro. Perfect for seamless automation & agent automation.', 'Creative Studio', 8, 0, 1);
INSERT INTO website_intents (website_id, intent_id) VALUES (814, 4);
INSERT INTO website_intents (website_id, intent_id) VALUES (814, 3);
INSERT INTO website_personas (website_id, persona_id) VALUES (814, 1);
INSERT INTO website_personas (website_id, persona_id) VALUES (814, 2);
INSERT INTO websites (id, name, slug, url, short_description, purpose, category_id, click_count, is_active) VALUES (815, 'GeniBase', 'genibase-3800', 'https://genibase-3800.com', 'Enhance your productivity with GeniBase. Perfect for seamless audio & music automation.', 'Productivity Engine', 9, 0, 1);
INSERT INTO website_intents (website_id, intent_id) VALUES (815, 1);
INSERT INTO website_intents (website_id, intent_id) VALUES (815, 2);
INSERT INTO website_personas (website_id, persona_id) VALUES (815, 1);
INSERT INTO website_personas (website_id, persona_id) VALUES (815, 6);
INSERT INTO websites (id, name, slug, url, short_description, purpose, category_id, click_count, is_active) VALUES (816, 'ProFlow Pro', 'proflow-pro-9713', 'https://proflow-pro-9713.com', 'An incredibly advanced AI tool revolutionizing the way you handle audio & music. Try ProFlow Pro today.', 'Creative Studio', 9, 0, 1);
INSERT INTO website_intents (website_id, intent_id) VALUES (816, 1);
INSERT INTO website_personas (website_id, persona_id) VALUES (816, 2);
INSERT INTO websites (id, name, slug, url, short_description, purpose, category_id, click_count, is_active) VALUES (817, 'GeniBase', 'genibase-6051', 'https://genibase-6051.com', 'An incredibly advanced AI tool revolutionizing the way you handle audio & music. Try GeniBase today.', 'Productivity Engine', 9, 0, 1);
INSERT INTO website_intents (website_id, intent_id) VALUES (817, 6);
INSERT INTO website_personas (website_id, persona_id) VALUES (817, 1);
INSERT INTO website_personas (website_id, persona_id) VALUES (817, 2);
INSERT INTO websites (id, name, slug, url, short_description, purpose, category_id, click_count, is_active) VALUES (818, 'Syntheify Pro', 'syntheify-pro-55', 'https://syntheify-pro-55.com', 'Enhance your productivity with Syntheify Pro. Perfect for seamless audio & music automation.', 'Creative Studio', 9, 0, 1);
INSERT INTO website_intents (website_id, intent_id) VALUES (818, 1);
INSERT INTO website_personas (website_id, persona_id) VALUES (818, 1);
INSERT INTO websites (id, name, slug, url, short_description, purpose, category_id, click_count, is_active) VALUES (819, 'Synthely Pro', 'synthely-pro-5135', 'https://synthely-pro-5135.com', 'An incredibly advanced AI tool revolutionizing the way you handle audio & music. Try Synthely Pro today.', 'Productivity Engine', 9, 0, 1);
INSERT INTO website_intents (website_id, intent_id) VALUES (819, 3);
INSERT INTO website_personas (website_id, persona_id) VALUES (819, 4);
INSERT INTO websites (id, name, slug, url, short_description, purpose, category_id, click_count, is_active) VALUES (820, 'SyntheFlow Pro', 'syntheflow-pro-6185', 'https://syntheflow-pro-6185.com', 'An incredibly advanced AI tool revolutionizing the way you handle audio & music. Try SyntheFlow Pro today.', 'Creative Studio', 9, 0, 1);
INSERT INTO website_intents (website_id, intent_id) VALUES (820, 2);
INSERT INTO website_intents (website_id, intent_id) VALUES (820, 1);
INSERT INTO website_personas (website_id, persona_id) VALUES (820, 1);
INSERT INTO websites (id, name, slug, url, short_description, purpose, category_id, click_count, is_active) VALUES (821, 'AutoAI', 'autoai-2521', 'https://autoai-2521.com', 'Enhance your productivity with AutoAI. Perfect for seamless audio & music automation.', 'Productivity Engine', 9, 0, 1);
INSERT INTO website_intents (website_id, intent_id) VALUES (821, 6);
INSERT INTO website_intents (website_id, intent_id) VALUES (821, 3);
INSERT INTO website_personas (website_id, persona_id) VALUES (821, 3);
INSERT INTO website_personas (website_id, persona_id) VALUES (821, 4);
INSERT INTO websites (id, name, slug, url, short_description, purpose, category_id, click_count, is_active) VALUES (822, 'CogniGen Pro', 'cognigen-pro-2715', 'https://cognigen-pro-2715.com', 'An incredibly advanced AI tool revolutionizing the way you handle audio & music. Try CogniGen Pro today.', 'Creative Studio', 9, 0, 1);
INSERT INTO website_intents (website_id, intent_id) VALUES (822, 4);
INSERT INTO website_personas (website_id, persona_id) VALUES (822, 1);
INSERT INTO website_personas (website_id, persona_id) VALUES (822, 3);
INSERT INTO websites (id, name, slug, url, short_description, purpose, category_id, click_count, is_active) VALUES (823, 'Synthely Pro', 'synthely-pro-635', 'https://synthely-pro-635.com', 'An incredibly advanced AI tool revolutionizing the way you handle audio & music. Try Synthely Pro today.', 'Productivity Engine', 9, 0, 1);
INSERT INTO website_intents (website_id, intent_id) VALUES (823, 3);
INSERT INTO website_personas (website_id, persona_id) VALUES (823, 1);
INSERT INTO websites (id, name, slug, url, short_description, purpose, category_id, click_count, is_active) VALUES (824, 'SyntheBot', 'synthebot-5779', 'https://synthebot-5779.com', 'Enhance your productivity with SyntheBot. Perfect for seamless audio & music automation.', 'Creative Studio', 9, 0, 1);
INSERT INTO website_intents (website_id, intent_id) VALUES (824, 3);
INSERT INTO website_personas (website_id, persona_id) VALUES (824, 3);
INSERT INTO websites (id, name, slug, url, short_description, purpose, category_id, click_count, is_active) VALUES (825, 'DeepBot Pro', 'deepbot-pro-8695', 'https://deepbot-pro-8695.com', 'An incredibly advanced AI tool revolutionizing the way you handle audio & music. Try DeepBot Pro today.', 'Productivity Engine', 9, 0, 1);
INSERT INTO website_intents (website_id, intent_id) VALUES (825, 3);
INSERT INTO website_personas (website_id, persona_id) VALUES (825, 1);
INSERT INTO website_personas (website_id, persona_id) VALUES (825, 2);
INSERT INTO websites (id, name, slug, url, short_description, purpose, category_id, click_count, is_active) VALUES (826, 'GeniCraft', 'genicraft-6373', 'https://genicraft-6373.com', 'An incredibly advanced AI tool revolutionizing the way you handle audio & music. Try GeniCraft today.', 'Creative Studio', 9, 0, 1);
INSERT INTO website_intents (website_id, intent_id) VALUES (826, 1);
INSERT INTO website_intents (website_id, intent_id) VALUES (826, 5);
INSERT INTO website_personas (website_id, persona_id) VALUES (826, 1);
INSERT INTO websites (id, name, slug, url, short_description, purpose, category_id, click_count, is_active) VALUES (827, 'SyntheGen', 'synthegen-8145', 'https://synthegen-8145.com', 'Enhance your productivity with SyntheGen. Perfect for seamless audio & music automation.', 'Productivity Engine', 9, 0, 1);
INSERT INTO website_intents (website_id, intent_id) VALUES (827, 1);
INSERT INTO website_personas (website_id, persona_id) VALUES (827, 1);
INSERT INTO websites (id, name, slug, url, short_description, purpose, category_id, click_count, is_active) VALUES (828, 'CogniFlow', 'cogniflow-452', 'https://cogniflow-452.com', 'An incredibly advanced AI tool revolutionizing the way you handle audio & music. Try CogniFlow today.', 'Creative Studio', 9, 0, 1);
INSERT INTO website_intents (website_id, intent_id) VALUES (828, 6);
INSERT INTO website_intents (website_id, intent_id) VALUES (828, 5);
INSERT INTO website_personas (website_id, persona_id) VALUES (828, 1);
INSERT INTO website_personas (website_id, persona_id) VALUES (828, 2);
INSERT INTO websites (id, name, slug, url, short_description, purpose, category_id, click_count, is_active) VALUES (829, 'AutoBase', 'autobase-7195', 'https://autobase-7195.com', 'An incredibly advanced AI tool revolutionizing the way you handle audio & music. Try AutoBase today.', 'Productivity Engine', 9, 0, 1);
INSERT INTO website_intents (website_id, intent_id) VALUES (829, 1);
INSERT INTO website_personas (website_id, persona_id) VALUES (829, 2);
INSERT INTO website_personas (website_id, persona_id) VALUES (829, 1);
INSERT INTO websites (id, name, slug, url, short_description, purpose, category_id, click_count, is_active) VALUES (830, 'NextGen Pro', 'nextgen-pro-6160', 'https://nextgen-pro-6160.com', 'Enhance your productivity with NextGen Pro. Perfect for seamless audio & music automation.', 'Creative Studio', 9, 0, 1);
INSERT INTO website_intents (website_id, intent_id) VALUES (830, 3);
INSERT INTO website_personas (website_id, persona_id) VALUES (830, 2);
INSERT INTO websites (id, name, slug, url, short_description, purpose, category_id, click_count, is_active) VALUES (831, 'NextCraft', 'nextcraft-1318', 'https://nextcraft-1318.com', 'An incredibly advanced AI tool revolutionizing the way you handle audio & music. Try NextCraft today.', 'Productivity Engine', 9, 0, 1);
INSERT INTO website_intents (website_id, intent_id) VALUES (831, 2);
INSERT INTO website_intents (website_id, intent_id) VALUES (831, 4);
INSERT INTO website_personas (website_id, persona_id) VALUES (831, 5);
INSERT INTO website_personas (website_id, persona_id) VALUES (831, 1);
INSERT INTO websites (id, name, slug, url, short_description, purpose, category_id, click_count, is_active) VALUES (832, 'FlowMind Pro', 'flowmind-pro-3567', 'https://flowmind-pro-3567.com', 'An incredibly advanced AI tool revolutionizing the way you handle audio & music. Try FlowMind Pro today.', 'Creative Studio', 9, 0, 1);
INSERT INTO website_intents (website_id, intent_id) VALUES (832, 5);
INSERT INTO website_personas (website_id, persona_id) VALUES (832, 4);
INSERT INTO website_personas (website_id, persona_id) VALUES (832, 1);
INSERT INTO websites (id, name, slug, url, short_description, purpose, category_id, click_count, is_active) VALUES (833, 'HyperFlow', 'hyperflow-3582', 'https://hyperflow-3582.com', 'Enhance your productivity with HyperFlow. Perfect for seamless audio & music automation.', 'Productivity Engine', 9, 0, 1);
INSERT INTO website_intents (website_id, intent_id) VALUES (833, 2);
INSERT INTO website_personas (website_id, persona_id) VALUES (833, 2);
INSERT INTO websites (id, name, slug, url, short_description, purpose, category_id, click_count, is_active) VALUES (834, 'CogniMate', 'cognimate-6416', 'https://cognimate-6416.com', 'An incredibly advanced AI tool revolutionizing the way you handle audio & music. Try CogniMate today.', 'Creative Studio', 9, 0, 1);
INSERT INTO website_intents (website_id, intent_id) VALUES (834, 5);
INSERT INTO website_personas (website_id, persona_id) VALUES (834, 5);
INSERT INTO website_personas (website_id, persona_id) VALUES (834, 4);
INSERT INTO websites (id, name, slug, url, short_description, purpose, category_id, click_count, is_active) VALUES (835, 'Quickly', 'quickly-29', 'https://quickly-29.com', 'An incredibly advanced AI tool revolutionizing the way you handle audio & music. Try Quickly today.', 'Productivity Engine', 9, 0, 1);
INSERT INTO website_intents (website_id, intent_id) VALUES (835, 4);
INSERT INTO website_intents (website_id, intent_id) VALUES (835, 2);
INSERT INTO website_personas (website_id, persona_id) VALUES (835, 4);
INSERT INTO websites (id, name, slug, url, short_description, purpose, category_id, click_count, is_active) VALUES (836, 'SmartAI', 'smartai-4295', 'https://smartai-4295.com', 'Enhance your productivity with SmartAI. Perfect for seamless audio & music automation.', 'Creative Studio', 9, 0, 1);
INSERT INTO website_intents (website_id, intent_id) VALUES (836, 4);
INSERT INTO website_personas (website_id, persona_id) VALUES (836, 4);
INSERT INTO websites (id, name, slug, url, short_description, purpose, category_id, click_count, is_active) VALUES (837, 'FlowGen', 'flowgen-3670', 'https://flowgen-3670.com', 'An incredibly advanced AI tool revolutionizing the way you handle audio & music. Try FlowGen today.', 'Productivity Engine', 9, 0, 1);
INSERT INTO website_intents (website_id, intent_id) VALUES (837, 4);
INSERT INTO website_personas (website_id, persona_id) VALUES (837, 1);
INSERT INTO websites (id, name, slug, url, short_description, purpose, category_id, click_count, is_active) VALUES (838, 'FlowCraft', 'flowcraft-1239', 'https://flowcraft-1239.com', 'An incredibly advanced AI tool revolutionizing the way you handle audio & music. Try FlowCraft today.', 'Creative Studio', 9, 0, 1);
INSERT INTO website_intents (website_id, intent_id) VALUES (838, 5);
INSERT INTO website_intents (website_id, intent_id) VALUES (838, 4);
INSERT INTO website_personas (website_id, persona_id) VALUES (838, 3);
INSERT INTO website_personas (website_id, persona_id) VALUES (838, 4);
INSERT INTO websites (id, name, slug, url, short_description, purpose, category_id, click_count, is_active) VALUES (839, 'DeepAI', 'deepai-2069', 'https://deepai-2069.com', 'Enhance your productivity with DeepAI. Perfect for seamless audio & music automation.', 'Productivity Engine', 9, 0, 1);
INSERT INTO website_intents (website_id, intent_id) VALUES (839, 1);
INSERT INTO website_intents (website_id, intent_id) VALUES (839, 4);
INSERT INTO website_personas (website_id, persona_id) VALUES (839, 4);
INSERT INTO websites (id, name, slug, url, short_description, purpose, category_id, click_count, is_active) VALUES (840, 'CogniGen Pro', 'cognigen-pro-7891', 'https://cognigen-pro-7891.com', 'An incredibly advanced AI tool revolutionizing the way you handle audio & music. Try CogniGen Pro today.', 'Creative Studio', 9, 0, 1);
INSERT INTO website_intents (website_id, intent_id) VALUES (840, 5);
INSERT INTO website_intents (website_id, intent_id) VALUES (840, 6);
INSERT INTO website_personas (website_id, persona_id) VALUES (840, 1);
INSERT INTO websites (id, name, slug, url, short_description, purpose, category_id, click_count, is_active) VALUES (841, 'ProFlow', 'proflow-3561', 'https://proflow-3561.com', 'An incredibly advanced AI tool revolutionizing the way you handle audio & music. Try ProFlow today.', 'Productivity Engine', 9, 0, 1);
INSERT INTO website_intents (website_id, intent_id) VALUES (841, 5);
INSERT INTO website_personas (website_id, persona_id) VALUES (841, 4);
INSERT INTO websites (id, name, slug, url, short_description, purpose, category_id, click_count, is_active) VALUES (842, 'VibeForge', 'vibeforge-6425', 'https://vibeforge-6425.com', 'Enhance your productivity with VibeForge. Perfect for seamless audio & music automation.', 'Creative Studio', 9, 0, 1);
INSERT INTO website_intents (website_id, intent_id) VALUES (842, 3);
INSERT INTO website_intents (website_id, intent_id) VALUES (842, 2);
INSERT INTO website_personas (website_id, persona_id) VALUES (842, 4);
INSERT INTO website_personas (website_id, persona_id) VALUES (842, 3);
INSERT INTO websites (id, name, slug, url, short_description, purpose, category_id, click_count, is_active) VALUES (843, 'NextFlow', 'nextflow-850', 'https://nextflow-850.com', 'An incredibly advanced AI tool revolutionizing the way you handle audio & music. Try NextFlow today.', 'Productivity Engine', 9, 0, 1);
INSERT INTO website_intents (website_id, intent_id) VALUES (843, 5);
INSERT INTO website_intents (website_id, intent_id) VALUES (843, 4);
INSERT INTO website_personas (website_id, persona_id) VALUES (843, 1);
INSERT INTO website_personas (website_id, persona_id) VALUES (843, 2);
INSERT INTO websites (id, name, slug, url, short_description, purpose, category_id, click_count, is_active) VALUES (844, 'VibeBase', 'vibebase-6977', 'https://vibebase-6977.com', 'An incredibly advanced AI tool revolutionizing the way you handle audio & music. Try VibeBase today.', 'Creative Studio', 9, 0, 1);
INSERT INTO website_intents (website_id, intent_id) VALUES (844, 5);
INSERT INTO website_personas (website_id, persona_id) VALUES (844, 4);
INSERT INTO websites (id, name, slug, url, short_description, purpose, category_id, click_count, is_active) VALUES (845, 'ZenAI', 'zenai-8786', 'https://zenai-8786.com', 'Enhance your productivity with ZenAI. Perfect for seamless audio & music automation.', 'Productivity Engine', 9, 0, 1);
INSERT INTO website_intents (website_id, intent_id) VALUES (845, 3);
INSERT INTO website_personas (website_id, persona_id) VALUES (845, 1);
INSERT INTO websites (id, name, slug, url, short_description, purpose, category_id, click_count, is_active) VALUES (846, 'ProSync', 'prosync-8673', 'https://prosync-8673.com', 'An incredibly advanced AI tool revolutionizing the way you handle audio & music. Try ProSync today.', 'Creative Studio', 9, 0, 1);
INSERT INTO website_intents (website_id, intent_id) VALUES (846, 3);
INSERT INTO website_personas (website_id, persona_id) VALUES (846, 4);
INSERT INTO websites (id, name, slug, url, short_description, purpose, category_id, click_count, is_active) VALUES (847, 'SyntheCraft', 'synthecraft-1554', 'https://synthecraft-1554.com', 'An incredibly advanced AI tool revolutionizing the way you handle audio & music. Try SyntheCraft today.', 'Productivity Engine', 9, 0, 1);
INSERT INTO website_intents (website_id, intent_id) VALUES (847, 1);
INSERT INTO website_personas (website_id, persona_id) VALUES (847, 4);
INSERT INTO website_personas (website_id, persona_id) VALUES (847, 3);
INSERT INTO websites (id, name, slug, url, short_description, purpose, category_id, click_count, is_active) VALUES (848, 'FlowCraft', 'flowcraft-3636', 'https://flowcraft-3636.com', 'Enhance your productivity with FlowCraft. Perfect for seamless audio & music automation.', 'Creative Studio', 9, 0, 1);
INSERT INTO website_intents (website_id, intent_id) VALUES (848, 6);
INSERT INTO website_personas (website_id, persona_id) VALUES (848, 1);
INSERT INTO website_personas (website_id, persona_id) VALUES (848, 2);
INSERT INTO websites (id, name, slug, url, short_description, purpose, category_id, click_count, is_active) VALUES (849, 'NextGen', 'nextgen-7624', 'https://nextgen-7624.com', 'An incredibly advanced AI tool revolutionizing the way you handle audio & music. Try NextGen today.', 'Productivity Engine', 9, 0, 1);
INSERT INTO website_intents (website_id, intent_id) VALUES (849, 2);
INSERT INTO website_intents (website_id, intent_id) VALUES (849, 1);
INSERT INTO website_personas (website_id, persona_id) VALUES (849, 4);
INSERT INTO website_personas (website_id, persona_id) VALUES (849, 3);
INSERT INTO websites (id, name, slug, url, short_description, purpose, category_id, click_count, is_active) VALUES (850, 'SmartSync', 'smartsync-408', 'https://smartsync-408.com', 'An incredibly advanced AI tool revolutionizing the way you handle audio & music. Try SmartSync today.', 'Creative Studio', 9, 0, 1);
INSERT INTO website_intents (website_id, intent_id) VALUES (850, 3);
INSERT INTO website_intents (website_id, intent_id) VALUES (850, 2);
INSERT INTO website_personas (website_id, persona_id) VALUES (850, 4);
INSERT INTO websites (id, name, slug, url, short_description, purpose, category_id, click_count, is_active) VALUES (851, 'GeniMind', 'genimind-1429', 'https://genimind-1429.com', 'Enhance your productivity with GeniMind. Perfect for seamless audio & music automation.', 'Productivity Engine', 9, 0, 1);
INSERT INTO website_intents (website_id, intent_id) VALUES (851, 2);
INSERT INTO website_intents (website_id, intent_id) VALUES (851, 5);
INSERT INTO website_personas (website_id, persona_id) VALUES (851, 6);
INSERT INTO websites (id, name, slug, url, short_description, purpose, category_id, click_count, is_active) VALUES (852, 'VibeMate', 'vibemate-7032', 'https://vibemate-7032.com', 'An incredibly advanced AI tool revolutionizing the way you handle audio & music. Try VibeMate today.', 'Creative Studio', 9, 0, 1);
INSERT INTO website_intents (website_id, intent_id) VALUES (852, 3);
INSERT INTO website_intents (website_id, intent_id) VALUES (852, 4);
INSERT INTO website_personas (website_id, persona_id) VALUES (852, 6);
INSERT INTO websites (id, name, slug, url, short_description, purpose, category_id, click_count, is_active) VALUES (853, 'SyntheAI', 'syntheai-1814', 'https://syntheai-1814.com', 'An incredibly advanced AI tool revolutionizing the way you handle audio & music. Try SyntheAI today.', 'Productivity Engine', 9, 0, 1);
INSERT INTO website_intents (website_id, intent_id) VALUES (853, 4);
INSERT INTO website_intents (website_id, intent_id) VALUES (853, 5);
INSERT INTO website_personas (website_id, persona_id) VALUES (853, 5);
INSERT INTO website_personas (website_id, persona_id) VALUES (853, 6);
INSERT INTO websites (id, name, slug, url, short_description, purpose, category_id, click_count, is_active) VALUES (854, 'NextCraft', 'nextcraft-1388', 'https://nextcraft-1388.com', 'Enhance your productivity with NextCraft. Perfect for seamless audio & music automation.', 'Creative Studio', 9, 0, 1);
INSERT INTO website_intents (website_id, intent_id) VALUES (854, 3);
INSERT INTO website_personas (website_id, persona_id) VALUES (854, 6);
INSERT INTO websites (id, name, slug, url, short_description, purpose, category_id, click_count, is_active) VALUES (855, 'AutoMind', 'automind-3521', 'https://automind-3521.com', 'An incredibly advanced AI tool revolutionizing the way you handle audio & music. Try AutoMind today.', 'Productivity Engine', 9, 0, 1);
INSERT INTO website_intents (website_id, intent_id) VALUES (855, 1);
INSERT INTO website_personas (website_id, persona_id) VALUES (855, 1);
INSERT INTO websites (id, name, slug, url, short_description, purpose, category_id, click_count, is_active) VALUES (856, 'VibeFlow Pro', 'vibeflow-pro-1845', 'https://vibeflow-pro-1845.com', 'An incredibly advanced AI tool revolutionizing the way you handle audio & music. Try VibeFlow Pro today.', 'Creative Studio', 9, 0, 1);
INSERT INTO website_intents (website_id, intent_id) VALUES (856, 5);
INSERT INTO website_personas (website_id, persona_id) VALUES (856, 2);
INSERT INTO website_personas (website_id, persona_id) VALUES (856, 1);
INSERT INTO websites (id, name, slug, url, short_description, purpose, category_id, click_count, is_active) VALUES (857, 'AutoAI', 'autoai-1412', 'https://autoai-1412.com', 'Enhance your productivity with AutoAI. Perfect for seamless audio & music automation.', 'Productivity Engine', 9, 0, 1);
INSERT INTO website_intents (website_id, intent_id) VALUES (857, 2);
INSERT INTO website_intents (website_id, intent_id) VALUES (857, 1);
INSERT INTO website_personas (website_id, persona_id) VALUES (857, 1);
INSERT INTO website_personas (website_id, persona_id) VALUES (857, 3);
INSERT INTO websites (id, name, slug, url, short_description, purpose, category_id, click_count, is_active) VALUES (858, 'AutoForge Pro', 'autoforge-pro-8897', 'https://autoforge-pro-8897.com', 'An incredibly advanced AI tool revolutionizing the way you handle audio & music. Try AutoForge Pro today.', 'Creative Studio', 9, 0, 1);
INSERT INTO website_intents (website_id, intent_id) VALUES (858, 4);
INSERT INTO website_personas (website_id, persona_id) VALUES (858, 1);
INSERT INTO website_personas (website_id, persona_id) VALUES (858, 2);
INSERT INTO websites (id, name, slug, url, short_description, purpose, category_id, click_count, is_active) VALUES (859, 'CogniMind', 'cognimind-1080', 'https://cognimind-1080.com', 'An incredibly advanced AI tool revolutionizing the way you handle audio & music. Try CogniMind today.', 'Productivity Engine', 9, 0, 1);
INSERT INTO website_intents (website_id, intent_id) VALUES (859, 1);
INSERT INTO website_personas (website_id, persona_id) VALUES (859, 1);
INSERT INTO website_personas (website_id, persona_id) VALUES (859, 6);
INSERT INTO websites (id, name, slug, url, short_description, purpose, category_id, click_count, is_active) VALUES (860, 'GeniMate Pro', 'genimate-pro-537', 'https://genimate-pro-537.com', 'Enhance your productivity with GeniMate Pro. Perfect for seamless audio & music automation.', 'Creative Studio', 9, 0, 1);
INSERT INTO website_intents (website_id, intent_id) VALUES (860, 6);
INSERT INTO website_intents (website_id, intent_id) VALUES (860, 5);
INSERT INTO website_personas (website_id, persona_id) VALUES (860, 5);
INSERT INTO websites (id, name, slug, url, short_description, purpose, category_id, click_count, is_active) VALUES (861, 'Geniify', 'geniify-1381', 'https://geniify-1381.com', 'An incredibly advanced AI tool revolutionizing the way you handle audio & music. Try Geniify today.', 'Productivity Engine', 9, 0, 1);
INSERT INTO website_intents (website_id, intent_id) VALUES (861, 1);
INSERT INTO website_intents (website_id, intent_id) VALUES (861, 2);
INSERT INTO website_personas (website_id, persona_id) VALUES (861, 1);
INSERT INTO website_personas (website_id, persona_id) VALUES (861, 4);
INSERT INTO websites (id, name, slug, url, short_description, purpose, category_id, click_count, is_active) VALUES (862, 'CogniBot', 'cognibot-4639', 'https://cognibot-4639.com', 'An incredibly advanced AI tool revolutionizing the way you handle audio & music. Try CogniBot today.', 'Creative Studio', 9, 0, 1);
INSERT INTO website_intents (website_id, intent_id) VALUES (862, 2);
INSERT INTO website_personas (website_id, persona_id) VALUES (862, 2);
INSERT INTO websites (id, name, slug, url, short_description, purpose, category_id, click_count, is_active) VALUES (863, 'Cognily', 'cognily-2003', 'https://cognily-2003.com', 'Enhance your productivity with Cognily. Perfect for seamless audio & music automation.', 'Productivity Engine', 9, 0, 1);
INSERT INTO website_intents (website_id, intent_id) VALUES (863, 6);
INSERT INTO website_personas (website_id, persona_id) VALUES (863, 1);
INSERT INTO websites (id, name, slug, url, short_description, purpose, category_id, click_count, is_active) VALUES (864, 'NextAI', 'nextai-7569', 'https://nextai-7569.com', 'An incredibly advanced AI tool revolutionizing the way you handle audio & music. Try NextAI today.', 'Creative Studio', 9, 0, 1);
INSERT INTO website_intents (website_id, intent_id) VALUES (864, 3);
INSERT INTO website_intents (website_id, intent_id) VALUES (864, 4);
INSERT INTO website_personas (website_id, persona_id) VALUES (864, 1);
INSERT INTO website_personas (website_id, persona_id) VALUES (864, 5);
INSERT INTO websites (id, name, slug, url, short_description, purpose, category_id, click_count, is_active) VALUES (865, 'GeniAI Pro', 'geniai-pro-4978', 'https://geniai-pro-4978.com', 'An incredibly advanced AI tool revolutionizing the way you handle audio & music. Try GeniAI Pro today.', 'Productivity Engine', 9, 0, 1);
INSERT INTO website_intents (website_id, intent_id) VALUES (865, 4);
INSERT INTO website_personas (website_id, persona_id) VALUES (865, 1);
INSERT INTO website_personas (website_id, persona_id) VALUES (865, 2);
INSERT INTO websites (id, name, slug, url, short_description, purpose, category_id, click_count, is_active) VALUES (866, 'DeepFlow', 'deepflow-426', 'https://deepflow-426.com', 'Enhance your productivity with DeepFlow. Perfect for seamless audio & music automation.', 'Creative Studio', 9, 0, 1);
INSERT INTO website_intents (website_id, intent_id) VALUES (866, 5);
INSERT INTO website_personas (website_id, persona_id) VALUES (866, 2);
INSERT INTO websites (id, name, slug, url, short_description, purpose, category_id, click_count, is_active) VALUES (867, 'CogniSync Pro', 'cognisync-pro-6743', 'https://cognisync-pro-6743.com', 'An incredibly advanced AI tool revolutionizing the way you handle audio & music. Try CogniSync Pro today.', 'Productivity Engine', 9, 0, 1);
INSERT INTO website_intents (website_id, intent_id) VALUES (867, 4);
INSERT INTO website_intents (website_id, intent_id) VALUES (867, 3);
INSERT INTO website_personas (website_id, persona_id) VALUES (867, 6);
INSERT INTO websites (id, name, slug, url, short_description, purpose, category_id, click_count, is_active) VALUES (868, 'FlowMate', 'flowmate-8731', 'https://flowmate-8731.com', 'An incredibly advanced AI tool revolutionizing the way you handle audio & music. Try FlowMate today.', 'Creative Studio', 9, 0, 1);
INSERT INTO website_intents (website_id, intent_id) VALUES (868, 1);
INSERT INTO website_personas (website_id, persona_id) VALUES (868, 1);
INSERT INTO website_personas (website_id, persona_id) VALUES (868, 4);
INSERT INTO websites (id, name, slug, url, short_description, purpose, category_id, click_count, is_active) VALUES (869, 'ZenMind', 'zenmind-5955', 'https://zenmind-5955.com', 'Enhance your productivity with ZenMind. Perfect for seamless audio & music automation.', 'Productivity Engine', 9, 0, 1);
INSERT INTO website_intents (website_id, intent_id) VALUES (869, 5);
INSERT INTO website_personas (website_id, persona_id) VALUES (869, 4);
INSERT INTO website_personas (website_id, persona_id) VALUES (869, 6);
INSERT INTO websites (id, name, slug, url, short_description, purpose, category_id, click_count, is_active) VALUES (870, 'Nextify Pro', 'nextify-pro-8591', 'https://nextify-pro-8591.com', 'An incredibly advanced AI tool revolutionizing the way you handle audio & music. Try Nextify Pro today.', 'Creative Studio', 9, 0, 1);
INSERT INTO website_intents (website_id, intent_id) VALUES (870, 1);
INSERT INTO website_intents (website_id, intent_id) VALUES (870, 6);
INSERT INTO website_personas (website_id, persona_id) VALUES (870, 4);
INSERT INTO website_personas (website_id, persona_id) VALUES (870, 3);
INSERT INTO websites (id, name, slug, url, short_description, purpose, category_id, click_count, is_active) VALUES (871, 'ProSync', 'prosync-999', 'https://prosync-999.com', 'An incredibly advanced AI tool revolutionizing the way you handle audio & music. Try ProSync today.', 'Productivity Engine', 9, 0, 1);
INSERT INTO website_intents (website_id, intent_id) VALUES (871, 4);
INSERT INTO website_intents (website_id, intent_id) VALUES (871, 1);
INSERT INTO website_personas (website_id, persona_id) VALUES (871, 6);
INSERT INTO websites (id, name, slug, url, short_description, purpose, category_id, click_count, is_active) VALUES (872, 'SmartFlow', 'smartflow-7918', 'https://smartflow-7918.com', 'Enhance your productivity with SmartFlow. Perfect for seamless audio & music automation.', 'Creative Studio', 9, 0, 1);
INSERT INTO website_intents (website_id, intent_id) VALUES (872, 2);
INSERT INTO website_personas (website_id, persona_id) VALUES (872, 4);
INSERT INTO websites (id, name, slug, url, short_description, purpose, category_id, click_count, is_active) VALUES (873, 'FlowBot Pro', 'flowbot-pro-2039', 'https://flowbot-pro-2039.com', 'An incredibly advanced AI tool revolutionizing the way you handle audio & music. Try FlowBot Pro today.', 'Productivity Engine', 9, 0, 1);
INSERT INTO website_intents (website_id, intent_id) VALUES (873, 2);
INSERT INTO website_intents (website_id, intent_id) VALUES (873, 1);
INSERT INTO website_personas (website_id, persona_id) VALUES (873, 1);
INSERT INTO websites (id, name, slug, url, short_description, purpose, category_id, click_count, is_active) VALUES (874, 'DeepSync Pro', 'deepsync-pro-335', 'https://deepsync-pro-335.com', 'An incredibly advanced AI tool revolutionizing the way you handle audio & music. Try DeepSync Pro today.', 'Creative Studio', 9, 0, 1);
INSERT INTO website_intents (website_id, intent_id) VALUES (874, 3);
INSERT INTO website_intents (website_id, intent_id) VALUES (874, 1);
INSERT INTO website_personas (website_id, persona_id) VALUES (874, 1);
INSERT INTO website_personas (website_id, persona_id) VALUES (874, 4);
INSERT INTO websites (id, name, slug, url, short_description, purpose, category_id, click_count, is_active) VALUES (875, 'SmartMate', 'smartmate-5042', 'https://smartmate-5042.com', 'Enhance your productivity with SmartMate. Perfect for seamless audio & music automation.', 'Productivity Engine', 9, 0, 1);
INSERT INTO website_intents (website_id, intent_id) VALUES (875, 4);
INSERT INTO website_intents (website_id, intent_id) VALUES (875, 3);
INSERT INTO website_personas (website_id, persona_id) VALUES (875, 4);
INSERT INTO websites (id, name, slug, url, short_description, purpose, category_id, click_count, is_active) VALUES (876, 'SmartMate Pro', 'smartmate-pro-8695', 'https://smartmate-pro-8695.com', 'An incredibly advanced AI tool revolutionizing the way you handle audio & music. Try SmartMate Pro today.', 'Creative Studio', 9, 0, 1);
INSERT INTO website_intents (website_id, intent_id) VALUES (876, 6);
INSERT INTO website_personas (website_id, persona_id) VALUES (876, 4);
INSERT INTO website_personas (website_id, persona_id) VALUES (876, 2);
INSERT INTO websites (id, name, slug, url, short_description, purpose, category_id, click_count, is_active) VALUES (877, 'CogniAI', 'cogniai-1370', 'https://cogniai-1370.com', 'An incredibly advanced AI tool revolutionizing the way you handle audio & music. Try CogniAI today.', 'Productivity Engine', 9, 0, 1);
INSERT INTO website_intents (website_id, intent_id) VALUES (877, 1);
INSERT INTO website_intents (website_id, intent_id) VALUES (877, 2);
INSERT INTO website_personas (website_id, persona_id) VALUES (877, 4);
INSERT INTO websites (id, name, slug, url, short_description, purpose, category_id, click_count, is_active) VALUES (878, 'NextBase', 'nextbase-5975', 'https://nextbase-5975.com', 'Enhance your productivity with NextBase. Perfect for seamless audio & music automation.', 'Creative Studio', 9, 0, 1);
INSERT INTO website_intents (website_id, intent_id) VALUES (878, 1);
INSERT INTO website_personas (website_id, persona_id) VALUES (878, 1);
INSERT INTO website_personas (website_id, persona_id) VALUES (878, 3);
INSERT INTO websites (id, name, slug, url, short_description, purpose, category_id, click_count, is_active) VALUES (879, 'ZenSync Pro', 'zensync-pro-4262', 'https://zensync-pro-4262.com', 'An incredibly advanced AI tool revolutionizing the way you handle audio & music. Try ZenSync Pro today.', 'Productivity Engine', 9, 0, 1);
INSERT INTO website_intents (website_id, intent_id) VALUES (879, 1);
INSERT INTO website_intents (website_id, intent_id) VALUES (879, 2);
INSERT INTO website_personas (website_id, persona_id) VALUES (879, 1);
INSERT INTO website_personas (website_id, persona_id) VALUES (879, 2);
INSERT INTO websites (id, name, slug, url, short_description, purpose, category_id, click_count, is_active) VALUES (880, 'AutoForge', 'autoforge-8781', 'https://autoforge-8781.com', 'An incredibly advanced AI tool revolutionizing the way you handle audio & music. Try AutoForge today.', 'Creative Studio', 9, 0, 1);
INSERT INTO website_intents (website_id, intent_id) VALUES (880, 2);
INSERT INTO website_intents (website_id, intent_id) VALUES (880, 1);
INSERT INTO website_personas (website_id, persona_id) VALUES (880, 6);
INSERT INTO website_personas (website_id, persona_id) VALUES (880, 3);
INSERT INTO websites (id, name, slug, url, short_description, purpose, category_id, click_count, is_active) VALUES (881, 'AutoSync Pro', 'autosync-pro-9411', 'https://autosync-pro-9411.com', 'Enhance your productivity with AutoSync Pro. Perfect for seamless audio & music automation.', 'Productivity Engine', 9, 0, 1);
INSERT INTO website_intents (website_id, intent_id) VALUES (881, 3);
INSERT INTO website_intents (website_id, intent_id) VALUES (881, 6);
INSERT INTO website_personas (website_id, persona_id) VALUES (881, 5);
INSERT INTO websites (id, name, slug, url, short_description, purpose, category_id, click_count, is_active) VALUES (882, 'AutoMate', 'automate-9226', 'https://automate-9226.com', 'An incredibly advanced AI tool revolutionizing the way you handle audio & music. Try AutoMate today.', 'Creative Studio', 9, 0, 1);
INSERT INTO website_intents (website_id, intent_id) VALUES (882, 3);
INSERT INTO website_personas (website_id, persona_id) VALUES (882, 6);
INSERT INTO websites (id, name, slug, url, short_description, purpose, category_id, click_count, is_active) VALUES (883, 'QuickFlow', 'quickflow-8519', 'https://quickflow-8519.com', 'An incredibly advanced AI tool revolutionizing the way you handle audio & music. Try QuickFlow today.', 'Productivity Engine', 9, 0, 1);
INSERT INTO website_intents (website_id, intent_id) VALUES (883, 3);
INSERT INTO website_intents (website_id, intent_id) VALUES (883, 1);
INSERT INTO website_personas (website_id, persona_id) VALUES (883, 2);
INSERT INTO website_personas (website_id, persona_id) VALUES (883, 3);
INSERT INTO websites (id, name, slug, url, short_description, purpose, category_id, click_count, is_active) VALUES (884, 'NextGen', 'nextgen-877', 'https://nextgen-877.com', 'Enhance your productivity with NextGen. Perfect for seamless audio & music automation.', 'Creative Studio', 9, 0, 1);
INSERT INTO website_intents (website_id, intent_id) VALUES (884, 3);
INSERT INTO website_personas (website_id, persona_id) VALUES (884, 3);
INSERT INTO website_personas (website_id, persona_id) VALUES (884, 2);
INSERT INTO websites (id, name, slug, url, short_description, purpose, category_id, click_count, is_active) VALUES (885, 'NextBase', 'nextbase-2998', 'https://nextbase-2998.com', 'An incredibly advanced AI tool revolutionizing the way you handle audio & music. Try NextBase today.', 'Productivity Engine', 9, 0, 1);
INSERT INTO website_intents (website_id, intent_id) VALUES (885, 1);
INSERT INTO website_intents (website_id, intent_id) VALUES (885, 2);
INSERT INTO website_personas (website_id, persona_id) VALUES (885, 4);
INSERT INTO websites (id, name, slug, url, short_description, purpose, category_id, click_count, is_active) VALUES (886, 'QuickGen', 'quickgen-4938', 'https://quickgen-4938.com', 'An incredibly advanced AI tool revolutionizing the way you handle audio & music. Try QuickGen today.', 'Creative Studio', 9, 0, 1);
INSERT INTO website_intents (website_id, intent_id) VALUES (886, 1);
INSERT INTO website_personas (website_id, persona_id) VALUES (886, 1);
INSERT INTO websites (id, name, slug, url, short_description, purpose, category_id, click_count, is_active) VALUES (887, 'ZenFlow Pro', 'zenflow-pro-2191', 'https://zenflow-pro-2191.com', 'Enhance your productivity with ZenFlow Pro. Perfect for seamless audio & music automation.', 'Productivity Engine', 9, 0, 1);
INSERT INTO website_intents (website_id, intent_id) VALUES (887, 3);
INSERT INTO website_personas (website_id, persona_id) VALUES (887, 2);
INSERT INTO website_personas (website_id, persona_id) VALUES (887, 4);
INSERT INTO websites (id, name, slug, url, short_description, purpose, category_id, click_count, is_active) VALUES (888, 'GeniSync', 'genisync-7215', 'https://genisync-7215.com', 'An incredibly advanced AI tool revolutionizing the way you handle audio & music. Try GeniSync today.', 'Creative Studio', 9, 0, 1);
INSERT INTO website_intents (website_id, intent_id) VALUES (888, 3);
INSERT INTO website_intents (website_id, intent_id) VALUES (888, 6);
INSERT INTO website_personas (website_id, persona_id) VALUES (888, 2);
INSERT INTO websites (id, name, slug, url, short_description, purpose, category_id, click_count, is_active) VALUES (889, 'HyperMate', 'hypermate-5228', 'https://hypermate-5228.com', 'An incredibly advanced AI tool revolutionizing the way you handle audio & music. Try HyperMate today.', 'Productivity Engine', 9, 0, 1);
INSERT INTO website_intents (website_id, intent_id) VALUES (889, 4);
INSERT INTO website_intents (website_id, intent_id) VALUES (889, 1);
INSERT INTO website_personas (website_id, persona_id) VALUES (889, 6);
INSERT INTO website_personas (website_id, persona_id) VALUES (889, 1);
INSERT INTO websites (id, name, slug, url, short_description, purpose, category_id, click_count, is_active) VALUES (890, 'QuickCraft', 'quickcraft-9330', 'https://quickcraft-9330.com', 'Enhance your productivity with QuickCraft. Perfect for seamless audio & music automation.', 'Creative Studio', 9, 0, 1);
INSERT INTO website_intents (website_id, intent_id) VALUES (890, 1);
INSERT INTO website_personas (website_id, persona_id) VALUES (890, 3);
INSERT INTO websites (id, name, slug, url, short_description, purpose, category_id, click_count, is_active) VALUES (891, 'HyperSync', 'hypersync-6551', 'https://hypersync-6551.com', 'An incredibly advanced AI tool revolutionizing the way you handle audio & music. Try HyperSync today.', 'Productivity Engine', 9, 0, 1);
INSERT INTO website_intents (website_id, intent_id) VALUES (891, 6);
INSERT INTO website_intents (website_id, intent_id) VALUES (891, 5);
INSERT INTO website_personas (website_id, persona_id) VALUES (891, 3);
INSERT INTO websites (id, name, slug, url, short_description, purpose, category_id, click_count, is_active) VALUES (892, 'SmartFlow Pro', 'smartflow-pro-7119', 'https://smartflow-pro-7119.com', 'An incredibly advanced AI tool revolutionizing the way you handle audio & music. Try SmartFlow Pro today.', 'Creative Studio', 9, 0, 1);
INSERT INTO website_intents (website_id, intent_id) VALUES (892, 4);
INSERT INTO website_personas (website_id, persona_id) VALUES (892, 1);
INSERT INTO website_personas (website_id, persona_id) VALUES (892, 2);
INSERT INTO websites (id, name, slug, url, short_description, purpose, category_id, click_count, is_active) VALUES (893, 'QuickGen', 'quickgen-605', 'https://quickgen-605.com', 'Enhance your productivity with QuickGen. Perfect for seamless audio & music automation.', 'Productivity Engine', 9, 0, 1);
INSERT INTO website_intents (website_id, intent_id) VALUES (893, 1);
INSERT INTO website_personas (website_id, persona_id) VALUES (893, 2);
INSERT INTO website_personas (website_id, persona_id) VALUES (893, 4);
INSERT INTO websites (id, name, slug, url, short_description, purpose, category_id, click_count, is_active) VALUES (894, 'FlowCraft Pro', 'flowcraft-pro-8983', 'https://flowcraft-pro-8983.com', 'An incredibly advanced AI tool revolutionizing the way you handle audio & music. Try FlowCraft Pro today.', 'Creative Studio', 9, 0, 1);
INSERT INTO website_intents (website_id, intent_id) VALUES (894, 6);
INSERT INTO website_intents (website_id, intent_id) VALUES (894, 5);
INSERT INTO website_personas (website_id, persona_id) VALUES (894, 4);
INSERT INTO websites (id, name, slug, url, short_description, purpose, category_id, click_count, is_active) VALUES (895, 'ZenBase', 'zenbase-5076', 'https://zenbase-5076.com', 'An incredibly advanced AI tool revolutionizing the way you handle audio & music. Try ZenBase today.', 'Productivity Engine', 9, 0, 1);
INSERT INTO website_intents (website_id, intent_id) VALUES (895, 5);
INSERT INTO website_personas (website_id, persona_id) VALUES (895, 1);
INSERT INTO website_personas (website_id, persona_id) VALUES (895, 5);
INSERT INTO websites (id, name, slug, url, short_description, purpose, category_id, click_count, is_active) VALUES (896, 'FlowMate', 'flowmate-6661', 'https://flowmate-6661.com', 'Enhance your productivity with FlowMate. Perfect for seamless audio & music automation.', 'Creative Studio', 9, 0, 1);
INSERT INTO website_intents (website_id, intent_id) VALUES (896, 6);
INSERT INTO website_intents (website_id, intent_id) VALUES (896, 3);
INSERT INTO website_personas (website_id, persona_id) VALUES (896, 2);
INSERT INTO website_personas (website_id, persona_id) VALUES (896, 1);
INSERT INTO websites (id, name, slug, url, short_description, purpose, category_id, click_count, is_active) VALUES (897, 'AutoCraft', 'autocraft-4480', 'https://autocraft-4480.com', 'An incredibly advanced AI tool revolutionizing the way you handle audio & music. Try AutoCraft today.', 'Productivity Engine', 9, 0, 1);
INSERT INTO website_intents (website_id, intent_id) VALUES (897, 5);
INSERT INTO website_intents (website_id, intent_id) VALUES (897, 6);
INSERT INTO website_personas (website_id, persona_id) VALUES (897, 5);
INSERT INTO websites (id, name, slug, url, short_description, purpose, category_id, click_count, is_active) VALUES (898, 'QuickBot', 'quickbot-5377', 'https://quickbot-5377.com', 'An incredibly advanced AI tool revolutionizing the way you handle audio & music. Try QuickBot today.', 'Creative Studio', 9, 0, 1);
INSERT INTO website_intents (website_id, intent_id) VALUES (898, 1);
INSERT INTO website_personas (website_id, persona_id) VALUES (898, 3);
INSERT INTO websites (id, name, slug, url, short_description, purpose, category_id, click_count, is_active) VALUES (899, 'DeepFlow Pro', 'deepflow-pro-7124', 'https://deepflow-pro-7124.com', 'Enhance your productivity with DeepFlow Pro. Perfect for seamless audio & music automation.', 'Productivity Engine', 9, 0, 1);
INSERT INTO website_intents (website_id, intent_id) VALUES (899, 1);
INSERT INTO website_personas (website_id, persona_id) VALUES (899, 4);
INSERT INTO website_personas (website_id, persona_id) VALUES (899, 1);
INSERT INTO websites (id, name, slug, url, short_description, purpose, category_id, click_count, is_active) VALUES (900, 'VibeMate Pro', 'vibemate-pro-1043', 'https://vibemate-pro-1043.com', 'An incredibly advanced AI tool revolutionizing the way you handle audio & music. Try VibeMate Pro today.', 'Creative Studio', 9, 0, 1);
INSERT INTO website_intents (website_id, intent_id) VALUES (900, 2);
INSERT INTO website_intents (website_id, intent_id) VALUES (900, 1);
INSERT INTO website_personas (website_id, persona_id) VALUES (900, 4);
INSERT INTO websites (id, name, slug, url, short_description, purpose, category_id, click_count, is_active) VALUES (901, 'Proify', 'proify-9675', 'https://proify-9675.com', 'An incredibly advanced AI tool revolutionizing the way you handle audio & music. Try Proify today.', 'Productivity Engine', 9, 0, 1);
INSERT INTO website_intents (website_id, intent_id) VALUES (901, 5);
INSERT INTO website_personas (website_id, persona_id) VALUES (901, 5);
INSERT INTO websites (id, name, slug, url, short_description, purpose, category_id, click_count, is_active) VALUES (902, 'AutoMate', 'automate-6958', 'https://automate-6958.com', 'Enhance your productivity with AutoMate. Perfect for seamless audio & music automation.', 'Creative Studio', 9, 0, 1);
INSERT INTO website_intents (website_id, intent_id) VALUES (902, 6);
INSERT INTO website_personas (website_id, persona_id) VALUES (902, 2);
INSERT INTO website_personas (website_id, persona_id) VALUES (902, 3);
INSERT INTO websites (id, name, slug, url, short_description, purpose, category_id, click_count, is_active) VALUES (903, 'SmartCraft Pro', 'smartcraft-pro-6778', 'https://smartcraft-pro-6778.com', 'An incredibly advanced AI tool revolutionizing the way you handle audio & music. Try SmartCraft Pro today.', 'Productivity Engine', 9, 0, 1);
INSERT INTO website_intents (website_id, intent_id) VALUES (903, 1);
INSERT INTO website_personas (website_id, persona_id) VALUES (903, 4);
INSERT INTO website_personas (website_id, persona_id) VALUES (903, 1);
INSERT INTO websites (id, name, slug, url, short_description, purpose, category_id, click_count, is_active) VALUES (904, 'FlowCraft', 'flowcraft-3301', 'https://flowcraft-3301.com', 'An incredibly advanced AI tool revolutionizing the way you handle audio & music. Try FlowCraft today.', 'Creative Studio', 9, 0, 1);
INSERT INTO website_intents (website_id, intent_id) VALUES (904, 2);
INSERT INTO website_intents (website_id, intent_id) VALUES (904, 1);
INSERT INTO website_personas (website_id, persona_id) VALUES (904, 6);
INSERT INTO website_personas (website_id, persona_id) VALUES (904, 5);
INSERT INTO websites (id, name, slug, url, short_description, purpose, category_id, click_count, is_active) VALUES (905, 'Hyperify', 'hyperify-6255', 'https://hyperify-6255.com', 'Enhance your productivity with Hyperify. Perfect for seamless audio & music automation.', 'Productivity Engine', 9, 0, 1);
INSERT INTO website_intents (website_id, intent_id) VALUES (905, 5);
INSERT INTO website_personas (website_id, persona_id) VALUES (905, 6);
INSERT INTO websites (id, name, slug, url, short_description, purpose, category_id, click_count, is_active) VALUES (906, 'AutoMate Pro', 'automate-pro-8667', 'https://automate-pro-8667.com', 'An incredibly advanced AI tool revolutionizing the way you handle audio & music. Try AutoMate Pro today.', 'Creative Studio', 9, 0, 1);
INSERT INTO website_intents (website_id, intent_id) VALUES (906, 1);
INSERT INTO website_personas (website_id, persona_id) VALUES (906, 1);
INSERT INTO websites (id, name, slug, url, short_description, purpose, category_id, click_count, is_active) VALUES (907, 'SyntheSync', 'synthesync-9351', 'https://synthesync-9351.com', 'An incredibly advanced AI tool revolutionizing the way you handle audio & music. Try SyntheSync today.', 'Productivity Engine', 9, 0, 1);
INSERT INTO website_intents (website_id, intent_id) VALUES (907, 4);
INSERT INTO website_intents (website_id, intent_id) VALUES (907, 6);
INSERT INTO website_personas (website_id, persona_id) VALUES (907, 2);
INSERT INTO website_personas (website_id, persona_id) VALUES (907, 1);
INSERT INTO websites (id, name, slug, url, short_description, purpose, category_id, click_count, is_active) VALUES (908, 'CogniGen', 'cognigen-230', 'https://cognigen-230.com', 'Enhance your productivity with CogniGen. Perfect for seamless audio & music automation.', 'Creative Studio', 9, 0, 1);
INSERT INTO website_intents (website_id, intent_id) VALUES (908, 2);
INSERT INTO website_personas (website_id, persona_id) VALUES (908, 3);
INSERT INTO website_personas (website_id, persona_id) VALUES (908, 4);
INSERT INTO websites (id, name, slug, url, short_description, purpose, category_id, click_count, is_active) VALUES (909, 'Geniify Pro', 'geniify-pro-7025', 'https://geniify-pro-7025.com', 'An incredibly advanced AI tool revolutionizing the way you handle audio & music. Try Geniify Pro today.', 'Productivity Engine', 9, 0, 1);
INSERT INTO website_intents (website_id, intent_id) VALUES (909, 1);
INSERT INTO website_intents (website_id, intent_id) VALUES (909, 2);
INSERT INTO website_personas (website_id, persona_id) VALUES (909, 1);
INSERT INTO websites (id, name, slug, url, short_description, purpose, category_id, click_count, is_active) VALUES (910, 'DeepBase', 'deepbase-4942', 'https://deepbase-4942.com', 'An incredibly advanced AI tool revolutionizing the way you handle audio & music. Try DeepBase today.', 'Creative Studio', 9, 0, 1);
INSERT INTO website_intents (website_id, intent_id) VALUES (910, 2);
INSERT INTO website_personas (website_id, persona_id) VALUES (910, 6);
INSERT INTO websites (id, name, slug, url, short_description, purpose, category_id, click_count, is_active) VALUES (911, 'DeepSync Pro', 'deepsync-pro-2180', 'https://deepsync-pro-2180.com', 'Enhance your productivity with DeepSync Pro. Perfect for seamless audio & music automation.', 'Productivity Engine', 9, 0, 1);
INSERT INTO website_intents (website_id, intent_id) VALUES (911, 4);
INSERT INTO website_intents (website_id, intent_id) VALUES (911, 3);
INSERT INTO website_personas (website_id, persona_id) VALUES (911, 4);
INSERT INTO websites (id, name, slug, url, short_description, purpose, category_id, click_count, is_active) VALUES (912, 'ZenCraft', 'zencraft-7572', 'https://zencraft-7572.com', 'An incredibly advanced AI tool revolutionizing the way you handle audio & music. Try ZenCraft today.', 'Creative Studio', 9, 0, 1);
INSERT INTO website_intents (website_id, intent_id) VALUES (912, 6);
INSERT INTO website_intents (website_id, intent_id) VALUES (912, 5);
INSERT INTO website_personas (website_id, persona_id) VALUES (912, 1);
INSERT INTO websites (id, name, slug, url, short_description, purpose, category_id, click_count, is_active) VALUES (913, 'FlowBot', 'flowbot-8347', 'https://flowbot-8347.com', 'An incredibly advanced AI tool revolutionizing the way you handle audio & music. Try FlowBot today.', 'Productivity Engine', 9, 0, 1);
INSERT INTO website_intents (website_id, intent_id) VALUES (913, 3);
INSERT INTO website_intents (website_id, intent_id) VALUES (913, 1);
INSERT INTO website_personas (website_id, persona_id) VALUES (913, 2);
INSERT INTO website_personas (website_id, persona_id) VALUES (913, 1);
INSERT INTO websites (id, name, slug, url, short_description, purpose, category_id, click_count, is_active) VALUES (914, 'ZenForge', 'zenforge-9991', 'https://zenforge-9991.com', 'Enhance your productivity with ZenForge. Perfect for seamless audio & music automation.', 'Creative Studio', 9, 0, 1);
INSERT INTO website_intents (website_id, intent_id) VALUES (914, 4);
INSERT INTO website_intents (website_id, intent_id) VALUES (914, 6);
INSERT INTO website_personas (website_id, persona_id) VALUES (914, 5);
INSERT INTO website_personas (website_id, persona_id) VALUES (914, 6);
INSERT INTO websites (id, name, slug, url, short_description, purpose, category_id, click_count, is_active) VALUES (915, 'Genily', 'genily-7897', 'https://genily-7897.com', 'Enhance your productivity with Genily. Perfect for seamless presentation & document automation.', 'Productivity Engine', 10, 0, 1);
INSERT INTO website_intents (website_id, intent_id) VALUES (915, 1);
INSERT INTO website_intents (website_id, intent_id) VALUES (915, 2);
INSERT INTO website_personas (website_id, persona_id) VALUES (915, 6);
INSERT INTO websites (id, name, slug, url, short_description, purpose, category_id, click_count, is_active) VALUES (916, 'Smartly Pro', 'smartly-pro-2917', 'https://smartly-pro-2917.com', 'An incredibly advanced AI tool revolutionizing the way you handle presentation & document. Try Smartly Pro today.', 'Creative Studio', 10, 0, 1);
INSERT INTO website_intents (website_id, intent_id) VALUES (916, 4);
INSERT INTO website_intents (website_id, intent_id) VALUES (916, 5);
INSERT INTO website_personas (website_id, persona_id) VALUES (916, 4);
INSERT INTO website_personas (website_id, persona_id) VALUES (916, 6);
INSERT INTO websites (id, name, slug, url, short_description, purpose, category_id, click_count, is_active) VALUES (917, 'HyperAI', 'hyperai-4824', 'https://hyperai-4824.com', 'An incredibly advanced AI tool revolutionizing the way you handle presentation & document. Try HyperAI today.', 'Productivity Engine', 10, 0, 1);
INSERT INTO website_intents (website_id, intent_id) VALUES (917, 5);
INSERT INTO website_intents (website_id, intent_id) VALUES (917, 1);
INSERT INTO website_personas (website_id, persona_id) VALUES (917, 4);
INSERT INTO websites (id, name, slug, url, short_description, purpose, category_id, click_count, is_active) VALUES (918, 'NextFlow Pro', 'nextflow-pro-745', 'https://nextflow-pro-745.com', 'Enhance your productivity with NextFlow Pro. Perfect for seamless presentation & document automation.', 'Creative Studio', 10, 0, 1);
INSERT INTO website_intents (website_id, intent_id) VALUES (918, 1);
INSERT INTO website_intents (website_id, intent_id) VALUES (918, 2);
INSERT INTO website_personas (website_id, persona_id) VALUES (918, 5);
INSERT INTO websites (id, name, slug, url, short_description, purpose, category_id, click_count, is_active) VALUES (919, 'ProBase', 'probase-1780', 'https://probase-1780.com', 'An incredibly advanced AI tool revolutionizing the way you handle presentation & document. Try ProBase today.', 'Productivity Engine', 10, 0, 1);
INSERT INTO website_intents (website_id, intent_id) VALUES (919, 4);
INSERT INTO website_intents (website_id, intent_id) VALUES (919, 6);
INSERT INTO website_personas (website_id, persona_id) VALUES (919, 4);
INSERT INTO websites (id, name, slug, url, short_description, purpose, category_id, click_count, is_active) VALUES (920, 'AutoAI Pro', 'autoai-pro-6827', 'https://autoai-pro-6827.com', 'An incredibly advanced AI tool revolutionizing the way you handle presentation & document. Try AutoAI Pro today.', 'Creative Studio', 10, 0, 1);
INSERT INTO website_intents (website_id, intent_id) VALUES (920, 1);
INSERT INTO website_personas (website_id, persona_id) VALUES (920, 1);
INSERT INTO websites (id, name, slug, url, short_description, purpose, category_id, click_count, is_active) VALUES (921, 'Zenly Pro', 'zenly-pro-3074', 'https://zenly-pro-3074.com', 'Enhance your productivity with Zenly Pro. Perfect for seamless presentation & document automation.', 'Productivity Engine', 10, 0, 1);
INSERT INTO website_intents (website_id, intent_id) VALUES (921, 4);
INSERT INTO website_personas (website_id, persona_id) VALUES (921, 5);
INSERT INTO website_personas (website_id, persona_id) VALUES (921, 1);
INSERT INTO websites (id, name, slug, url, short_description, purpose, category_id, click_count, is_active) VALUES (922, 'CogniBot Pro', 'cognibot-pro-2505', 'https://cognibot-pro-2505.com', 'An incredibly advanced AI tool revolutionizing the way you handle presentation & document. Try CogniBot Pro today.', 'Creative Studio', 10, 0, 1);
INSERT INTO website_intents (website_id, intent_id) VALUES (922, 1);
INSERT INTO website_intents (website_id, intent_id) VALUES (922, 2);
INSERT INTO website_personas (website_id, persona_id) VALUES (922, 1);
INSERT INTO website_personas (website_id, persona_id) VALUES (922, 4);
INSERT INTO websites (id, name, slug, url, short_description, purpose, category_id, click_count, is_active) VALUES (923, 'QuickForge', 'quickforge-6555', 'https://quickforge-6555.com', 'An incredibly advanced AI tool revolutionizing the way you handle presentation & document. Try QuickForge today.', 'Productivity Engine', 10, 0, 1);
INSERT INTO website_intents (website_id, intent_id) VALUES (923, 4);
INSERT INTO website_personas (website_id, persona_id) VALUES (923, 6);
INSERT INTO websites (id, name, slug, url, short_description, purpose, category_id, click_count, is_active) VALUES (924, 'QuickMate Pro', 'quickmate-pro-2503', 'https://quickmate-pro-2503.com', 'Enhance your productivity with QuickMate Pro. Perfect for seamless presentation & document automation.', 'Creative Studio', 10, 0, 1);
INSERT INTO website_intents (website_id, intent_id) VALUES (924, 5);
INSERT INTO website_intents (website_id, intent_id) VALUES (924, 3);
INSERT INTO website_personas (website_id, persona_id) VALUES (924, 1);
INSERT INTO websites (id, name, slug, url, short_description, purpose, category_id, click_count, is_active) VALUES (925, 'AutoBot', 'autobot-440', 'https://autobot-440.com', 'An incredibly advanced AI tool revolutionizing the way you handle presentation & document. Try AutoBot today.', 'Productivity Engine', 10, 0, 1);
INSERT INTO website_intents (website_id, intent_id) VALUES (925, 5);
INSERT INTO website_personas (website_id, persona_id) VALUES (925, 4);
INSERT INTO website_personas (website_id, persona_id) VALUES (925, 3);
INSERT INTO websites (id, name, slug, url, short_description, purpose, category_id, click_count, is_active) VALUES (926, 'DeepFlow', 'deepflow-6502', 'https://deepflow-6502.com', 'An incredibly advanced AI tool revolutionizing the way you handle presentation & document. Try DeepFlow today.', 'Creative Studio', 10, 0, 1);
INSERT INTO website_intents (website_id, intent_id) VALUES (926, 3);
INSERT INTO website_personas (website_id, persona_id) VALUES (926, 2);
INSERT INTO websites (id, name, slug, url, short_description, purpose, category_id, click_count, is_active) VALUES (927, 'DeepMate Pro', 'deepmate-pro-3429', 'https://deepmate-pro-3429.com', 'Enhance your productivity with DeepMate Pro. Perfect for seamless presentation & document automation.', 'Productivity Engine', 10, 0, 1);
INSERT INTO website_intents (website_id, intent_id) VALUES (927, 4);
INSERT INTO website_intents (website_id, intent_id) VALUES (927, 3);
INSERT INTO website_personas (website_id, persona_id) VALUES (927, 3);
INSERT INTO website_personas (website_id, persona_id) VALUES (927, 5);
INSERT INTO websites (id, name, slug, url, short_description, purpose, category_id, click_count, is_active) VALUES (928, 'QuickAI', 'quickai-6105', 'https://quickai-6105.com', 'An incredibly advanced AI tool revolutionizing the way you handle presentation & document. Try QuickAI today.', 'Creative Studio', 10, 0, 1);
INSERT INTO website_intents (website_id, intent_id) VALUES (928, 3);
INSERT INTO website_personas (website_id, persona_id) VALUES (928, 4);
INSERT INTO websites (id, name, slug, url, short_description, purpose, category_id, click_count, is_active) VALUES (929, 'CogniFlow Pro', 'cogniflow-pro-4815', 'https://cogniflow-pro-4815.com', 'An incredibly advanced AI tool revolutionizing the way you handle presentation & document. Try CogniFlow Pro today.', 'Productivity Engine', 10, 0, 1);
INSERT INTO website_intents (website_id, intent_id) VALUES (929, 4);
INSERT INTO website_intents (website_id, intent_id) VALUES (929, 3);
INSERT INTO website_personas (website_id, persona_id) VALUES (929, 1);
INSERT INTO websites (id, name, slug, url, short_description, purpose, category_id, click_count, is_active) VALUES (930, 'Hyperly', 'hyperly-889', 'https://hyperly-889.com', 'Enhance your productivity with Hyperly. Perfect for seamless presentation & document automation.', 'Creative Studio', 10, 0, 1);
INSERT INTO website_intents (website_id, intent_id) VALUES (930, 3);
INSERT INTO website_personas (website_id, persona_id) VALUES (930, 3);
INSERT INTO websites (id, name, slug, url, short_description, purpose, category_id, click_count, is_active) VALUES (931, 'GeniMind Pro', 'genimind-pro-2348', 'https://genimind-pro-2348.com', 'An incredibly advanced AI tool revolutionizing the way you handle presentation & document. Try GeniMind Pro today.', 'Productivity Engine', 10, 0, 1);
INSERT INTO website_intents (website_id, intent_id) VALUES (931, 6);
INSERT INTO website_intents (website_id, intent_id) VALUES (931, 4);
INSERT INTO website_personas (website_id, persona_id) VALUES (931, 2);
INSERT INTO websites (id, name, slug, url, short_description, purpose, category_id, click_count, is_active) VALUES (932, 'FlowMind Pro', 'flowmind-pro-9556', 'https://flowmind-pro-9556.com', 'An incredibly advanced AI tool revolutionizing the way you handle presentation & document. Try FlowMind Pro today.', 'Creative Studio', 10, 0, 1);
INSERT INTO website_intents (website_id, intent_id) VALUES (932, 3);
INSERT INTO website_personas (website_id, persona_id) VALUES (932, 6);
INSERT INTO website_personas (website_id, persona_id) VALUES (932, 5);
INSERT INTO websites (id, name, slug, url, short_description, purpose, category_id, click_count, is_active) VALUES (933, 'ZenCraft Pro', 'zencraft-pro-3230', 'https://zencraft-pro-3230.com', 'Enhance your productivity with ZenCraft Pro. Perfect for seamless presentation & document automation.', 'Productivity Engine', 10, 0, 1);
INSERT INTO website_intents (website_id, intent_id) VALUES (933, 1);
INSERT INTO website_personas (website_id, persona_id) VALUES (933, 1);
INSERT INTO website_personas (website_id, persona_id) VALUES (933, 2);
INSERT INTO websites (id, name, slug, url, short_description, purpose, category_id, click_count, is_active) VALUES (934, 'QuickMate', 'quickmate-2001', 'https://quickmate-2001.com', 'An incredibly advanced AI tool revolutionizing the way you handle presentation & document. Try QuickMate today.', 'Creative Studio', 10, 0, 1);
INSERT INTO website_intents (website_id, intent_id) VALUES (934, 6);
INSERT INTO website_intents (website_id, intent_id) VALUES (934, 3);
INSERT INTO website_personas (website_id, persona_id) VALUES (934, 6);
INSERT INTO websites (id, name, slug, url, short_description, purpose, category_id, click_count, is_active) VALUES (935, 'DeepBot Pro', 'deepbot-pro-3125', 'https://deepbot-pro-3125.com', 'An incredibly advanced AI tool revolutionizing the way you handle presentation & document. Try DeepBot Pro today.', 'Productivity Engine', 10, 0, 1);
INSERT INTO website_intents (website_id, intent_id) VALUES (935, 6);
INSERT INTO website_personas (website_id, persona_id) VALUES (935, 2);
INSERT INTO website_personas (website_id, persona_id) VALUES (935, 1);
INSERT INTO websites (id, name, slug, url, short_description, purpose, category_id, click_count, is_active) VALUES (936, 'GeniCraft Pro', 'genicraft-pro-3360', 'https://genicraft-pro-3360.com', 'Enhance your productivity with GeniCraft Pro. Perfect for seamless presentation & document automation.', 'Creative Studio', 10, 0, 1);
INSERT INTO website_intents (website_id, intent_id) VALUES (936, 5);
INSERT INTO website_personas (website_id, persona_id) VALUES (936, 2);
INSERT INTO websites (id, name, slug, url, short_description, purpose, category_id, click_count, is_active) VALUES (937, 'QuickFlow Pro', 'quickflow-pro-2345', 'https://quickflow-pro-2345.com', 'An incredibly advanced AI tool revolutionizing the way you handle presentation & document. Try QuickFlow Pro today.', 'Productivity Engine', 10, 0, 1);
INSERT INTO website_intents (website_id, intent_id) VALUES (937, 4);
INSERT INTO website_personas (website_id, persona_id) VALUES (937, 4);
INSERT INTO websites (id, name, slug, url, short_description, purpose, category_id, click_count, is_active) VALUES (938, 'HyperBase', 'hyperbase-2143', 'https://hyperbase-2143.com', 'An incredibly advanced AI tool revolutionizing the way you handle presentation & document. Try HyperBase today.', 'Creative Studio', 10, 0, 1);
INSERT INTO website_intents (website_id, intent_id) VALUES (938, 5);
INSERT INTO website_personas (website_id, persona_id) VALUES (938, 5);
INSERT INTO websites (id, name, slug, url, short_description, purpose, category_id, click_count, is_active) VALUES (939, 'DeepGen Pro', 'deepgen-pro-2844', 'https://deepgen-pro-2844.com', 'Enhance your productivity with DeepGen Pro. Perfect for seamless presentation & document automation.', 'Productivity Engine', 10, 0, 1);
INSERT INTO website_intents (website_id, intent_id) VALUES (939, 6);
INSERT INTO website_personas (website_id, persona_id) VALUES (939, 5);
INSERT INTO website_personas (website_id, persona_id) VALUES (939, 6);
INSERT INTO websites (id, name, slug, url, short_description, purpose, category_id, click_count, is_active) VALUES (940, 'FlowAI', 'flowai-2573', 'https://flowai-2573.com', 'An incredibly advanced AI tool revolutionizing the way you handle presentation & document. Try FlowAI today.', 'Creative Studio', 10, 0, 1);
INSERT INTO website_intents (website_id, intent_id) VALUES (940, 1);
INSERT INTO website_intents (website_id, intent_id) VALUES (940, 2);
INSERT INTO website_personas (website_id, persona_id) VALUES (940, 4);
INSERT INTO website_personas (website_id, persona_id) VALUES (940, 1);
INSERT INTO websites (id, name, slug, url, short_description, purpose, category_id, click_count, is_active) VALUES (941, 'Vibely', 'vibely-9418', 'https://vibely-9418.com', 'An incredibly advanced AI tool revolutionizing the way you handle presentation & document. Try Vibely today.', 'Productivity Engine', 10, 0, 1);
INSERT INTO website_intents (website_id, intent_id) VALUES (941, 5);
INSERT INTO website_intents (website_id, intent_id) VALUES (941, 1);
INSERT INTO website_personas (website_id, persona_id) VALUES (941, 6);
INSERT INTO website_personas (website_id, persona_id) VALUES (941, 5);
INSERT INTO websites (id, name, slug, url, short_description, purpose, category_id, click_count, is_active) VALUES (942, 'DeepFlow', 'deepflow-866', 'https://deepflow-866.com', 'Enhance your productivity with DeepFlow. Perfect for seamless presentation & document automation.', 'Creative Studio', 10, 0, 1);
INSERT INTO website_intents (website_id, intent_id) VALUES (942, 3);
INSERT INTO website_intents (website_id, intent_id) VALUES (942, 6);
INSERT INTO website_personas (website_id, persona_id) VALUES (942, 1);
INSERT INTO website_personas (website_id, persona_id) VALUES (942, 2);
INSERT INTO websites (id, name, slug, url, short_description, purpose, category_id, click_count, is_active) VALUES (943, 'Vibeify', 'vibeify-4218', 'https://vibeify-4218.com', 'An incredibly advanced AI tool revolutionizing the way you handle presentation & document. Try Vibeify today.', 'Productivity Engine', 10, 0, 1);
INSERT INTO website_intents (website_id, intent_id) VALUES (943, 4);
INSERT INTO website_intents (website_id, intent_id) VALUES (943, 3);
INSERT INTO website_personas (website_id, persona_id) VALUES (943, 1);
INSERT INTO websites (id, name, slug, url, short_description, purpose, category_id, click_count, is_active) VALUES (944, 'Deepify', 'deepify-2046', 'https://deepify-2046.com', 'An incredibly advanced AI tool revolutionizing the way you handle presentation & document. Try Deepify today.', 'Creative Studio', 10, 0, 1);
INSERT INTO website_intents (website_id, intent_id) VALUES (944, 4);
INSERT INTO website_personas (website_id, persona_id) VALUES (944, 3);
INSERT INTO websites (id, name, slug, url, short_description, purpose, category_id, click_count, is_active) VALUES (945, 'SyntheMind', 'synthemind-7332', 'https://synthemind-7332.com', 'Enhance your productivity with SyntheMind. Perfect for seamless presentation & document automation.', 'Productivity Engine', 10, 0, 1);
INSERT INTO website_intents (website_id, intent_id) VALUES (945, 4);
INSERT INTO website_intents (website_id, intent_id) VALUES (945, 3);
INSERT INTO website_personas (website_id, persona_id) VALUES (945, 4);
INSERT INTO website_personas (website_id, persona_id) VALUES (945, 5);
INSERT INTO websites (id, name, slug, url, short_description, purpose, category_id, click_count, is_active) VALUES (946, 'Synthely Pro', 'synthely-pro-2891', 'https://synthely-pro-2891.com', 'An incredibly advanced AI tool revolutionizing the way you handle presentation & document. Try Synthely Pro today.', 'Creative Studio', 10, 0, 1);
INSERT INTO website_intents (website_id, intent_id) VALUES (946, 6);
INSERT INTO website_personas (website_id, persona_id) VALUES (946, 4);
INSERT INTO website_personas (website_id, persona_id) VALUES (946, 1);
INSERT INTO websites (id, name, slug, url, short_description, purpose, category_id, click_count, is_active) VALUES (947, 'QuickMind', 'quickmind-2627', 'https://quickmind-2627.com', 'An incredibly advanced AI tool revolutionizing the way you handle presentation & document. Try QuickMind today.', 'Productivity Engine', 10, 0, 1);
INSERT INTO website_intents (website_id, intent_id) VALUES (947, 4);
INSERT INTO website_intents (website_id, intent_id) VALUES (947, 1);
INSERT INTO website_personas (website_id, persona_id) VALUES (947, 6);
INSERT INTO websites (id, name, slug, url, short_description, purpose, category_id, click_count, is_active) VALUES (948, 'DeepFlow', 'deepflow-7590', 'https://deepflow-7590.com', 'Enhance your productivity with DeepFlow. Perfect for seamless presentation & document automation.', 'Creative Studio', 10, 0, 1);
INSERT INTO website_intents (website_id, intent_id) VALUES (948, 2);
INSERT INTO website_personas (website_id, persona_id) VALUES (948, 5);
INSERT INTO website_personas (website_id, persona_id) VALUES (948, 4);
INSERT INTO websites (id, name, slug, url, short_description, purpose, category_id, click_count, is_active) VALUES (949, 'HyperBot', 'hyperbot-5656', 'https://hyperbot-5656.com', 'An incredibly advanced AI tool revolutionizing the way you handle presentation & document. Try HyperBot today.', 'Productivity Engine', 10, 0, 1);
INSERT INTO website_intents (website_id, intent_id) VALUES (949, 1);
INSERT INTO website_intents (website_id, intent_id) VALUES (949, 6);
INSERT INTO website_personas (website_id, persona_id) VALUES (949, 1);
INSERT INTO website_personas (website_id, persona_id) VALUES (949, 2);
INSERT INTO websites (id, name, slug, url, short_description, purpose, category_id, click_count, is_active) VALUES (950, 'NextMind', 'nextmind-6235', 'https://nextmind-6235.com', 'An incredibly advanced AI tool revolutionizing the way you handle presentation & document. Try NextMind today.', 'Creative Studio', 10, 0, 1);
INSERT INTO website_intents (website_id, intent_id) VALUES (950, 5);
INSERT INTO website_intents (website_id, intent_id) VALUES (950, 1);
INSERT INTO website_personas (website_id, persona_id) VALUES (950, 3);
INSERT INTO website_personas (website_id, persona_id) VALUES (950, 2);
INSERT INTO websites (id, name, slug, url, short_description, purpose, category_id, click_count, is_active) VALUES (951, 'NextBase', 'nextbase-9671', 'https://nextbase-9671.com', 'Enhance your productivity with NextBase. Perfect for seamless presentation & document automation.', 'Productivity Engine', 10, 0, 1);
INSERT INTO website_intents (website_id, intent_id) VALUES (951, 1);
INSERT INTO website_intents (website_id, intent_id) VALUES (951, 6);
INSERT INTO website_personas (website_id, persona_id) VALUES (951, 1);
INSERT INTO website_personas (website_id, persona_id) VALUES (951, 4);
INSERT INTO websites (id, name, slug, url, short_description, purpose, category_id, click_count, is_active) VALUES (952, 'VibeBase', 'vibebase-1462', 'https://vibebase-1462.com', 'An incredibly advanced AI tool revolutionizing the way you handle presentation & document. Try VibeBase today.', 'Creative Studio', 10, 0, 1);
INSERT INTO website_intents (website_id, intent_id) VALUES (952, 4);
INSERT INTO website_intents (website_id, intent_id) VALUES (952, 5);
INSERT INTO website_personas (website_id, persona_id) VALUES (952, 6);
INSERT INTO website_personas (website_id, persona_id) VALUES (952, 5);
INSERT INTO websites (id, name, slug, url, short_description, purpose, category_id, click_count, is_active) VALUES (953, 'SmartFlow', 'smartflow-9528', 'https://smartflow-9528.com', 'An incredibly advanced AI tool revolutionizing the way you handle presentation & document. Try SmartFlow today.', 'Productivity Engine', 10, 0, 1);
INSERT INTO website_intents (website_id, intent_id) VALUES (953, 3);
INSERT INTO website_personas (website_id, persona_id) VALUES (953, 6);
INSERT INTO websites (id, name, slug, url, short_description, purpose, category_id, click_count, is_active) VALUES (954, 'SyntheGen', 'synthegen-2507', 'https://synthegen-2507.com', 'Enhance your productivity with SyntheGen. Perfect for seamless presentation & document automation.', 'Creative Studio', 10, 0, 1);
INSERT INTO website_intents (website_id, intent_id) VALUES (954, 1);
INSERT INTO website_intents (website_id, intent_id) VALUES (954, 2);
INSERT INTO website_personas (website_id, persona_id) VALUES (954, 2);
INSERT INTO website_personas (website_id, persona_id) VALUES (954, 1);
INSERT INTO websites (id, name, slug, url, short_description, purpose, category_id, click_count, is_active) VALUES (955, 'Smartly Pro', 'smartly-pro-6068', 'https://smartly-pro-6068.com', 'An incredibly advanced AI tool revolutionizing the way you handle presentation & document. Try Smartly Pro today.', 'Productivity Engine', 10, 0, 1);
INSERT INTO website_intents (website_id, intent_id) VALUES (955, 4);
INSERT INTO website_intents (website_id, intent_id) VALUES (955, 3);
INSERT INTO website_personas (website_id, persona_id) VALUES (955, 1);
INSERT INTO websites (id, name, slug, url, short_description, purpose, category_id, click_count, is_active) VALUES (956, 'Autoify Pro', 'autoify-pro-7517', 'https://autoify-pro-7517.com', 'An incredibly advanced AI tool revolutionizing the way you handle presentation & document. Try Autoify Pro today.', 'Creative Studio', 10, 0, 1);
INSERT INTO website_intents (website_id, intent_id) VALUES (956, 1);
INSERT INTO website_personas (website_id, persona_id) VALUES (956, 4);
INSERT INTO websites (id, name, slug, url, short_description, purpose, category_id, click_count, is_active) VALUES (957, 'NextCraft', 'nextcraft-7152', 'https://nextcraft-7152.com', 'Enhance your productivity with NextCraft. Perfect for seamless presentation & document automation.', 'Productivity Engine', 10, 0, 1);
INSERT INTO website_intents (website_id, intent_id) VALUES (957, 4);
INSERT INTO website_personas (website_id, persona_id) VALUES (957, 1);
INSERT INTO websites (id, name, slug, url, short_description, purpose, category_id, click_count, is_active) VALUES (958, 'Geniify Pro', 'geniify-pro-4694', 'https://geniify-pro-4694.com', 'An incredibly advanced AI tool revolutionizing the way you handle presentation & document. Try Geniify Pro today.', 'Creative Studio', 10, 0, 1);
INSERT INTO website_intents (website_id, intent_id) VALUES (958, 5);
INSERT INTO website_personas (website_id, persona_id) VALUES (958, 4);
INSERT INTO website_personas (website_id, persona_id) VALUES (958, 2);
INSERT INTO websites (id, name, slug, url, short_description, purpose, category_id, click_count, is_active) VALUES (959, 'NextMate', 'nextmate-9258', 'https://nextmate-9258.com', 'An incredibly advanced AI tool revolutionizing the way you handle presentation & document. Try NextMate today.', 'Productivity Engine', 10, 0, 1);
INSERT INTO website_intents (website_id, intent_id) VALUES (959, 4);
INSERT INTO website_personas (website_id, persona_id) VALUES (959, 1);
INSERT INTO website_personas (website_id, persona_id) VALUES (959, 6);
INSERT INTO websites (id, name, slug, url, short_description, purpose, category_id, click_count, is_active) VALUES (960, 'HyperBase', 'hyperbase-722', 'https://hyperbase-722.com', 'Enhance your productivity with HyperBase. Perfect for seamless presentation & document automation.', 'Creative Studio', 10, 0, 1);
INSERT INTO website_intents (website_id, intent_id) VALUES (960, 2);
INSERT INTO website_intents (website_id, intent_id) VALUES (960, 1);
INSERT INTO website_personas (website_id, persona_id) VALUES (960, 2);
INSERT INTO websites (id, name, slug, url, short_description, purpose, category_id, click_count, is_active) VALUES (961, 'Hyperly Pro', 'hyperly-pro-1958', 'https://hyperly-pro-1958.com', 'An incredibly advanced AI tool revolutionizing the way you handle presentation & document. Try Hyperly Pro today.', 'Productivity Engine', 10, 0, 1);
INSERT INTO website_intents (website_id, intent_id) VALUES (961, 1);
INSERT INTO website_intents (website_id, intent_id) VALUES (961, 2);
INSERT INTO website_personas (website_id, persona_id) VALUES (961, 5);
INSERT INTO websites (id, name, slug, url, short_description, purpose, category_id, click_count, is_active) VALUES (962, 'CogniAI', 'cogniai-9812', 'https://cogniai-9812.com', 'An incredibly advanced AI tool revolutionizing the way you handle presentation & document. Try CogniAI today.', 'Creative Studio', 10, 0, 1);
INSERT INTO website_intents (website_id, intent_id) VALUES (962, 1);
INSERT INTO website_intents (website_id, intent_id) VALUES (962, 2);
INSERT INTO website_personas (website_id, persona_id) VALUES (962, 1);
INSERT INTO website_personas (website_id, persona_id) VALUES (962, 2);
INSERT INTO websites (id, name, slug, url, short_description, purpose, category_id, click_count, is_active) VALUES (963, 'Hyperify', 'hyperify-4153', 'https://hyperify-4153.com', 'Enhance your productivity with Hyperify. Perfect for seamless presentation & document automation.', 'Productivity Engine', 10, 0, 1);
INSERT INTO website_intents (website_id, intent_id) VALUES (963, 4);
INSERT INTO website_personas (website_id, persona_id) VALUES (963, 1);
INSERT INTO websites (id, name, slug, url, short_description, purpose, category_id, click_count, is_active) VALUES (964, 'AutoSync', 'autosync-9123', 'https://autosync-9123.com', 'An incredibly advanced AI tool revolutionizing the way you handle presentation & document. Try AutoSync today.', 'Creative Studio', 10, 0, 1);
INSERT INTO website_intents (website_id, intent_id) VALUES (964, 6);
INSERT INTO website_intents (website_id, intent_id) VALUES (964, 5);
INSERT INTO website_personas (website_id, persona_id) VALUES (964, 6);
INSERT INTO website_personas (website_id, persona_id) VALUES (964, 1);
INSERT INTO websites (id, name, slug, url, short_description, purpose, category_id, click_count, is_active) VALUES (965, 'NextFlow', 'nextflow-5059', 'https://nextflow-5059.com', 'An incredibly advanced AI tool revolutionizing the way you handle presentation & document. Try NextFlow today.', 'Productivity Engine', 10, 0, 1);
INSERT INTO website_intents (website_id, intent_id) VALUES (965, 1);
INSERT INTO website_intents (website_id, intent_id) VALUES (965, 5);
INSERT INTO website_personas (website_id, persona_id) VALUES (965, 2);
INSERT INTO website_personas (website_id, persona_id) VALUES (965, 1);
INSERT INTO websites (id, name, slug, url, short_description, purpose, category_id, click_count, is_active) VALUES (966, 'SmartBot', 'smartbot-8237', 'https://smartbot-8237.com', 'Enhance your productivity with SmartBot. Perfect for seamless presentation & document automation.', 'Creative Studio', 10, 0, 1);
INSERT INTO website_intents (website_id, intent_id) VALUES (966, 1);
INSERT INTO website_intents (website_id, intent_id) VALUES (966, 2);
INSERT INTO website_personas (website_id, persona_id) VALUES (966, 1);
INSERT INTO website_personas (website_id, persona_id) VALUES (966, 2);
INSERT INTO websites (id, name, slug, url, short_description, purpose, category_id, click_count, is_active) VALUES (967, 'SyntheBase', 'synthebase-2132', 'https://synthebase-2132.com', 'An incredibly advanced AI tool revolutionizing the way you handle presentation & document. Try SyntheBase today.', 'Productivity Engine', 10, 0, 1);
INSERT INTO website_intents (website_id, intent_id) VALUES (967, 5);
INSERT INTO website_personas (website_id, persona_id) VALUES (967, 3);
INSERT INTO websites (id, name, slug, url, short_description, purpose, category_id, click_count, is_active) VALUES (968, 'ProMate Pro', 'promate-pro-5384', 'https://promate-pro-5384.com', 'An incredibly advanced AI tool revolutionizing the way you handle presentation & document. Try ProMate Pro today.', 'Creative Studio', 10, 0, 1);
INSERT INTO website_intents (website_id, intent_id) VALUES (968, 3);
INSERT INTO website_personas (website_id, persona_id) VALUES (968, 3);
INSERT INTO websites (id, name, slug, url, short_description, purpose, category_id, click_count, is_active) VALUES (969, 'ProForge Pro', 'proforge-pro-7747', 'https://proforge-pro-7747.com', 'Enhance your productivity with ProForge Pro. Perfect for seamless presentation & document automation.', 'Productivity Engine', 10, 0, 1);
INSERT INTO website_intents (website_id, intent_id) VALUES (969, 5);
INSERT INTO website_personas (website_id, persona_id) VALUES (969, 6);
INSERT INTO website_personas (website_id, persona_id) VALUES (969, 1);
INSERT INTO websites (id, name, slug, url, short_description, purpose, category_id, click_count, is_active) VALUES (970, 'Smartify', 'smartify-7726', 'https://smartify-7726.com', 'An incredibly advanced AI tool revolutionizing the way you handle presentation & document. Try Smartify today.', 'Creative Studio', 10, 0, 1);
INSERT INTO website_intents (website_id, intent_id) VALUES (970, 2);
INSERT INTO website_personas (website_id, persona_id) VALUES (970, 6);
INSERT INTO website_personas (website_id, persona_id) VALUES (970, 1);
INSERT INTO websites (id, name, slug, url, short_description, purpose, category_id, click_count, is_active) VALUES (971, 'NextAI Pro', 'nextai-pro-7951', 'https://nextai-pro-7951.com', 'An incredibly advanced AI tool revolutionizing the way you handle presentation & document. Try NextAI Pro today.', 'Productivity Engine', 10, 0, 1);
INSERT INTO website_intents (website_id, intent_id) VALUES (971, 1);
INSERT INTO website_personas (website_id, persona_id) VALUES (971, 6);
INSERT INTO websites (id, name, slug, url, short_description, purpose, category_id, click_count, is_active) VALUES (972, 'VibeSync', 'vibesync-8114', 'https://vibesync-8114.com', 'Enhance your productivity with VibeSync. Perfect for seamless presentation & document automation.', 'Creative Studio', 10, 0, 1);
INSERT INTO website_intents (website_id, intent_id) VALUES (972, 4);
INSERT INTO website_intents (website_id, intent_id) VALUES (972, 1);
INSERT INTO website_personas (website_id, persona_id) VALUES (972, 4);
INSERT INTO website_personas (website_id, persona_id) VALUES (972, 6);
INSERT INTO websites (id, name, slug, url, short_description, purpose, category_id, click_count, is_active) VALUES (973, 'AutoCraft Pro', 'autocraft-pro-9', 'https://autocraft-pro-9.com', 'An incredibly advanced AI tool revolutionizing the way you handle presentation & document. Try AutoCraft Pro today.', 'Productivity Engine', 10, 0, 1);
INSERT INTO website_intents (website_id, intent_id) VALUES (973, 1);
INSERT INTO website_personas (website_id, persona_id) VALUES (973, 4);
INSERT INTO website_personas (website_id, persona_id) VALUES (973, 1);
INSERT INTO websites (id, name, slug, url, short_description, purpose, category_id, click_count, is_active) VALUES (974, 'Quickly', 'quickly-6253', 'https://quickly-6253.com', 'An incredibly advanced AI tool revolutionizing the way you handle presentation & document. Try Quickly today.', 'Creative Studio', 10, 0, 1);
INSERT INTO website_intents (website_id, intent_id) VALUES (974, 4);
INSERT INTO website_intents (website_id, intent_id) VALUES (974, 3);
INSERT INTO website_personas (website_id, persona_id) VALUES (974, 6);
INSERT INTO websites (id, name, slug, url, short_description, purpose, category_id, click_count, is_active) VALUES (975, 'HyperForge', 'hyperforge-764', 'https://hyperforge-764.com', 'Enhance your productivity with HyperForge. Perfect for seamless presentation & document automation.', 'Productivity Engine', 10, 0, 1);
INSERT INTO website_intents (website_id, intent_id) VALUES (975, 1);
INSERT INTO website_intents (website_id, intent_id) VALUES (975, 2);
INSERT INTO website_personas (website_id, persona_id) VALUES (975, 1);
INSERT INTO websites (id, name, slug, url, short_description, purpose, category_id, click_count, is_active) VALUES (976, 'AutoCraft', 'autocraft-2275', 'https://autocraft-2275.com', 'An incredibly advanced AI tool revolutionizing the way you handle presentation & document. Try AutoCraft today.', 'Creative Studio', 10, 0, 1);
INSERT INTO website_intents (website_id, intent_id) VALUES (976, 1);
INSERT INTO website_personas (website_id, persona_id) VALUES (976, 3);
INSERT INTO websites (id, name, slug, url, short_description, purpose, category_id, click_count, is_active) VALUES (977, 'VibeMind', 'vibemind-9661', 'https://vibemind-9661.com', 'An incredibly advanced AI tool revolutionizing the way you handle presentation & document. Try VibeMind today.', 'Productivity Engine', 10, 0, 1);
INSERT INTO website_intents (website_id, intent_id) VALUES (977, 1);
INSERT INTO website_personas (website_id, persona_id) VALUES (977, 6);
INSERT INTO website_personas (website_id, persona_id) VALUES (977, 1);
INSERT INTO websites (id, name, slug, url, short_description, purpose, category_id, click_count, is_active) VALUES (978, 'SmartForge', 'smartforge-3028', 'https://smartforge-3028.com', 'Enhance your productivity with SmartForge. Perfect for seamless presentation & document automation.', 'Creative Studio', 10, 0, 1);
INSERT INTO website_intents (website_id, intent_id) VALUES (978, 6);
INSERT INTO website_intents (website_id, intent_id) VALUES (978, 3);
INSERT INTO website_personas (website_id, persona_id) VALUES (978, 1);
INSERT INTO websites (id, name, slug, url, short_description, purpose, category_id, click_count, is_active) VALUES (979, 'GeniCraft', 'genicraft-9844', 'https://genicraft-9844.com', 'An incredibly advanced AI tool revolutionizing the way you handle presentation & document. Try GeniCraft today.', 'Productivity Engine', 10, 0, 1);
INSERT INTO website_intents (website_id, intent_id) VALUES (979, 1);
INSERT INTO website_intents (website_id, intent_id) VALUES (979, 6);
INSERT INTO website_personas (website_id, persona_id) VALUES (979, 1);
INSERT INTO website_personas (website_id, persona_id) VALUES (979, 6);
INSERT INTO websites (id, name, slug, url, short_description, purpose, category_id, click_count, is_active) VALUES (980, 'QuickForge Pro', 'quickforge-pro-1526', 'https://quickforge-pro-1526.com', 'An incredibly advanced AI tool revolutionizing the way you handle presentation & document. Try QuickForge Pro today.', 'Creative Studio', 10, 0, 1);
INSERT INTO website_intents (website_id, intent_id) VALUES (980, 6);
INSERT INTO website_personas (website_id, persona_id) VALUES (980, 3);
INSERT INTO websites (id, name, slug, url, short_description, purpose, category_id, click_count, is_active) VALUES (981, 'AutoBot', 'autobot-3022', 'https://autobot-3022.com', 'Enhance your productivity with AutoBot. Perfect for seamless presentation & document automation.', 'Productivity Engine', 10, 0, 1);
INSERT INTO website_intents (website_id, intent_id) VALUES (981, 1);
INSERT INTO website_intents (website_id, intent_id) VALUES (981, 3);
INSERT INTO website_personas (website_id, persona_id) VALUES (981, 1);
INSERT INTO websites (id, name, slug, url, short_description, purpose, category_id, click_count, is_active) VALUES (982, 'Zenify', 'zenify-4252', 'https://zenify-4252.com', 'An incredibly advanced AI tool revolutionizing the way you handle presentation & document. Try Zenify today.', 'Creative Studio', 10, 0, 1);
INSERT INTO website_intents (website_id, intent_id) VALUES (982, 2);
INSERT INTO website_intents (website_id, intent_id) VALUES (982, 1);
INSERT INTO website_personas (website_id, persona_id) VALUES (982, 5);
INSERT INTO website_personas (website_id, persona_id) VALUES (982, 2);
INSERT INTO websites (id, name, slug, url, short_description, purpose, category_id, click_count, is_active) VALUES (983, 'ZenForge Pro', 'zenforge-pro-5149', 'https://zenforge-pro-5149.com', 'An incredibly advanced AI tool revolutionizing the way you handle presentation & document. Try ZenForge Pro today.', 'Productivity Engine', 10, 0, 1);
INSERT INTO website_intents (website_id, intent_id) VALUES (983, 1);
INSERT INTO website_intents (website_id, intent_id) VALUES (983, 2);
INSERT INTO website_personas (website_id, persona_id) VALUES (983, 1);
INSERT INTO websites (id, name, slug, url, short_description, purpose, category_id, click_count, is_active) VALUES (984, 'ProAI Pro', 'proai-pro-9830', 'https://proai-pro-9830.com', 'Enhance your productivity with ProAI Pro. Perfect for seamless presentation & document automation.', 'Creative Studio', 10, 0, 1);
INSERT INTO website_intents (website_id, intent_id) VALUES (984, 1);
INSERT INTO website_personas (website_id, persona_id) VALUES (984, 2);
INSERT INTO website_personas (website_id, persona_id) VALUES (984, 4);
INSERT INTO websites (id, name, slug, url, short_description, purpose, category_id, click_count, is_active) VALUES (985, 'ZenAI', 'zenai-7302', 'https://zenai-7302.com', 'An incredibly advanced AI tool revolutionizing the way you handle presentation & document. Try ZenAI today.', 'Productivity Engine', 10, 0, 1);
INSERT INTO website_intents (website_id, intent_id) VALUES (985, 6);
INSERT INTO website_intents (website_id, intent_id) VALUES (985, 5);
INSERT INTO website_personas (website_id, persona_id) VALUES (985, 3);
INSERT INTO websites (id, name, slug, url, short_description, purpose, category_id, click_count, is_active) VALUES (986, 'QuickMind', 'quickmind-2497', 'https://quickmind-2497.com', 'An incredibly advanced AI tool revolutionizing the way you handle presentation & document. Try QuickMind today.', 'Creative Studio', 10, 0, 1);
INSERT INTO website_intents (website_id, intent_id) VALUES (986, 4);
INSERT INTO website_intents (website_id, intent_id) VALUES (986, 1);
INSERT INTO website_personas (website_id, persona_id) VALUES (986, 1);
INSERT INTO website_personas (website_id, persona_id) VALUES (986, 2);
INSERT INTO websites (id, name, slug, url, short_description, purpose, category_id, click_count, is_active) VALUES (987, 'DeepBot', 'deepbot-1411', 'https://deepbot-1411.com', 'Enhance your productivity with DeepBot. Perfect for seamless presentation & document automation.', 'Productivity Engine', 10, 0, 1);
INSERT INTO website_intents (website_id, intent_id) VALUES (987, 1);
INSERT INTO website_intents (website_id, intent_id) VALUES (987, 2);
INSERT INTO website_personas (website_id, persona_id) VALUES (987, 2);
INSERT INTO website_personas (website_id, persona_id) VALUES (987, 5);
INSERT INTO websites (id, name, slug, url, short_description, purpose, category_id, click_count, is_active) VALUES (988, 'CogniMind', 'cognimind-2513', 'https://cognimind-2513.com', 'An incredibly advanced AI tool revolutionizing the way you handle presentation & document. Try CogniMind today.', 'Creative Studio', 10, 0, 1);
INSERT INTO website_intents (website_id, intent_id) VALUES (988, 5);
INSERT INTO website_intents (website_id, intent_id) VALUES (988, 1);
INSERT INTO website_personas (website_id, persona_id) VALUES (988, 6);
INSERT INTO website_personas (website_id, persona_id) VALUES (988, 1);
INSERT INTO websites (id, name, slug, url, short_description, purpose, category_id, click_count, is_active) VALUES (989, 'SyntheForge', 'syntheforge-4974', 'https://syntheforge-4974.com', 'An incredibly advanced AI tool revolutionizing the way you handle presentation & document. Try SyntheForge today.', 'Productivity Engine', 10, 0, 1);
INSERT INTO website_intents (website_id, intent_id) VALUES (989, 3);
INSERT INTO website_intents (website_id, intent_id) VALUES (989, 4);
INSERT INTO website_personas (website_id, persona_id) VALUES (989, 1);
INSERT INTO websites (id, name, slug, url, short_description, purpose, category_id, click_count, is_active) VALUES (990, 'SmartBot', 'smartbot-5039', 'https://smartbot-5039.com', 'Enhance your productivity with SmartBot. Perfect for seamless presentation & document automation.', 'Creative Studio', 10, 0, 1);
INSERT INTO website_intents (website_id, intent_id) VALUES (990, 3);
INSERT INTO website_personas (website_id, persona_id) VALUES (990, 6);
INSERT INTO website_personas (website_id, persona_id) VALUES (990, 3);
INSERT INTO websites (id, name, slug, url, short_description, purpose, category_id, click_count, is_active) VALUES (991, 'HyperAI Pro', 'hyperai-pro-3140', 'https://hyperai-pro-3140.com', 'An incredibly advanced AI tool revolutionizing the way you handle presentation & document. Try HyperAI Pro today.', 'Productivity Engine', 10, 0, 1);
INSERT INTO website_intents (website_id, intent_id) VALUES (991, 3);
INSERT INTO website_personas (website_id, persona_id) VALUES (991, 3);
INSERT INTO websites (id, name, slug, url, short_description, purpose, category_id, click_count, is_active) VALUES (992, 'QuickBot', 'quickbot-5613', 'https://quickbot-5613.com', 'An incredibly advanced AI tool revolutionizing the way you handle presentation & document. Try QuickBot today.', 'Creative Studio', 10, 0, 1);
INSERT INTO website_intents (website_id, intent_id) VALUES (992, 6);
INSERT INTO website_intents (website_id, intent_id) VALUES (992, 1);
INSERT INTO website_personas (website_id, persona_id) VALUES (992, 3);
INSERT INTO website_personas (website_id, persona_id) VALUES (992, 4);
INSERT INTO websites (id, name, slug, url, short_description, purpose, category_id, click_count, is_active) VALUES (993, 'Vibeify', 'vibeify-2150', 'https://vibeify-2150.com', 'Enhance your productivity with Vibeify. Perfect for seamless presentation & document automation.', 'Productivity Engine', 10, 0, 1);
INSERT INTO website_intents (website_id, intent_id) VALUES (993, 6);
INSERT INTO website_personas (website_id, persona_id) VALUES (993, 1);
INSERT INTO website_personas (website_id, persona_id) VALUES (993, 2);
INSERT INTO websites (id, name, slug, url, short_description, purpose, category_id, click_count, is_active) VALUES (994, 'HyperMind', 'hypermind-8960', 'https://hypermind-8960.com', 'An incredibly advanced AI tool revolutionizing the way you handle presentation & document. Try HyperMind today.', 'Creative Studio', 10, 0, 1);
INSERT INTO website_intents (website_id, intent_id) VALUES (994, 1);
INSERT INTO website_intents (website_id, intent_id) VALUES (994, 4);
INSERT INTO website_personas (website_id, persona_id) VALUES (994, 2);
INSERT INTO websites (id, name, slug, url, short_description, purpose, category_id, click_count, is_active) VALUES (995, 'Flowify', 'flowify-8787', 'https://flowify-8787.com', 'An incredibly advanced AI tool revolutionizing the way you handle presentation & document. Try Flowify today.', 'Productivity Engine', 10, 0, 1);
INSERT INTO website_intents (website_id, intent_id) VALUES (995, 3);
INSERT INTO website_intents (website_id, intent_id) VALUES (995, 4);
INSERT INTO website_personas (website_id, persona_id) VALUES (995, 1);
INSERT INTO website_personas (website_id, persona_id) VALUES (995, 5);
INSERT INTO websites (id, name, slug, url, short_description, purpose, category_id, click_count, is_active) VALUES (996, 'AutoFlow', 'autoflow-7935', 'https://autoflow-7935.com', 'Enhance your productivity with AutoFlow. Perfect for seamless presentation & document automation.', 'Creative Studio', 10, 0, 1);
INSERT INTO website_intents (website_id, intent_id) VALUES (996, 1);
INSERT INTO website_intents (website_id, intent_id) VALUES (996, 3);
INSERT INTO website_personas (website_id, persona_id) VALUES (996, 6);
INSERT INTO website_personas (website_id, persona_id) VALUES (996, 3);
INSERT INTO websites (id, name, slug, url, short_description, purpose, category_id, click_count, is_active) VALUES (997, 'SyntheFlow Pro', 'syntheflow-pro-8317', 'https://syntheflow-pro-8317.com', 'An incredibly advanced AI tool revolutionizing the way you handle presentation & document. Try SyntheFlow Pro today.', 'Productivity Engine', 10, 0, 1);
INSERT INTO website_intents (website_id, intent_id) VALUES (997, 6);
INSERT INTO website_intents (website_id, intent_id) VALUES (997, 1);
INSERT INTO website_personas (website_id, persona_id) VALUES (997, 3);
INSERT INTO website_personas (website_id, persona_id) VALUES (997, 1);
INSERT INTO websites (id, name, slug, url, short_description, purpose, category_id, click_count, is_active) VALUES (998, 'SmartCraft', 'smartcraft-2482', 'https://smartcraft-2482.com', 'An incredibly advanced AI tool revolutionizing the way you handle presentation & document. Try SmartCraft today.', 'Creative Studio', 10, 0, 1);
INSERT INTO website_intents (website_id, intent_id) VALUES (998, 1);
INSERT INTO website_intents (website_id, intent_id) VALUES (998, 2);
INSERT INTO website_personas (website_id, persona_id) VALUES (998, 5);
INSERT INTO website_personas (website_id, persona_id) VALUES (998, 3);
INSERT INTO websites (id, name, slug, url, short_description, purpose, category_id, click_count, is_active) VALUES (999, 'FlowSync', 'flowsync-5817', 'https://flowsync-5817.com', 'Enhance your productivity with FlowSync. Perfect for seamless presentation & document automation.', 'Productivity Engine', 10, 0, 1);
INSERT INTO website_intents (website_id, intent_id) VALUES (999, 3);
INSERT INTO website_intents (website_id, intent_id) VALUES (999, 5);
INSERT INTO website_personas (website_id, persona_id) VALUES (999, 4);
INSERT INTO websites (id, name, slug, url, short_description, purpose, category_id, click_count, is_active) VALUES (1000, 'DeepMate', 'deepmate-8493', 'https://deepmate-8493.com', 'An incredibly advanced AI tool revolutionizing the way you handle presentation & document. Try DeepMate today.', 'Creative Studio', 10, 0, 1);
INSERT INTO website_intents (website_id, intent_id) VALUES (1000, 6);
INSERT INTO website_intents (website_id, intent_id) VALUES (1000, 4);
INSERT INTO website_personas (website_id, persona_id) VALUES (1000, 1);
INSERT INTO website_personas (website_id, persona_id) VALUES (1000, 6);
INSERT INTO websites (id, name, slug, url, short_description, purpose, category_id, click_count, is_active) VALUES (1001, 'AutoGen', 'autogen-1404', 'https://autogen-1404.com', 'An incredibly advanced AI tool revolutionizing the way you handle presentation & document. Try AutoGen today.', 'Productivity Engine', 10, 0, 1);
INSERT INTO website_intents (website_id, intent_id) VALUES (1001, 6);
INSERT INTO website_intents (website_id, intent_id) VALUES (1001, 4);
INSERT INTO website_personas (website_id, persona_id) VALUES (1001, 5);
INSERT INTO website_personas (website_id, persona_id) VALUES (1001, 1);
INSERT INTO websites (id, name, slug, url, short_description, purpose, category_id, click_count, is_active) VALUES (1002, 'Zenly', 'zenly-6675', 'https://zenly-6675.com', 'Enhance your productivity with Zenly. Perfect for seamless presentation & document automation.', 'Creative Studio', 10, 0, 1);
INSERT INTO website_intents (website_id, intent_id) VALUES (1002, 5);
INSERT INTO website_intents (website_id, intent_id) VALUES (1002, 1);
INSERT INTO website_personas (website_id, persona_id) VALUES (1002, 1);
INSERT INTO website_personas (website_id, persona_id) VALUES (1002, 2);
INSERT INTO websites (id, name, slug, url, short_description, purpose, category_id, click_count, is_active) VALUES (1003, 'GeniMind Pro', 'genimind-pro-9871', 'https://genimind-pro-9871.com', 'An incredibly advanced AI tool revolutionizing the way you handle presentation & document. Try GeniMind Pro today.', 'Productivity Engine', 10, 0, 1);
INSERT INTO website_intents (website_id, intent_id) VALUES (1003, 2);
INSERT INTO website_personas (website_id, persona_id) VALUES (1003, 4);
INSERT INTO website_personas (website_id, persona_id) VALUES (1003, 3);
INSERT INTO websites (id, name, slug, url, short_description, purpose, category_id, click_count, is_active) VALUES (1004, 'Smartly', 'smartly-4035', 'https://smartly-4035.com', 'An incredibly advanced AI tool revolutionizing the way you handle presentation & document. Try Smartly today.', 'Creative Studio', 10, 0, 1);
INSERT INTO website_intents (website_id, intent_id) VALUES (1004, 4);
INSERT INTO website_intents (website_id, intent_id) VALUES (1004, 3);
INSERT INTO website_personas (website_id, persona_id) VALUES (1004, 5);
INSERT INTO website_personas (website_id, persona_id) VALUES (1004, 4);
INSERT INTO websites (id, name, slug, url, short_description, purpose, category_id, click_count, is_active) VALUES (1005, 'QuickCraft', 'quickcraft-9804', 'https://quickcraft-9804.com', 'Enhance your productivity with QuickCraft. Perfect for seamless presentation & document automation.', 'Productivity Engine', 10, 0, 1);
INSERT INTO website_intents (website_id, intent_id) VALUES (1005, 1);
INSERT INTO website_personas (website_id, persona_id) VALUES (1005, 4);
INSERT INTO websites (id, name, slug, url, short_description, purpose, category_id, click_count, is_active) VALUES (1006, 'QuickMind', 'quickmind-4863', 'https://quickmind-4863.com', 'An incredibly advanced AI tool revolutionizing the way you handle presentation & document. Try QuickMind today.', 'Creative Studio', 10, 0, 1);
INSERT INTO website_intents (website_id, intent_id) VALUES (1006, 1);
INSERT INTO website_personas (website_id, persona_id) VALUES (1006, 1);
INSERT INTO website_personas (website_id, persona_id) VALUES (1006, 2);
INSERT INTO websites (id, name, slug, url, short_description, purpose, category_id, click_count, is_active) VALUES (1007, 'FlowGen Pro', 'flowgen-pro-2834', 'https://flowgen-pro-2834.com', 'An incredibly advanced AI tool revolutionizing the way you handle presentation & document. Try FlowGen Pro today.', 'Productivity Engine', 10, 0, 1);
INSERT INTO website_intents (website_id, intent_id) VALUES (1007, 4);
INSERT INTO website_intents (website_id, intent_id) VALUES (1007, 1);
INSERT INTO website_personas (website_id, persona_id) VALUES (1007, 6);
INSERT INTO websites (id, name, slug, url, short_description, purpose, category_id, click_count, is_active) VALUES (1008, 'SyntheMind Pro', 'synthemind-pro-4168', 'https://synthemind-pro-4168.com', 'Enhance your productivity with SyntheMind Pro. Perfect for seamless presentation & document automation.', 'Creative Studio', 10, 0, 1);
INSERT INTO website_intents (website_id, intent_id) VALUES (1008, 3);
INSERT INTO website_intents (website_id, intent_id) VALUES (1008, 6);
INSERT INTO website_personas (website_id, persona_id) VALUES (1008, 6);
INSERT INTO website_personas (website_id, persona_id) VALUES (1008, 3);
INSERT INTO websites (id, name, slug, url, short_description, purpose, category_id, click_count, is_active) VALUES (1009, 'GeniAI', 'geniai-627', 'https://geniai-627.com', 'An incredibly advanced AI tool revolutionizing the way you handle presentation & document. Try GeniAI today.', 'Productivity Engine', 10, 0, 1);
INSERT INTO website_intents (website_id, intent_id) VALUES (1009, 1);
INSERT INTO website_intents (website_id, intent_id) VALUES (1009, 6);
INSERT INTO website_personas (website_id, persona_id) VALUES (1009, 1);
INSERT INTO website_personas (website_id, persona_id) VALUES (1009, 2);
INSERT INTO websites (id, name, slug, url, short_description, purpose, category_id, click_count, is_active) VALUES (1010, 'GeniSync', 'genisync-8676', 'https://genisync-8676.com', 'An incredibly advanced AI tool revolutionizing the way you handle presentation & document. Try GeniSync today.', 'Creative Studio', 10, 0, 1);
INSERT INTO website_intents (website_id, intent_id) VALUES (1010, 6);
INSERT INTO website_personas (website_id, persona_id) VALUES (1010, 1);
INSERT INTO website_personas (website_id, persona_id) VALUES (1010, 2);
INSERT INTO websites (id, name, slug, url, short_description, purpose, category_id, click_count, is_active) VALUES (1011, 'FlowAI', 'flowai-595', 'https://flowai-595.com', 'Enhance your productivity with FlowAI. Perfect for seamless presentation & document automation.', 'Productivity Engine', 10, 0, 1);
INSERT INTO website_intents (website_id, intent_id) VALUES (1011, 6);
INSERT INTO website_intents (website_id, intent_id) VALUES (1011, 5);
INSERT INTO website_personas (website_id, persona_id) VALUES (1011, 4);
INSERT INTO websites (id, name, slug, url, short_description, purpose, category_id, click_count, is_active) VALUES (1012, 'Cognily', 'cognily-461', 'https://cognily-461.com', 'An incredibly advanced AI tool revolutionizing the way you handle presentation & document. Try Cognily today.', 'Creative Studio', 10, 0, 1);
INSERT INTO website_intents (website_id, intent_id) VALUES (1012, 2);
INSERT INTO website_personas (website_id, persona_id) VALUES (1012, 1);
INSERT INTO website_personas (website_id, persona_id) VALUES (1012, 2);
INSERT INTO websites (id, name, slug, url, short_description, purpose, category_id, click_count, is_active) VALUES (1013, 'QuickCraft', 'quickcraft-5706', 'https://quickcraft-5706.com', 'An incredibly advanced AI tool revolutionizing the way you handle presentation & document. Try QuickCraft today.', 'Productivity Engine', 10, 0, 1);
INSERT INTO website_intents (website_id, intent_id) VALUES (1013, 1);
INSERT INTO website_intents (website_id, intent_id) VALUES (1013, 2);
INSERT INTO website_personas (website_id, persona_id) VALUES (1013, 2);
INSERT INTO websites (id, name, slug, url, short_description, purpose, category_id, click_count, is_active) VALUES (1014, 'Smartify Pro', 'smartify-pro-5701', 'https://smartify-pro-5701.com', 'Enhance your productivity with Smartify Pro. Perfect for seamless presentation & document automation.', 'Creative Studio', 10, 0, 1);
INSERT INTO website_intents (website_id, intent_id) VALUES (1014, 1);
INSERT INTO website_personas (website_id, persona_id) VALUES (1014, 2);
