
-- Yararlan Bulk Seed V2 Migration
DROP TABLE IF EXISTS website_intents;
DROP TABLE IF EXISTS website_personas;
DROP TABLE IF EXISTS recommended_websites;
DROP TABLE IF EXISTS websites;
DROP TABLE IF EXISTS categories;
DROP TABLE IF EXISTS intents;
DROP TABLE IF EXISTS personas;

CREATE TABLE categories (id INTEGER PRIMARY KEY AUTOINCREMENT, slug TEXT UNIQUE, name_tr TEXT NOT NULL, name_en TEXT NOT NULL, name_es TEXT NOT NULL);
CREATE TABLE intents (id INTEGER PRIMARY KEY AUTOINCREMENT, slug TEXT UNIQUE, name_tr TEXT NOT NULL, name_en TEXT NOT NULL, name_es TEXT NOT NULL);
CREATE TABLE personas (id INTEGER PRIMARY KEY AUTOINCREMENT, slug TEXT UNIQUE, name_tr TEXT NOT NULL, name_en TEXT NOT NULL, name_es TEXT NOT NULL);

CREATE TABLE websites (
  id INTEGER PRIMARY KEY AUTOINCREMENT,
  name TEXT NOT NULL,
  slug TEXT UNIQUE NOT NULL,
  url TEXT NOT NULL,
  short_description TEXT,
  purpose TEXT,
  category_id INTEGER REFERENCES categories(id) ON DELETE CASCADE,
  click_count INTEGER DEFAULT 0,
  is_active INTEGER DEFAULT 1
);

CREATE TABLE website_intents (
  website_id INTEGER REFERENCES websites(id) ON DELETE CASCADE,
  intent_id INTEGER REFERENCES intents(id) ON DELETE CASCADE,
  PRIMARY KEY (website_id, intent_id)
);

CREATE TABLE website_personas (
  website_id INTEGER REFERENCES websites(id) ON DELETE CASCADE,
  persona_id INTEGER REFERENCES personas(id) ON DELETE CASCADE,
  PRIMARY KEY (website_id, persona_id)
);

CREATE TABLE recommended_websites (
  id INTEGER PRIMARY KEY AUTOINCREMENT,
  website_id INTEGER NOT NULL REFERENCES websites(id) ON DELETE CASCADE,
  is_active INTEGER DEFAULT 1,
  created_at DATETIME DEFAULT CURRENT_TIMESTAMP
);

CREATE TABLE suggested_tools (
  id INTEGER PRIMARY KEY AUTOINCREMENT,
  website_name TEXT NOT NULL,
  created_at DATETIME DEFAULT CURRENT_TIMESTAMP
);

INSERT INTO categories (id, slug, name_tr, name_en, name_es) VALUES (1, 'icerik-uretimi', 'İçerik Üretimi', 'Content Creation', 'Creación de Contenido');
INSERT INTO categories (id, slug, name_tr, name_en, name_es) VALUES (2, 'video-reels', 'Video & Reels', 'Video & Reels', 'Video y Reels');
INSERT INTO categories (id, slug, name_tr, name_en, name_es) VALUES (3, 'gorsel-tasarim', 'Görsel/Tasarım', 'Visual/Design', 'Visual/Diseño');
INSERT INTO categories (id, slug, name_tr, name_en, name_es) VALUES (4, 'arastirma-analiz', 'Araştırma & Analiz', 'Research & Analysis', 'Investigación y Analítica');
INSERT INTO categories (id, slug, name_tr, name_en, name_es) VALUES (5, 'kod-gelistirme', 'Kod & Geliştirme', 'Code & Development', 'Código y Desarrollo');
INSERT INTO categories (id, slug, name_tr, name_en, name_es) VALUES (6, 'veri-dashboard', 'Veri & Dashboard', 'Data & Dashboard', 'Datos y Tablero');
INSERT INTO categories (id, slug, name_tr, name_en, name_es) VALUES (7, 'pazarlama-growth', 'Pazarlama & Growth', 'Marketing & Growth', 'Marketing y Crecimiento');
INSERT INTO categories (id, slug, name_tr, name_en, name_es) VALUES (8, 'otomasyon-agent', 'Otomasyon & Agent', 'Automation & Agent', 'Automatización y Agente');
INSERT INTO categories (id, slug, name_tr, name_en, name_es) VALUES (9, 'ses-muzik', 'Ses & Müzik', 'Audio & Music', 'Audio y Música');
INSERT INTO categories (id, slug, name_tr, name_en, name_es) VALUES (10, 'sunum-dokuman', 'Sunum & Doküman', 'Presentation & Document', 'Presentación y Documento');
INSERT INTO intents (id, slug, name_tr, name_en, name_es) VALUES (1, 'para-kazan', 'Para Kazan', 'Make Money', 'Ganar Dinero');
INSERT INTO intents (id, slug, name_tr, name_en, name_es) VALUES (2, 'viral-icerik', 'Viral İçerik', 'Viral Content', 'Contenido Viral');
INSERT INTO intents (id, slug, name_tr, name_en, name_es) VALUES (3, 'zamandan-kazan', 'Zamandan Kazan', 'Save Time', 'Ahorrar Tiempo');
INSERT INTO intents (id, slug, name_tr, name_en, name_es) VALUES (4, 'otomatiklestir', 'Otomatikleştir', 'Automate', 'Automatizar');
INSERT INTO intents (id, slug, name_tr, name_en, name_es) VALUES (5, 'skill-up', 'Skill Up / Öğren', 'Skill Up / Learn', 'Aprender / Mejorar');
INSERT INTO intents (id, slug, name_tr, name_en, name_es) VALUES (6, 'growth-hack', 'Growth Hack', 'Growth Hack', 'Growth Hack');
INSERT INTO personas (id, slug, name_tr, name_en, name_es) VALUES (1, 'developer', 'Developer', 'Developer', 'Desarrollador');
INSERT INTO personas (id, slug, name_tr, name_en, name_es) VALUES (2, 'designer', 'Designer', 'Designer', 'Diseñador');
INSERT INTO personas (id, slug, name_tr, name_en, name_es) VALUES (3, 'content-creator', 'Content Creator', 'Content Creator', 'Creador de Contenido');
INSERT INTO personas (id, slug, name_tr, name_en, name_es) VALUES (4, 'founder', 'Founder / Girişimci', 'Founder / Entrepreneur', 'Fundador / Emprendedor');
INSERT INTO personas (id, slug, name_tr, name_en, name_es) VALUES (5, 'marketer', 'Marketer', 'Marketer', 'Comercializador');
INSERT INTO personas (id, slug, name_tr, name_en, name_es) VALUES (6, 'ogrenci', 'Öğrenci', 'Student', 'Estudiante');
INSERT INTO websites (id, name, slug, url, short_description, purpose, category_id, click_count, is_active) VALUES (1, 'FB Menu', 'fb-menu', 'https://fbmenu.com', 'Manage your automated menus and funnels intelligently over FB platforms.', 'Advanced Toolchain', 8, 0, 1);
INSERT INTO website_intents (website_id, intent_id) VALUES (1, 4);
INSERT INTO website_intents (website_id, intent_id) VALUES (1, 1);
INSERT INTO website_personas (website_id, persona_id) VALUES (1, 4);
INSERT INTO website_personas (website_id, persona_id) VALUES (1, 5);
INSERT INTO recommended_websites (website_id, is_active) VALUES (1, 1);
INSERT INTO websites (id, name, slug, url, short_description, purpose, category_id, click_count, is_active) VALUES (2, 'Inflera', 'inflera', 'https://inflera.com', 'Infuencer discovery and dynamic marketing growth engine.', 'Advanced Toolchain', 7, 0, 1);
INSERT INTO website_intents (website_id, intent_id) VALUES (2, 6);
INSERT INTO website_intents (website_id, intent_id) VALUES (2, 2);
INSERT INTO website_personas (website_id, persona_id) VALUES (2, 5);
INSERT INTO website_personas (website_id, persona_id) VALUES (2, 3);
INSERT INTO recommended_websites (website_id, is_active) VALUES (2, 1);
INSERT INTO websites (id, name, slug, url, short_description, purpose, category_id, click_count, is_active) VALUES (3, 'AI Skill Score', 'ai-skill-score', 'https://aiskillscore.com', 'Test and measure your capabilities inside AI ecosystems.', 'Advanced Toolchain', 4, 0, 1);
INSERT INTO website_intents (website_id, intent_id) VALUES (3, 5);
INSERT INTO website_personas (website_id, persona_id) VALUES (3, 6);
INSERT INTO website_personas (website_id, persona_id) VALUES (3, 1);
INSERT INTO recommended_websites (website_id, is_active) VALUES (3, 1);
INSERT INTO websites (id, name, slug, url, short_description, purpose, category_id, click_count, is_active) VALUES (4, 'TokeAtlas', 'tokeatlas', 'https://tokeatlas.com', 'Real-time interactive mappings of analytical metrics globally.', 'Advanced Toolchain', 6, 0, 1);
INSERT INTO website_intents (website_id, intent_id) VALUES (4, 1);
INSERT INTO website_personas (website_id, persona_id) VALUES (4, 4);
INSERT INTO recommended_websites (website_id, is_active) VALUES (4, 1);
INSERT INTO websites (id, name, slug, url, short_description, purpose, category_id, click_count, is_active) VALUES (5, 'ChatGPT', 'chatgpt', 'https://chat.openai.com', 'ChatGPT is a powerful solution tailored for research & analysis processes using artificial intelligence.', 'Industry Leader', 4, 0, 1);
INSERT INTO website_intents (website_id, intent_id) VALUES (5, 1);
INSERT INTO website_intents (website_id, intent_id) VALUES (5, 2);
INSERT INTO website_personas (website_id, persona_id) VALUES (5, 1);
INSERT INTO websites (id, name, slug, url, short_description, purpose, category_id, click_count, is_active) VALUES (6, 'Midjourney', 'midjourney', 'https://midjourney.com', 'Midjourney is a powerful solution tailored for visual/design processes using artificial intelligence.', 'Industry Leader', 3, 0, 1);
INSERT INTO website_intents (website_id, intent_id) VALUES (6, 3);
INSERT INTO website_intents (website_id, intent_id) VALUES (6, 2);
INSERT INTO website_personas (website_id, persona_id) VALUES (6, 6);
INSERT INTO website_personas (website_id, persona_id) VALUES (6, 1);
INSERT INTO websites (id, name, slug, url, short_description, purpose, category_id, click_count, is_active) VALUES (7, 'Notion AI', 'notion-ai', 'https://notion.so', 'Notion AI is a powerful solution tailored for presentation & document processes using artificial intelligence.', 'Industry Leader', 10, 0, 1);
INSERT INTO website_intents (website_id, intent_id) VALUES (7, 4);
INSERT INTO website_intents (website_id, intent_id) VALUES (7, 6);
INSERT INTO website_personas (website_id, persona_id) VALUES (7, 5);
INSERT INTO website_personas (website_id, persona_id) VALUES (7, 4);
INSERT INTO websites (id, name, slug, url, short_description, purpose, category_id, click_count, is_active) VALUES (8, 'GitHub Copilot', 'github-copilot', 'https://github.com/features/copilot', 'GitHub Copilot is a powerful solution tailored for code & development processes using artificial intelligence.', 'Industry Leader', 5, 0, 1);
INSERT INTO website_intents (website_id, intent_id) VALUES (8, 3);
INSERT INTO website_personas (website_id, persona_id) VALUES (8, 6);
INSERT INTO websites (id, name, slug, url, short_description, purpose, category_id, click_count, is_active) VALUES (9, 'Jasper', 'jasper', 'https://jasper.ai', 'Jasper is a powerful solution tailored for content creation processes using artificial intelligence.', 'Industry Leader', 1, 0, 1);
INSERT INTO website_intents (website_id, intent_id) VALUES (9, 1);
INSERT INTO website_personas (website_id, persona_id) VALUES (9, 3);
INSERT INTO websites (id, name, slug, url, short_description, purpose, category_id, click_count, is_active) VALUES (10, 'Runway', 'runway', 'https://runwayml.com', 'Runway is a powerful solution tailored for video & reels processes using artificial intelligence.', 'Industry Leader', 2, 0, 1);
INSERT INTO website_intents (website_id, intent_id) VALUES (10, 6);
INSERT INTO website_personas (website_id, persona_id) VALUES (10, 4);
INSERT INTO website_personas (website_id, persona_id) VALUES (10, 5);
INSERT INTO websites (id, name, slug, url, short_description, purpose, category_id, click_count, is_active) VALUES (11, 'Suno', 'suno', 'https://suno.com', 'Suno is a powerful solution tailored for audio & music processes using artificial intelligence.', 'Industry Leader', 9, 0, 1);
INSERT INTO website_intents (website_id, intent_id) VALUES (11, 3);
INSERT INTO website_intents (website_id, intent_id) VALUES (11, 1);
INSERT INTO website_personas (website_id, persona_id) VALUES (11, 3);
INSERT INTO website_personas (website_id, persona_id) VALUES (11, 2);
INSERT INTO website_personas (website_id, persona_id) VALUES (11, 1);
INSERT INTO websites (id, name, slug, url, short_description, purpose, category_id, click_count, is_active) VALUES (12, 'Zapier', 'zapier', 'https://zapier.com', 'Zapier is a powerful solution tailored for automation & agent processes using artificial intelligence.', 'Industry Leader', 8, 0, 1);
INSERT INTO website_intents (website_id, intent_id) VALUES (12, 1);
INSERT INTO website_intents (website_id, intent_id) VALUES (12, 4);
INSERT INTO website_personas (website_id, persona_id) VALUES (12, 1);
INSERT INTO website_personas (website_id, persona_id) VALUES (12, 2);
INSERT INTO website_personas (website_id, persona_id) VALUES (12, 3);
INSERT INTO websites (id, name, slug, url, short_description, purpose, category_id, click_count, is_active) VALUES (13, 'Tableau AI', 'tableau-ai', 'https://tableau.com', 'Tableau AI is a powerful solution tailored for data & dashboard processes using artificial intelligence.', 'Industry Leader', 6, 0, 1);
INSERT INTO website_intents (website_id, intent_id) VALUES (13, 5);
INSERT INTO website_personas (website_id, persona_id) VALUES (13, 4);
INSERT INTO websites (id, name, slug, url, short_description, purpose, category_id, click_count, is_active) VALUES (14, 'Copy.ai', 'copy-ai', 'https://copy.ai', 'Copy.ai is a powerful solution tailored for marketing & growth processes using artificial intelligence.', 'Industry Leader', 7, 0, 1);
INSERT INTO website_intents (website_id, intent_id) VALUES (14, 6);
INSERT INTO website_intents (website_id, intent_id) VALUES (14, 1);
INSERT INTO website_personas (website_id, persona_id) VALUES (14, 4);
INSERT INTO website_personas (website_id, persona_id) VALUES (14, 5);
INSERT INTO websites (id, name, slug, url, short_description, purpose, category_id, click_count, is_active) VALUES (15, 'Cogniify Pro', 'cogniify-pro-6815', 'https://cogniify-pro-6815.com', 'Enhance your productivity with Cogniify Pro. Perfect for seamless content creation automation.', 'Productivity Engine', 1, 0, 1);
INSERT INTO website_intents (website_id, intent_id) VALUES (15, 6);
INSERT INTO website_personas (website_id, persona_id) VALUES (15, 3);
INSERT INTO websites (id, name, slug, url, short_description, purpose, category_id, click_count, is_active) VALUES (16, 'ProSync', 'prosync-9926', 'https://prosync-9926.com', 'An incredibly advanced AI tool revolutionizing the way you handle content creation. Try ProSync today.', 'Creative Studio', 1, 0, 1);
INSERT INTO website_intents (website_id, intent_id) VALUES (16, 3);
INSERT INTO website_intents (website_id, intent_id) VALUES (16, 1);
INSERT INTO website_personas (website_id, persona_id) VALUES (16, 6);
INSERT INTO website_personas (website_id, persona_id) VALUES (16, 2);
INSERT INTO websites (id, name, slug, url, short_description, purpose, category_id, click_count, is_active) VALUES (17, 'NextAI', 'nextai-3859', 'https://nextai-3859.com', 'An incredibly advanced AI tool revolutionizing the way you handle content creation. Try NextAI today.', 'Productivity Engine', 1, 0, 1);
INSERT INTO website_intents (website_id, intent_id) VALUES (17, 1);
INSERT INTO website_intents (website_id, intent_id) VALUES (17, 6);
INSERT INTO website_personas (website_id, persona_id) VALUES (17, 5);
INSERT INTO websites (id, name, slug, url, short_description, purpose, category_id, click_count, is_active) VALUES (18, 'ZenForge', 'zenforge-4994', 'https://zenforge-4994.com', 'Enhance your productivity with ZenForge. Perfect for seamless content creation automation.', 'Creative Studio', 1, 0, 1);
INSERT INTO website_intents (website_id, intent_id) VALUES (18, 4);
INSERT INTO website_personas (website_id, persona_id) VALUES (18, 3);
INSERT INTO websites (id, name, slug, url, short_description, purpose, category_id, click_count, is_active) VALUES (19, 'ZenSync', 'zensync-200', 'https://zensync-200.com', 'An incredibly advanced AI tool revolutionizing the way you handle content creation. Try ZenSync today.', 'Productivity Engine', 1, 0, 1);
INSERT INTO website_intents (website_id, intent_id) VALUES (19, 3);
INSERT INTO website_intents (website_id, intent_id) VALUES (19, 2);
INSERT INTO website_personas (website_id, persona_id) VALUES (19, 6);
INSERT INTO website_personas (website_id, persona_id) VALUES (19, 5);
INSERT INTO websites (id, name, slug, url, short_description, purpose, category_id, click_count, is_active) VALUES (20, 'NextFlow', 'nextflow-6452', 'https://nextflow-6452.com', 'An incredibly advanced AI tool revolutionizing the way you handle content creation. Try NextFlow today.', 'Creative Studio', 1, 0, 1);
INSERT INTO website_intents (website_id, intent_id) VALUES (20, 3);
INSERT INTO website_personas (website_id, persona_id) VALUES (20, 1);
INSERT INTO website_personas (website_id, persona_id) VALUES (20, 5);
INSERT INTO websites (id, name, slug, url, short_description, purpose, category_id, click_count, is_active) VALUES (21, 'FlowBase Pro', 'flowbase-pro-5855', 'https://flowbase-pro-5855.com', 'Enhance your productivity with FlowBase Pro. Perfect for seamless content creation automation.', 'Productivity Engine', 1, 0, 1);
INSERT INTO website_intents (website_id, intent_id) VALUES (21, 3);
INSERT INTO website_personas (website_id, persona_id) VALUES (21, 4);
INSERT INTO website_personas (website_id, persona_id) VALUES (21, 3);
INSERT INTO websites (id, name, slug, url, short_description, purpose, category_id, click_count, is_active) VALUES (22, 'DeepFlow', 'deepflow-4220', 'https://deepflow-4220.com', 'An incredibly advanced AI tool revolutionizing the way you handle content creation. Try DeepFlow today.', 'Creative Studio', 1, 0, 1);
INSERT INTO website_intents (website_id, intent_id) VALUES (22, 4);
INSERT INTO website_intents (website_id, intent_id) VALUES (22, 5);
INSERT INTO website_personas (website_id, persona_id) VALUES (22, 2);
INSERT INTO website_personas (website_id, persona_id) VALUES (22, 1);
INSERT INTO websites (id, name, slug, url, short_description, purpose, category_id, click_count, is_active) VALUES (23, 'Zenify', 'zenify-2664', 'https://zenify-2664.com', 'An incredibly advanced AI tool revolutionizing the way you handle content creation. Try Zenify today.', 'Productivity Engine', 1, 0, 1);
INSERT INTO website_intents (website_id, intent_id) VALUES (23, 3);
INSERT INTO website_personas (website_id, persona_id) VALUES (23, 4);
INSERT INTO website_personas (website_id, persona_id) VALUES (23, 3);
INSERT INTO websites (id, name, slug, url, short_description, purpose, category_id, click_count, is_active) VALUES (24, 'AutoMind Pro', 'automind-pro-7839', 'https://automind-pro-7839.com', 'Enhance your productivity with AutoMind Pro. Perfect for seamless content creation automation.', 'Creative Studio', 1, 0, 1);
INSERT INTO website_intents (website_id, intent_id) VALUES (24, 6);
INSERT INTO website_intents (website_id, intent_id) VALUES (24, 3);
INSERT INTO website_personas (website_id, persona_id) VALUES (24, 3);
INSERT INTO websites (id, name, slug, url, short_description, purpose, category_id, click_count, is_active) VALUES (25, 'GeniFlow Pro', 'geniflow-pro-5319', 'https://geniflow-pro-5319.com', 'An incredibly advanced AI tool revolutionizing the way you handle content creation. Try GeniFlow Pro today.', 'Productivity Engine', 1, 0, 1);
INSERT INTO website_intents (website_id, intent_id) VALUES (25, 6);
INSERT INTO website_intents (website_id, intent_id) VALUES (25, 1);
INSERT INTO website_personas (website_id, persona_id) VALUES (25, 6);
INSERT INTO websites (id, name, slug, url, short_description, purpose, category_id, click_count, is_active) VALUES (26, 'SmartBot', 'smartbot-6331', 'https://smartbot-6331.com', 'An incredibly advanced AI tool revolutionizing the way you handle content creation. Try SmartBot today.', 'Creative Studio', 1, 0, 1);
INSERT INTO website_intents (website_id, intent_id) VALUES (26, 1);
INSERT INTO website_intents (website_id, intent_id) VALUES (26, 3);
INSERT INTO website_personas (website_id, persona_id) VALUES (26, 5);
INSERT INTO website_personas (website_id, persona_id) VALUES (26, 4);
INSERT INTO websites (id, name, slug, url, short_description, purpose, category_id, click_count, is_active) VALUES (27, 'QuickSync', 'quicksync-6709', 'https://quicksync-6709.com', 'Enhance your productivity with QuickSync. Perfect for seamless content creation automation.', 'Productivity Engine', 1, 0, 1);
INSERT INTO website_intents (website_id, intent_id) VALUES (27, 1);
INSERT INTO website_personas (website_id, persona_id) VALUES (27, 4);
INSERT INTO website_personas (website_id, persona_id) VALUES (27, 6);
INSERT INTO websites (id, name, slug, url, short_description, purpose, category_id, click_count, is_active) VALUES (28, 'AutoSync Pro', 'autosync-pro-5218', 'https://autosync-pro-5218.com', 'An incredibly advanced AI tool revolutionizing the way you handle content creation. Try AutoSync Pro today.', 'Creative Studio', 1, 0, 1);
INSERT INTO website_intents (website_id, intent_id) VALUES (28, 3);
INSERT INTO website_intents (website_id, intent_id) VALUES (28, 6);
INSERT INTO website_personas (website_id, persona_id) VALUES (28, 1);
INSERT INTO website_personas (website_id, persona_id) VALUES (28, 5);
INSERT INTO websites (id, name, slug, url, short_description, purpose, category_id, click_count, is_active) VALUES (29, 'Zenify', 'zenify-1234', 'https://zenify-1234.com', 'An incredibly advanced AI tool revolutionizing the way you handle content creation. Try Zenify today.', 'Productivity Engine', 1, 0, 1);
INSERT INTO website_intents (website_id, intent_id) VALUES (29, 4);
INSERT INTO website_personas (website_id, persona_id) VALUES (29, 4);
INSERT INTO websites (id, name, slug, url, short_description, purpose, category_id, click_count, is_active) VALUES (30, 'Hyperly', 'hyperly-6417', 'https://hyperly-6417.com', 'Enhance your productivity with Hyperly. Perfect for seamless content creation automation.', 'Creative Studio', 1, 0, 1);
INSERT INTO website_intents (website_id, intent_id) VALUES (30, 3);
INSERT INTO website_personas (website_id, persona_id) VALUES (30, 6);
INSERT INTO website_personas (website_id, persona_id) VALUES (30, 5);
INSERT INTO websites (id, name, slug, url, short_description, purpose, category_id, click_count, is_active) VALUES (31, 'NextSync', 'nextsync-7069', 'https://nextsync-7069.com', 'An incredibly advanced AI tool revolutionizing the way you handle content creation. Try NextSync today.', 'Productivity Engine', 1, 0, 1);
INSERT INTO website_intents (website_id, intent_id) VALUES (31, 1);
INSERT INTO website_intents (website_id, intent_id) VALUES (31, 2);
INSERT INTO website_personas (website_id, persona_id) VALUES (31, 3);
INSERT INTO websites (id, name, slug, url, short_description, purpose, category_id, click_count, is_active) VALUES (32, 'NextFlow', 'nextflow-7847', 'https://nextflow-7847.com', 'An incredibly advanced AI tool revolutionizing the way you handle content creation. Try NextFlow today.', 'Creative Studio', 1, 0, 1);
INSERT INTO website_intents (website_id, intent_id) VALUES (32, 1);
INSERT INTO website_intents (website_id, intent_id) VALUES (32, 4);
INSERT INTO website_personas (website_id, persona_id) VALUES (32, 6);
INSERT INTO website_personas (website_id, persona_id) VALUES (32, 4);
INSERT INTO websites (id, name, slug, url, short_description, purpose, category_id, click_count, is_active) VALUES (33, 'Smartly', 'smartly-9783', 'https://smartly-9783.com', 'Enhance your productivity with Smartly. Perfect for seamless content creation automation.', 'Productivity Engine', 1, 0, 1);
INSERT INTO website_intents (website_id, intent_id) VALUES (33, 1);
INSERT INTO website_intents (website_id, intent_id) VALUES (33, 2);
INSERT INTO website_personas (website_id, persona_id) VALUES (33, 1);
INSERT INTO websites (id, name, slug, url, short_description, purpose, category_id, click_count, is_active) VALUES (34, 'VibeSync', 'vibesync-167', 'https://vibesync-167.com', 'An incredibly advanced AI tool revolutionizing the way you handle content creation. Try VibeSync today.', 'Creative Studio', 1, 0, 1);
INSERT INTO website_intents (website_id, intent_id) VALUES (34, 1);
INSERT INTO website_intents (website_id, intent_id) VALUES (34, 6);
INSERT INTO website_personas (website_id, persona_id) VALUES (34, 3);
INSERT INTO website_personas (website_id, persona_id) VALUES (34, 6);
INSERT INTO websites (id, name, slug, url, short_description, purpose, category_id, click_count, is_active) VALUES (35, 'NextGen', 'nextgen-3590', 'https://nextgen-3590.com', 'An incredibly advanced AI tool revolutionizing the way you handle content creation. Try NextGen today.', 'Productivity Engine', 1, 0, 1);
INSERT INTO website_intents (website_id, intent_id) VALUES (35, 2);
INSERT INTO website_intents (website_id, intent_id) VALUES (35, 1);
INSERT INTO website_personas (website_id, persona_id) VALUES (35, 3);
INSERT INTO websites (id, name, slug, url, short_description, purpose, category_id, click_count, is_active) VALUES (36, 'AutoCraft', 'autocraft-2194', 'https://autocraft-2194.com', 'Enhance your productivity with AutoCraft. Perfect for seamless content creation automation.', 'Creative Studio', 1, 0, 1);
INSERT INTO website_intents (website_id, intent_id) VALUES (36, 5);
INSERT INTO website_personas (website_id, persona_id) VALUES (36, 4);
INSERT INTO websites (id, name, slug, url, short_description, purpose, category_id, click_count, is_active) VALUES (37, 'Cognily', 'cognily-9317', 'https://cognily-9317.com', 'An incredibly advanced AI tool revolutionizing the way you handle content creation. Try Cognily today.', 'Productivity Engine', 1, 0, 1);
INSERT INTO website_intents (website_id, intent_id) VALUES (37, 1);
INSERT INTO website_personas (website_id, persona_id) VALUES (37, 5);
INSERT INTO website_personas (website_id, persona_id) VALUES (37, 4);
INSERT INTO websites (id, name, slug, url, short_description, purpose, category_id, click_count, is_active) VALUES (38, 'NextAI', 'nextai-8871', 'https://nextai-8871.com', 'An incredibly advanced AI tool revolutionizing the way you handle content creation. Try NextAI today.', 'Creative Studio', 1, 0, 1);
INSERT INTO website_intents (website_id, intent_id) VALUES (38, 1);
INSERT INTO website_personas (website_id, persona_id) VALUES (38, 1);
INSERT INTO website_personas (website_id, persona_id) VALUES (38, 5);
INSERT INTO websites (id, name, slug, url, short_description, purpose, category_id, click_count, is_active) VALUES (39, 'GeniGen', 'genigen-4711', 'https://genigen-4711.com', 'Enhance your productivity with GeniGen. Perfect for seamless content creation automation.', 'Productivity Engine', 1, 0, 1);
INSERT INTO website_intents (website_id, intent_id) VALUES (39, 1);
INSERT INTO website_intents (website_id, intent_id) VALUES (39, 4);
INSERT INTO website_personas (website_id, persona_id) VALUES (39, 4);
INSERT INTO website_personas (website_id, persona_id) VALUES (39, 2);
INSERT INTO websites (id, name, slug, url, short_description, purpose, category_id, click_count, is_active) VALUES (40, 'CogniFlow', 'cogniflow-751', 'https://cogniflow-751.com', 'An incredibly advanced AI tool revolutionizing the way you handle content creation. Try CogniFlow today.', 'Creative Studio', 1, 0, 1);
INSERT INTO website_intents (website_id, intent_id) VALUES (40, 4);
INSERT INTO website_personas (website_id, persona_id) VALUES (40, 2);
INSERT INTO websites (id, name, slug, url, short_description, purpose, category_id, click_count, is_active) VALUES (41, 'VibeAI', 'vibeai-8635', 'https://vibeai-8635.com', 'An incredibly advanced AI tool revolutionizing the way you handle content creation. Try VibeAI today.', 'Productivity Engine', 1, 0, 1);
INSERT INTO website_intents (website_id, intent_id) VALUES (41, 3);
INSERT INTO website_personas (website_id, persona_id) VALUES (41, 6);
INSERT INTO website_personas (website_id, persona_id) VALUES (41, 3);
INSERT INTO websites (id, name, slug, url, short_description, purpose, category_id, click_count, is_active) VALUES (42, 'Autoly', 'autoly-6261', 'https://autoly-6261.com', 'Enhance your productivity with Autoly. Perfect for seamless content creation automation.', 'Creative Studio', 1, 0, 1);
INSERT INTO website_intents (website_id, intent_id) VALUES (42, 5);
INSERT INTO website_personas (website_id, persona_id) VALUES (42, 6);
INSERT INTO website_personas (website_id, persona_id) VALUES (42, 4);
INSERT INTO websites (id, name, slug, url, short_description, purpose, category_id, click_count, is_active) VALUES (43, 'NextMind', 'nextmind-5588', 'https://nextmind-5588.com', 'An incredibly advanced AI tool revolutionizing the way you handle content creation. Try NextMind today.', 'Productivity Engine', 1, 0, 1);
INSERT INTO website_intents (website_id, intent_id) VALUES (43, 1);
INSERT INTO website_personas (website_id, persona_id) VALUES (43, 3);
INSERT INTO website_personas (website_id, persona_id) VALUES (43, 2);
INSERT INTO websites (id, name, slug, url, short_description, purpose, category_id, click_count, is_active) VALUES (44, 'VibeForge', 'vibeforge-8239', 'https://vibeforge-8239.com', 'An incredibly advanced AI tool revolutionizing the way you handle content creation. Try VibeForge today.', 'Creative Studio', 1, 0, 1);
INSERT INTO website_intents (website_id, intent_id) VALUES (44, 6);
INSERT INTO website_intents (website_id, intent_id) VALUES (44, 2);
INSERT INTO website_personas (website_id, persona_id) VALUES (44, 1);
INSERT INTO website_personas (website_id, persona_id) VALUES (44, 4);
INSERT INTO websites (id, name, slug, url, short_description, purpose, category_id, click_count, is_active) VALUES (45, 'NextCraft', 'nextcraft-8983', 'https://nextcraft-8983.com', 'Enhance your productivity with NextCraft. Perfect for seamless content creation automation.', 'Productivity Engine', 1, 0, 1);
INSERT INTO website_intents (website_id, intent_id) VALUES (45, 2);
INSERT INTO website_intents (website_id, intent_id) VALUES (45, 1);
INSERT INTO website_personas (website_id, persona_id) VALUES (45, 5);
INSERT INTO website_personas (website_id, persona_id) VALUES (45, 4);
INSERT INTO websites (id, name, slug, url, short_description, purpose, category_id, click_count, is_active) VALUES (46, 'CogniAI', 'cogniai-1746', 'https://cogniai-1746.com', 'An incredibly advanced AI tool revolutionizing the way you handle content creation. Try CogniAI today.', 'Creative Studio', 1, 0, 1);
INSERT INTO website_intents (website_id, intent_id) VALUES (46, 4);
INSERT INTO website_intents (website_id, intent_id) VALUES (46, 1);
INSERT INTO website_personas (website_id, persona_id) VALUES (46, 1);
INSERT INTO websites (id, name, slug, url, short_description, purpose, category_id, click_count, is_active) VALUES (47, 'NextBase Pro', 'nextbase-pro-4004', 'https://nextbase-pro-4004.com', 'An incredibly advanced AI tool revolutionizing the way you handle content creation. Try NextBase Pro today.', 'Productivity Engine', 1, 0, 1);
INSERT INTO website_intents (website_id, intent_id) VALUES (47, 1);
INSERT INTO website_intents (website_id, intent_id) VALUES (47, 3);
INSERT INTO website_personas (website_id, persona_id) VALUES (47, 1);
INSERT INTO website_personas (website_id, persona_id) VALUES (47, 4);
INSERT INTO websites (id, name, slug, url, short_description, purpose, category_id, click_count, is_active) VALUES (48, 'NextBot', 'nextbot-7227', 'https://nextbot-7227.com', 'Enhance your productivity with NextBot. Perfect for seamless content creation automation.', 'Creative Studio', 1, 0, 1);
INSERT INTO website_intents (website_id, intent_id) VALUES (48, 5);
INSERT INTO website_personas (website_id, persona_id) VALUES (48, 3);
INSERT INTO websites (id, name, slug, url, short_description, purpose, category_id, click_count, is_active) VALUES (49, 'AutoSync Pro', 'autosync-pro-3503', 'https://autosync-pro-3503.com', 'An incredibly advanced AI tool revolutionizing the way you handle content creation. Try AutoSync Pro today.', 'Productivity Engine', 1, 0, 1);
INSERT INTO website_intents (website_id, intent_id) VALUES (49, 1);
INSERT INTO website_personas (website_id, persona_id) VALUES (49, 6);
INSERT INTO website_personas (website_id, persona_id) VALUES (49, 4);
INSERT INTO websites (id, name, slug, url, short_description, purpose, category_id, click_count, is_active) VALUES (50, 'CogniGen Pro', 'cognigen-pro-1', 'https://cognigen-pro-1.com', 'An incredibly advanced AI tool revolutionizing the way you handle content creation. Try CogniGen Pro today.', 'Creative Studio', 1, 0, 1);
INSERT INTO website_intents (website_id, intent_id) VALUES (50, 4);
INSERT INTO website_intents (website_id, intent_id) VALUES (50, 1);
INSERT INTO website_personas (website_id, persona_id) VALUES (50, 3);
INSERT INTO websites (id, name, slug, url, short_description, purpose, category_id, click_count, is_active) VALUES (51, 'ZenForge', 'zenforge-2476', 'https://zenforge-2476.com', 'Enhance your productivity with ZenForge. Perfect for seamless content creation automation.', 'Productivity Engine', 1, 0, 1);
INSERT INTO website_intents (website_id, intent_id) VALUES (51, 4);
INSERT INTO website_intents (website_id, intent_id) VALUES (51, 5);
INSERT INTO website_personas (website_id, persona_id) VALUES (51, 2);
INSERT INTO websites (id, name, slug, url, short_description, purpose, category_id, click_count, is_active) VALUES (52, 'SyntheAI Pro', 'syntheai-pro-6125', 'https://syntheai-pro-6125.com', 'An incredibly advanced AI tool revolutionizing the way you handle content creation. Try SyntheAI Pro today.', 'Creative Studio', 1, 0, 1);
INSERT INTO website_intents (website_id, intent_id) VALUES (52, 5);
INSERT INTO website_intents (website_id, intent_id) VALUES (52, 6);
INSERT INTO website_personas (website_id, persona_id) VALUES (52, 2);
INSERT INTO website_personas (website_id, persona_id) VALUES (52, 5);
INSERT INTO websites (id, name, slug, url, short_description, purpose, category_id, click_count, is_active) VALUES (53, 'DeepBase', 'deepbase-4850', 'https://deepbase-4850.com', 'An incredibly advanced AI tool revolutionizing the way you handle content creation. Try DeepBase today.', 'Productivity Engine', 1, 0, 1);
INSERT INTO website_intents (website_id, intent_id) VALUES (53, 3);
INSERT INTO website_personas (website_id, persona_id) VALUES (53, 1);
INSERT INTO website_personas (website_id, persona_id) VALUES (53, 4);
INSERT INTO websites (id, name, slug, url, short_description, purpose, category_id, click_count, is_active) VALUES (54, 'HyperSync', 'hypersync-4600', 'https://hypersync-4600.com', 'Enhance your productivity with HyperSync. Perfect for seamless content creation automation.', 'Creative Studio', 1, 0, 1);
INSERT INTO website_intents (website_id, intent_id) VALUES (54, 1);
INSERT INTO website_intents (website_id, intent_id) VALUES (54, 6);
INSERT INTO website_personas (website_id, persona_id) VALUES (54, 4);
INSERT INTO website_personas (website_id, persona_id) VALUES (54, 3);
INSERT INTO websites (id, name, slug, url, short_description, purpose, category_id, click_count, is_active) VALUES (55, 'AutoSync Pro', 'autosync-pro-1662', 'https://autosync-pro-1662.com', 'An incredibly advanced AI tool revolutionizing the way you handle content creation. Try AutoSync Pro today.', 'Productivity Engine', 1, 0, 1);
INSERT INTO website_intents (website_id, intent_id) VALUES (55, 6);
INSERT INTO website_intents (website_id, intent_id) VALUES (55, 1);
INSERT INTO website_personas (website_id, persona_id) VALUES (55, 6);
INSERT INTO websites (id, name, slug, url, short_description, purpose, category_id, click_count, is_active) VALUES (56, 'GeniSync', 'genisync-2464', 'https://genisync-2464.com', 'An incredibly advanced AI tool revolutionizing the way you handle content creation. Try GeniSync today.', 'Creative Studio', 1, 0, 1);
INSERT INTO website_intents (website_id, intent_id) VALUES (56, 6);
INSERT INTO website_intents (website_id, intent_id) VALUES (56, 1);
INSERT INTO website_personas (website_id, persona_id) VALUES (56, 6);
INSERT INTO websites (id, name, slug, url, short_description, purpose, category_id, click_count, is_active) VALUES (57, 'FlowBase', 'flowbase-748', 'https://flowbase-748.com', 'Enhance your productivity with FlowBase. Perfect for seamless content creation automation.', 'Productivity Engine', 1, 0, 1);
INSERT INTO website_intents (website_id, intent_id) VALUES (57, 2);
INSERT INTO website_intents (website_id, intent_id) VALUES (57, 3);
INSERT INTO website_personas (website_id, persona_id) VALUES (57, 1);
INSERT INTO websites (id, name, slug, url, short_description, purpose, category_id, click_count, is_active) VALUES (58, 'Syntheify', 'syntheify-1928', 'https://syntheify-1928.com', 'An incredibly advanced AI tool revolutionizing the way you handle content creation. Try Syntheify today.', 'Creative Studio', 1, 0, 1);
INSERT INTO website_intents (website_id, intent_id) VALUES (58, 5);
INSERT INTO website_personas (website_id, persona_id) VALUES (58, 2);
INSERT INTO websites (id, name, slug, url, short_description, purpose, category_id, click_count, is_active) VALUES (59, 'ZenFlow', 'zenflow-8817', 'https://zenflow-8817.com', 'An incredibly advanced AI tool revolutionizing the way you handle content creation. Try ZenFlow today.', 'Productivity Engine', 1, 0, 1);
INSERT INTO website_intents (website_id, intent_id) VALUES (59, 3);
INSERT INTO website_intents (website_id, intent_id) VALUES (59, 4);
INSERT INTO website_personas (website_id, persona_id) VALUES (59, 2);
INSERT INTO websites (id, name, slug, url, short_description, purpose, category_id, click_count, is_active) VALUES (60, 'Autoify', 'autoify-6590', 'https://autoify-6590.com', 'Enhance your productivity with Autoify. Perfect for seamless content creation automation.', 'Creative Studio', 1, 0, 1);
INSERT INTO website_intents (website_id, intent_id) VALUES (60, 1);
INSERT INTO website_intents (website_id, intent_id) VALUES (60, 2);
INSERT INTO website_personas (website_id, persona_id) VALUES (60, 4);
INSERT INTO websites (id, name, slug, url, short_description, purpose, category_id, click_count, is_active) VALUES (61, 'NextSync Pro', 'nextsync-pro-7536', 'https://nextsync-pro-7536.com', 'An incredibly advanced AI tool revolutionizing the way you handle content creation. Try NextSync Pro today.', 'Productivity Engine', 1, 0, 1);
INSERT INTO website_intents (website_id, intent_id) VALUES (61, 4);
INSERT INTO website_personas (website_id, persona_id) VALUES (61, 3);
INSERT INTO websites (id, name, slug, url, short_description, purpose, category_id, click_count, is_active) VALUES (62, 'Vibeify Pro', 'vibeify-pro-4914', 'https://vibeify-pro-4914.com', 'An incredibly advanced AI tool revolutionizing the way you handle content creation. Try Vibeify Pro today.', 'Creative Studio', 1, 0, 1);
INSERT INTO website_intents (website_id, intent_id) VALUES (62, 6);
INSERT INTO website_intents (website_id, intent_id) VALUES (62, 5);
INSERT INTO website_personas (website_id, persona_id) VALUES (62, 5);
INSERT INTO website_personas (website_id, persona_id) VALUES (62, 4);
INSERT INTO websites (id, name, slug, url, short_description, purpose, category_id, click_count, is_active) VALUES (63, 'FlowMind', 'flowmind-6415', 'https://flowmind-6415.com', 'Enhance your productivity with FlowMind. Perfect for seamless content creation automation.', 'Productivity Engine', 1, 0, 1);
INSERT INTO website_intents (website_id, intent_id) VALUES (63, 1);
INSERT INTO website_personas (website_id, persona_id) VALUES (63, 2);
INSERT INTO website_personas (website_id, persona_id) VALUES (63, 1);
INSERT INTO websites (id, name, slug, url, short_description, purpose, category_id, click_count, is_active) VALUES (64, 'Deeply', 'deeply-7176', 'https://deeply-7176.com', 'An incredibly advanced AI tool revolutionizing the way you handle content creation. Try Deeply today.', 'Creative Studio', 1, 0, 1);
INSERT INTO website_intents (website_id, intent_id) VALUES (64, 1);
INSERT INTO website_personas (website_id, persona_id) VALUES (64, 4);
INSERT INTO websites (id, name, slug, url, short_description, purpose, category_id, click_count, is_active) VALUES (65, 'NextGen', 'nextgen-1776', 'https://nextgen-1776.com', 'An incredibly advanced AI tool revolutionizing the way you handle content creation. Try NextGen today.', 'Productivity Engine', 1, 0, 1);
INSERT INTO website_intents (website_id, intent_id) VALUES (65, 1);
INSERT INTO website_intents (website_id, intent_id) VALUES (65, 3);
INSERT INTO website_personas (website_id, persona_id) VALUES (65, 1);
INSERT INTO websites (id, name, slug, url, short_description, purpose, category_id, click_count, is_active) VALUES (66, 'Cognily', 'cognily-5521', 'https://cognily-5521.com', 'Enhance your productivity with Cognily. Perfect for seamless content creation automation.', 'Creative Studio', 1, 0, 1);
INSERT INTO website_intents (website_id, intent_id) VALUES (66, 6);
INSERT INTO website_intents (website_id, intent_id) VALUES (66, 5);
INSERT INTO website_personas (website_id, persona_id) VALUES (66, 6);
INSERT INTO websites (id, name, slug, url, short_description, purpose, category_id, click_count, is_active) VALUES (67, 'DeepSync', 'deepsync-2554', 'https://deepsync-2554.com', 'An incredibly advanced AI tool revolutionizing the way you handle content creation. Try DeepSync today.', 'Productivity Engine', 1, 0, 1);
INSERT INTO website_intents (website_id, intent_id) VALUES (67, 6);
INSERT INTO website_personas (website_id, persona_id) VALUES (67, 4);
INSERT INTO websites (id, name, slug, url, short_description, purpose, category_id, click_count, is_active) VALUES (68, 'AutoGen Pro', 'autogen-pro-252', 'https://autogen-pro-252.com', 'An incredibly advanced AI tool revolutionizing the way you handle content creation. Try AutoGen Pro today.', 'Creative Studio', 1, 0, 1);
INSERT INTO website_intents (website_id, intent_id) VALUES (68, 1);
INSERT INTO website_intents (website_id, intent_id) VALUES (68, 2);
INSERT INTO website_personas (website_id, persona_id) VALUES (68, 5);
INSERT INTO website_personas (website_id, persona_id) VALUES (68, 4);
INSERT INTO websites (id, name, slug, url, short_description, purpose, category_id, click_count, is_active) VALUES (69, 'VibeAI', 'vibeai-8845', 'https://vibeai-8845.com', 'Enhance your productivity with VibeAI. Perfect for seamless content creation automation.', 'Productivity Engine', 1, 0, 1);
INSERT INTO website_intents (website_id, intent_id) VALUES (69, 1);
INSERT INTO website_intents (website_id, intent_id) VALUES (69, 2);
INSERT INTO website_personas (website_id, persona_id) VALUES (69, 3);
INSERT INTO websites (id, name, slug, url, short_description, purpose, category_id, click_count, is_active) VALUES (70, 'FlowFlow', 'flowflow-5218', 'https://flowflow-5218.com', 'An incredibly advanced AI tool revolutionizing the way you handle content creation. Try FlowFlow today.', 'Creative Studio', 1, 0, 1);
INSERT INTO website_intents (website_id, intent_id) VALUES (70, 3);
INSERT INTO website_intents (website_id, intent_id) VALUES (70, 1);
INSERT INTO website_personas (website_id, persona_id) VALUES (70, 4);
INSERT INTO website_personas (website_id, persona_id) VALUES (70, 1);
INSERT INTO websites (id, name, slug, url, short_description, purpose, category_id, click_count, is_active) VALUES (71, 'NextMind Pro', 'nextmind-pro-4607', 'https://nextmind-pro-4607.com', 'An incredibly advanced AI tool revolutionizing the way you handle content creation. Try NextMind Pro today.', 'Productivity Engine', 1, 0, 1);
INSERT INTO website_intents (website_id, intent_id) VALUES (71, 6);
INSERT INTO website_intents (website_id, intent_id) VALUES (71, 5);
INSERT INTO website_personas (website_id, persona_id) VALUES (71, 5);
INSERT INTO website_personas (website_id, persona_id) VALUES (71, 2);
INSERT INTO websites (id, name, slug, url, short_description, purpose, category_id, click_count, is_active) VALUES (72, 'FlowCraft', 'flowcraft-3135', 'https://flowcraft-3135.com', 'Enhance your productivity with FlowCraft. Perfect for seamless content creation automation.', 'Creative Studio', 1, 0, 1);
INSERT INTO website_intents (website_id, intent_id) VALUES (72, 5);
INSERT INTO website_personas (website_id, persona_id) VALUES (72, 4);
INSERT INTO website_personas (website_id, persona_id) VALUES (72, 3);
INSERT INTO websites (id, name, slug, url, short_description, purpose, category_id, click_count, is_active) VALUES (73, 'Autoly', 'autoly-5161', 'https://autoly-5161.com', 'An incredibly advanced AI tool revolutionizing the way you handle content creation. Try Autoly today.', 'Productivity Engine', 1, 0, 1);
INSERT INTO website_intents (website_id, intent_id) VALUES (73, 2);
INSERT INTO website_intents (website_id, intent_id) VALUES (73, 4);
INSERT INTO website_personas (website_id, persona_id) VALUES (73, 1);
INSERT INTO websites (id, name, slug, url, short_description, purpose, category_id, click_count, is_active) VALUES (74, 'Proify', 'proify-9371', 'https://proify-9371.com', 'An incredibly advanced AI tool revolutionizing the way you handle content creation. Try Proify today.', 'Creative Studio', 1, 0, 1);
INSERT INTO website_intents (website_id, intent_id) VALUES (74, 2);
INSERT INTO website_personas (website_id, persona_id) VALUES (74, 2);
INSERT INTO websites (id, name, slug, url, short_description, purpose, category_id, click_count, is_active) VALUES (75, 'VibeGen Pro', 'vibegen-pro-7481', 'https://vibegen-pro-7481.com', 'Enhance your productivity with VibeGen Pro. Perfect for seamless content creation automation.', 'Productivity Engine', 1, 0, 1);
INSERT INTO website_intents (website_id, intent_id) VALUES (75, 4);
INSERT INTO website_personas (website_id, persona_id) VALUES (75, 1);
INSERT INTO websites (id, name, slug, url, short_description, purpose, category_id, click_count, is_active) VALUES (76, 'AutoForge', 'autoforge-2558', 'https://autoforge-2558.com', 'An incredibly advanced AI tool revolutionizing the way you handle content creation. Try AutoForge today.', 'Creative Studio', 1, 0, 1);
INSERT INTO website_intents (website_id, intent_id) VALUES (76, 1);
INSERT INTO website_intents (website_id, intent_id) VALUES (76, 2);
INSERT INTO website_personas (website_id, persona_id) VALUES (76, 4);
INSERT INTO websites (id, name, slug, url, short_description, purpose, category_id, click_count, is_active) VALUES (77, 'DeepBase', 'deepbase-8903', 'https://deepbase-8903.com', 'An incredibly advanced AI tool revolutionizing the way you handle content creation. Try DeepBase today.', 'Productivity Engine', 1, 0, 1);
INSERT INTO website_intents (website_id, intent_id) VALUES (77, 2);
INSERT INTO website_personas (website_id, persona_id) VALUES (77, 3);
INSERT INTO websites (id, name, slug, url, short_description, purpose, category_id, click_count, is_active) VALUES (78, 'Geniify', 'geniify-3220', 'https://geniify-3220.com', 'Enhance your productivity with Geniify. Perfect for seamless content creation automation.', 'Creative Studio', 1, 0, 1);
INSERT INTO website_intents (website_id, intent_id) VALUES (78, 6);
INSERT INTO website_personas (website_id, persona_id) VALUES (78, 5);
INSERT INTO websites (id, name, slug, url, short_description, purpose, category_id, click_count, is_active) VALUES (79, 'ProSync', 'prosync-9303', 'https://prosync-9303.com', 'An incredibly advanced AI tool revolutionizing the way you handle content creation. Try ProSync today.', 'Productivity Engine', 1, 0, 1);
INSERT INTO website_intents (website_id, intent_id) VALUES (79, 6);
INSERT INTO website_intents (website_id, intent_id) VALUES (79, 5);
INSERT INTO website_personas (website_id, persona_id) VALUES (79, 3);
INSERT INTO websites (id, name, slug, url, short_description, purpose, category_id, click_count, is_active) VALUES (80, 'FlowCraft Pro', 'flowcraft-pro-3065', 'https://flowcraft-pro-3065.com', 'An incredibly advanced AI tool revolutionizing the way you handle content creation. Try FlowCraft Pro today.', 'Creative Studio', 1, 0, 1);
INSERT INTO website_intents (website_id, intent_id) VALUES (80, 1);
INSERT INTO website_intents (website_id, intent_id) VALUES (80, 6);
INSERT INTO website_personas (website_id, persona_id) VALUES (80, 1);
INSERT INTO website_personas (website_id, persona_id) VALUES (80, 2);
INSERT INTO websites (id, name, slug, url, short_description, purpose, category_id, click_count, is_active) VALUES (81, 'Vibeify Pro', 'vibeify-pro-5599', 'https://vibeify-pro-5599.com', 'Enhance your productivity with Vibeify Pro. Perfect for seamless content creation automation.', 'Productivity Engine', 1, 0, 1);
INSERT INTO website_intents (website_id, intent_id) VALUES (81, 1);
INSERT INTO website_intents (website_id, intent_id) VALUES (81, 2);
INSERT INTO website_personas (website_id, persona_id) VALUES (81, 3);
INSERT INTO websites (id, name, slug, url, short_description, purpose, category_id, click_count, is_active) VALUES (82, 'HyperForge', 'hyperforge-4507', 'https://hyperforge-4507.com', 'An incredibly advanced AI tool revolutionizing the way you handle content creation. Try HyperForge today.', 'Creative Studio', 1, 0, 1);
INSERT INTO website_intents (website_id, intent_id) VALUES (82, 2);
INSERT INTO website_personas (website_id, persona_id) VALUES (82, 5);
INSERT INTO website_personas (website_id, persona_id) VALUES (82, 1);
INSERT INTO websites (id, name, slug, url, short_description, purpose, category_id, click_count, is_active) VALUES (83, 'VibeMind', 'vibemind-1022', 'https://vibemind-1022.com', 'An incredibly advanced AI tool revolutionizing the way you handle content creation. Try VibeMind today.', 'Productivity Engine', 1, 0, 1);
INSERT INTO website_intents (website_id, intent_id) VALUES (83, 1);
INSERT INTO website_intents (website_id, intent_id) VALUES (83, 2);
INSERT INTO website_personas (website_id, persona_id) VALUES (83, 4);
INSERT INTO website_personas (website_id, persona_id) VALUES (83, 3);
INSERT INTO websites (id, name, slug, url, short_description, purpose, category_id, click_count, is_active) VALUES (84, 'NextAI Pro', 'nextai-pro-9227', 'https://nextai-pro-9227.com', 'Enhance your productivity with NextAI Pro. Perfect for seamless content creation automation.', 'Creative Studio', 1, 0, 1);
INSERT INTO website_intents (website_id, intent_id) VALUES (84, 5);
INSERT INTO website_intents (website_id, intent_id) VALUES (84, 3);
INSERT INTO website_personas (website_id, persona_id) VALUES (84, 3);
INSERT INTO website_personas (website_id, persona_id) VALUES (84, 6);
INSERT INTO websites (id, name, slug, url, short_description, purpose, category_id, click_count, is_active) VALUES (85, 'AutoForge', 'autoforge-9496', 'https://autoforge-9496.com', 'An incredibly advanced AI tool revolutionizing the way you handle content creation. Try AutoForge today.', 'Productivity Engine', 1, 0, 1);
INSERT INTO website_intents (website_id, intent_id) VALUES (85, 6);
INSERT INTO website_personas (website_id, persona_id) VALUES (85, 4);
INSERT INTO website_personas (website_id, persona_id) VALUES (85, 3);
INSERT INTO websites (id, name, slug, url, short_description, purpose, category_id, click_count, is_active) VALUES (86, 'GeniCraft Pro', 'genicraft-pro-4444', 'https://genicraft-pro-4444.com', 'An incredibly advanced AI tool revolutionizing the way you handle content creation. Try GeniCraft Pro today.', 'Creative Studio', 1, 0, 1);
INSERT INTO website_intents (website_id, intent_id) VALUES (86, 3);
INSERT INTO website_personas (website_id, persona_id) VALUES (86, 5);
INSERT INTO websites (id, name, slug, url, short_description, purpose, category_id, click_count, is_active) VALUES (87, 'SmartForge', 'smartforge-3093', 'https://smartforge-3093.com', 'Enhance your productivity with SmartForge. Perfect for seamless content creation automation.', 'Productivity Engine', 1, 0, 1);
INSERT INTO website_intents (website_id, intent_id) VALUES (87, 4);
INSERT INTO website_personas (website_id, persona_id) VALUES (87, 4);
INSERT INTO website_personas (website_id, persona_id) VALUES (87, 3);
INSERT INTO websites (id, name, slug, url, short_description, purpose, category_id, click_count, is_active) VALUES (88, 'GeniBase', 'genibase-7254', 'https://genibase-7254.com', 'An incredibly advanced AI tool revolutionizing the way you handle content creation. Try GeniBase today.', 'Creative Studio', 1, 0, 1);
INSERT INTO website_intents (website_id, intent_id) VALUES (88, 4);
INSERT INTO website_intents (website_id, intent_id) VALUES (88, 3);
INSERT INTO website_personas (website_id, persona_id) VALUES (88, 1);
INSERT INTO websites (id, name, slug, url, short_description, purpose, category_id, click_count, is_active) VALUES (89, 'Flowify Pro', 'flowify-pro-2766', 'https://flowify-pro-2766.com', 'An incredibly advanced AI tool revolutionizing the way you handle content creation. Try Flowify Pro today.', 'Productivity Engine', 1, 0, 1);
INSERT INTO website_intents (website_id, intent_id) VALUES (89, 2);
INSERT INTO website_intents (website_id, intent_id) VALUES (89, 1);
INSERT INTO website_personas (website_id, persona_id) VALUES (89, 1);
INSERT INTO website_personas (website_id, persona_id) VALUES (89, 2);
INSERT INTO websites (id, name, slug, url, short_description, purpose, category_id, click_count, is_active) VALUES (90, 'CogniAI', 'cogniai-9423', 'https://cogniai-9423.com', 'Enhance your productivity with CogniAI. Perfect for seamless content creation automation.', 'Creative Studio', 1, 0, 1);
INSERT INTO website_intents (website_id, intent_id) VALUES (90, 2);
INSERT INTO website_intents (website_id, intent_id) VALUES (90, 4);
INSERT INTO website_personas (website_id, persona_id) VALUES (90, 1);
INSERT INTO website_personas (website_id, persona_id) VALUES (90, 2);
INSERT INTO websites (id, name, slug, url, short_description, purpose, category_id, click_count, is_active) VALUES (91, 'CogniGen Pro', 'cognigen-pro-3074', 'https://cognigen-pro-3074.com', 'An incredibly advanced AI tool revolutionizing the way you handle content creation. Try CogniGen Pro today.', 'Productivity Engine', 1, 0, 1);
INSERT INTO website_intents (website_id, intent_id) VALUES (91, 4);
INSERT INTO website_personas (website_id, persona_id) VALUES (91, 1);
INSERT INTO website_personas (website_id, persona_id) VALUES (91, 6);
INSERT INTO websites (id, name, slug, url, short_description, purpose, category_id, click_count, is_active) VALUES (92, 'Syntheify', 'syntheify-4468', 'https://syntheify-4468.com', 'An incredibly advanced AI tool revolutionizing the way you handle content creation. Try Syntheify today.', 'Creative Studio', 1, 0, 1);
INSERT INTO website_intents (website_id, intent_id) VALUES (92, 5);
INSERT INTO website_intents (website_id, intent_id) VALUES (92, 4);
INSERT INTO website_personas (website_id, persona_id) VALUES (92, 2);
INSERT INTO websites (id, name, slug, url, short_description, purpose, category_id, click_count, is_active) VALUES (93, 'Nextify Pro', 'nextify-pro-4841', 'https://nextify-pro-4841.com', 'Enhance your productivity with Nextify Pro. Perfect for seamless content creation automation.', 'Productivity Engine', 1, 0, 1);
INSERT INTO website_intents (website_id, intent_id) VALUES (93, 3);
INSERT INTO website_intents (website_id, intent_id) VALUES (93, 4);
INSERT INTO website_personas (website_id, persona_id) VALUES (93, 1);
INSERT INTO websites (id, name, slug, url, short_description, purpose, category_id, click_count, is_active) VALUES (94, 'Deepify', 'deepify-2920', 'https://deepify-2920.com', 'An incredibly advanced AI tool revolutionizing the way you handle content creation. Try Deepify today.', 'Creative Studio', 1, 0, 1);
INSERT INTO website_intents (website_id, intent_id) VALUES (94, 4);
INSERT INTO website_intents (website_id, intent_id) VALUES (94, 2);
INSERT INTO website_personas (website_id, persona_id) VALUES (94, 6);
INSERT INTO website_personas (website_id, persona_id) VALUES (94, 4);
INSERT INTO websites (id, name, slug, url, short_description, purpose, category_id, click_count, is_active) VALUES (95, 'Flowly', 'flowly-8813', 'https://flowly-8813.com', 'An incredibly advanced AI tool revolutionizing the way you handle content creation. Try Flowly today.', 'Productivity Engine', 1, 0, 1);
INSERT INTO website_intents (website_id, intent_id) VALUES (95, 6);
INSERT INTO website_personas (website_id, persona_id) VALUES (95, 2);
INSERT INTO website_personas (website_id, persona_id) VALUES (95, 4);
INSERT INTO websites (id, name, slug, url, short_description, purpose, category_id, click_count, is_active) VALUES (96, 'QuickFlow', 'quickflow-7940', 'https://quickflow-7940.com', 'Enhance your productivity with QuickFlow. Perfect for seamless content creation automation.', 'Creative Studio', 1, 0, 1);
INSERT INTO website_intents (website_id, intent_id) VALUES (96, 1);
INSERT INTO website_personas (website_id, persona_id) VALUES (96, 1);
INSERT INTO website_personas (website_id, persona_id) VALUES (96, 5);
INSERT INTO websites (id, name, slug, url, short_description, purpose, category_id, click_count, is_active) VALUES (97, 'NextBase Pro', 'nextbase-pro-4364', 'https://nextbase-pro-4364.com', 'An incredibly advanced AI tool revolutionizing the way you handle content creation. Try NextBase Pro today.', 'Productivity Engine', 1, 0, 1);
INSERT INTO website_intents (website_id, intent_id) VALUES (97, 3);
INSERT INTO website_personas (website_id, persona_id) VALUES (97, 2);
INSERT INTO website_personas (website_id, persona_id) VALUES (97, 1);
INSERT INTO websites (id, name, slug, url, short_description, purpose, category_id, click_count, is_active) VALUES (98, 'Hyperly', 'hyperly-5291', 'https://hyperly-5291.com', 'An incredibly advanced AI tool revolutionizing the way you handle content creation. Try Hyperly today.', 'Creative Studio', 1, 0, 1);
INSERT INTO website_intents (website_id, intent_id) VALUES (98, 2);
INSERT INTO website_personas (website_id, persona_id) VALUES (98, 6);
INSERT INTO websites (id, name, slug, url, short_description, purpose, category_id, click_count, is_active) VALUES (99, 'GeniBot Pro', 'genibot-pro-9615', 'https://genibot-pro-9615.com', 'Enhance your productivity with GeniBot Pro. Perfect for seamless content creation automation.', 'Productivity Engine', 1, 0, 1);
INSERT INTO website_intents (website_id, intent_id) VALUES (99, 4);
INSERT INTO website_intents (website_id, intent_id) VALUES (99, 1);
INSERT INTO website_personas (website_id, persona_id) VALUES (99, 6);
INSERT INTO websites (id, name, slug, url, short_description, purpose, category_id, click_count, is_active) VALUES (100, 'VibeFlow Pro', 'vibeflow-pro-5305', 'https://vibeflow-pro-5305.com', 'An incredibly advanced AI tool revolutionizing the way you handle content creation. Try VibeFlow Pro today.', 'Creative Studio', 1, 0, 1);
INSERT INTO website_intents (website_id, intent_id) VALUES (100, 1);
INSERT INTO website_intents (website_id, intent_id) VALUES (100, 4);
INSERT INTO website_personas (website_id, persona_id) VALUES (100, 4);
INSERT INTO website_personas (website_id, persona_id) VALUES (100, 3);
INSERT INTO websites (id, name, slug, url, short_description, purpose, category_id, click_count, is_active) VALUES (101, 'NextAI Pro', 'nextai-pro-4456', 'https://nextai-pro-4456.com', 'An incredibly advanced AI tool revolutionizing the way you handle content creation. Try NextAI Pro today.', 'Productivity Engine', 1, 0, 1);
INSERT INTO website_intents (website_id, intent_id) VALUES (101, 4);
INSERT INTO website_personas (website_id, persona_id) VALUES (101, 4);
INSERT INTO website_personas (website_id, persona_id) VALUES (101, 6);
INSERT INTO websites (id, name, slug, url, short_description, purpose, category_id, click_count, is_active) VALUES (102, 'SmartBot', 'smartbot-9226', 'https://smartbot-9226.com', 'Enhance your productivity with SmartBot. Perfect for seamless content creation automation.', 'Creative Studio', 1, 0, 1);
INSERT INTO website_intents (website_id, intent_id) VALUES (102, 1);
INSERT INTO website_personas (website_id, persona_id) VALUES (102, 2);
INSERT INTO website_personas (website_id, persona_id) VALUES (102, 6);
INSERT INTO websites (id, name, slug, url, short_description, purpose, category_id, click_count, is_active) VALUES (103, 'QuickMate', 'quickmate-9045', 'https://quickmate-9045.com', 'An incredibly advanced AI tool revolutionizing the way you handle content creation. Try QuickMate today.', 'Productivity Engine', 1, 0, 1);
INSERT INTO website_intents (website_id, intent_id) VALUES (103, 1);
INSERT INTO website_personas (website_id, persona_id) VALUES (103, 1);
INSERT INTO websites (id, name, slug, url, short_description, purpose, category_id, click_count, is_active) VALUES (104, 'SyntheForge Pro', 'syntheforge-pro-7335', 'https://syntheforge-pro-7335.com', 'An incredibly advanced AI tool revolutionizing the way you handle content creation. Try SyntheForge Pro today.', 'Creative Studio', 1, 0, 1);
INSERT INTO website_intents (website_id, intent_id) VALUES (104, 6);
INSERT INTO website_personas (website_id, persona_id) VALUES (104, 6);
INSERT INTO website_personas (website_id, persona_id) VALUES (104, 1);
INSERT INTO websites (id, name, slug, url, short_description, purpose, category_id, click_count, is_active) VALUES (105, 'FlowAI Pro', 'flowai-pro-7684', 'https://flowai-pro-7684.com', 'Enhance your productivity with FlowAI Pro. Perfect for seamless content creation automation.', 'Productivity Engine', 1, 0, 1);
INSERT INTO website_intents (website_id, intent_id) VALUES (105, 3);
INSERT INTO website_intents (website_id, intent_id) VALUES (105, 6);
INSERT INTO website_personas (website_id, persona_id) VALUES (105, 6);
INSERT INTO website_personas (website_id, persona_id) VALUES (105, 5);
INSERT INTO websites (id, name, slug, url, short_description, purpose, category_id, click_count, is_active) VALUES (106, 'HyperMate', 'hypermate-6143', 'https://hypermate-6143.com', 'An incredibly advanced AI tool revolutionizing the way you handle content creation. Try HyperMate today.', 'Creative Studio', 1, 0, 1);
INSERT INTO website_intents (website_id, intent_id) VALUES (106, 4);
INSERT INTO website_personas (website_id, persona_id) VALUES (106, 1);
INSERT INTO website_personas (website_id, persona_id) VALUES (106, 6);
INSERT INTO websites (id, name, slug, url, short_description, purpose, category_id, click_count, is_active) VALUES (107, 'VibeFlow', 'vibeflow-7707', 'https://vibeflow-7707.com', 'An incredibly advanced AI tool revolutionizing the way you handle content creation. Try VibeFlow today.', 'Productivity Engine', 1, 0, 1);
INSERT INTO website_intents (website_id, intent_id) VALUES (107, 4);
INSERT INTO website_intents (website_id, intent_id) VALUES (107, 1);
INSERT INTO website_personas (website_id, persona_id) VALUES (107, 1);
INSERT INTO website_personas (website_id, persona_id) VALUES (107, 6);
INSERT INTO websites (id, name, slug, url, short_description, purpose, category_id, click_count, is_active) VALUES (108, 'GeniAI', 'geniai-8389', 'https://geniai-8389.com', 'Enhance your productivity with GeniAI. Perfect for seamless content creation automation.', 'Creative Studio', 1, 0, 1);
INSERT INTO website_intents (website_id, intent_id) VALUES (108, 2);
INSERT INTO website_personas (website_id, persona_id) VALUES (108, 1);
INSERT INTO website_personas (website_id, persona_id) VALUES (108, 4);
INSERT INTO websites (id, name, slug, url, short_description, purpose, category_id, click_count, is_active) VALUES (109, 'FlowBase', 'flowbase-594', 'https://flowbase-594.com', 'An incredibly advanced AI tool revolutionizing the way you handle content creation. Try FlowBase today.', 'Productivity Engine', 1, 0, 1);
INSERT INTO website_intents (website_id, intent_id) VALUES (109, 5);
INSERT INTO website_intents (website_id, intent_id) VALUES (109, 4);
INSERT INTO website_personas (website_id, persona_id) VALUES (109, 1);
INSERT INTO websites (id, name, slug, url, short_description, purpose, category_id, click_count, is_active) VALUES (110, 'ZenMate', 'zenmate-6339', 'https://zenmate-6339.com', 'An incredibly advanced AI tool revolutionizing the way you handle content creation. Try ZenMate today.', 'Creative Studio', 1, 0, 1);
INSERT INTO website_intents (website_id, intent_id) VALUES (110, 4);
INSERT INTO website_intents (website_id, intent_id) VALUES (110, 3);
INSERT INTO website_personas (website_id, persona_id) VALUES (110, 4);
INSERT INTO website_personas (website_id, persona_id) VALUES (110, 2);
INSERT INTO websites (id, name, slug, url, short_description, purpose, category_id, click_count, is_active) VALUES (111, 'Smartify', 'smartify-2522', 'https://smartify-2522.com', 'Enhance your productivity with Smartify. Perfect for seamless content creation automation.', 'Productivity Engine', 1, 0, 1);
INSERT INTO website_intents (website_id, intent_id) VALUES (111, 6);
INSERT INTO website_intents (website_id, intent_id) VALUES (111, 4);
INSERT INTO website_personas (website_id, persona_id) VALUES (111, 1);
INSERT INTO website_personas (website_id, persona_id) VALUES (111, 6);
INSERT INTO websites (id, name, slug, url, short_description, purpose, category_id, click_count, is_active) VALUES (112, 'VibeSync Pro', 'vibesync-pro-2005', 'https://vibesync-pro-2005.com', 'An incredibly advanced AI tool revolutionizing the way you handle content creation. Try VibeSync Pro today.', 'Creative Studio', 1, 0, 1);
INSERT INTO website_intents (website_id, intent_id) VALUES (112, 4);
INSERT INTO website_intents (website_id, intent_id) VALUES (112, 1);
INSERT INTO website_personas (website_id, persona_id) VALUES (112, 1);
INSERT INTO website_personas (website_id, persona_id) VALUES (112, 6);
INSERT INTO websites (id, name, slug, url, short_description, purpose, category_id, click_count, is_active) VALUES (113, 'HyperCraft', 'hypercraft-973', 'https://hypercraft-973.com', 'An incredibly advanced AI tool revolutionizing the way you handle content creation. Try HyperCraft today.', 'Productivity Engine', 1, 0, 1);
INSERT INTO website_intents (website_id, intent_id) VALUES (113, 6);
INSERT INTO website_personas (website_id, persona_id) VALUES (113, 6);
INSERT INTO websites (id, name, slug, url, short_description, purpose, category_id, click_count, is_active) VALUES (114, 'Genily', 'genily-4527', 'https://genily-4527.com', 'Enhance your productivity with Genily. Perfect for seamless content creation automation.', 'Creative Studio', 1, 0, 1);
INSERT INTO website_intents (website_id, intent_id) VALUES (114, 5);
INSERT INTO website_intents (website_id, intent_id) VALUES (114, 6);
INSERT INTO website_personas (website_id, persona_id) VALUES (114, 3);
INSERT INTO website_personas (website_id, persona_id) VALUES (114, 2);
INSERT INTO websites (id, name, slug, url, short_description, purpose, category_id, click_count, is_active) VALUES (115, 'Deeply', 'deeply-7334', 'https://deeply-7334.com', 'Enhance your productivity with Deeply. Perfect for seamless video & reels automation.', 'Productivity Engine', 2, 0, 1);
INSERT INTO website_intents (website_id, intent_id) VALUES (115, 5);
INSERT INTO website_personas (website_id, persona_id) VALUES (115, 5);
INSERT INTO websites (id, name, slug, url, short_description, purpose, category_id, click_count, is_active) VALUES (116, 'SyntheFlow Pro', 'syntheflow-pro-1377', 'https://syntheflow-pro-1377.com', 'An incredibly advanced AI tool revolutionizing the way you handle video & reels. Try SyntheFlow Pro today.', 'Creative Studio', 2, 0, 1);
INSERT INTO website_intents (website_id, intent_id) VALUES (116, 4);
INSERT INTO website_intents (website_id, intent_id) VALUES (116, 2);
INSERT INTO website_personas (website_id, persona_id) VALUES (116, 2);
INSERT INTO websites (id, name, slug, url, short_description, purpose, category_id, click_count, is_active) VALUES (117, 'ProForge', 'proforge-5477', 'https://proforge-5477.com', 'An incredibly advanced AI tool revolutionizing the way you handle video & reels. Try ProForge today.', 'Productivity Engine', 2, 0, 1);
INSERT INTO website_intents (website_id, intent_id) VALUES (117, 1);
INSERT INTO website_intents (website_id, intent_id) VALUES (117, 2);
INSERT INTO website_personas (website_id, persona_id) VALUES (117, 4);
INSERT INTO websites (id, name, slug, url, short_description, purpose, category_id, click_count, is_active) VALUES (118, 'FlowFlow', 'flowflow-7282', 'https://flowflow-7282.com', 'Enhance your productivity with FlowFlow. Perfect for seamless video & reels automation.', 'Creative Studio', 2, 0, 1);
INSERT INTO website_intents (website_id, intent_id) VALUES (118, 3);
INSERT INTO website_intents (website_id, intent_id) VALUES (118, 5);
INSERT INTO website_personas (website_id, persona_id) VALUES (118, 2);
INSERT INTO websites (id, name, slug, url, short_description, purpose, category_id, click_count, is_active) VALUES (119, 'HyperMind Pro', 'hypermind-pro-6683', 'https://hypermind-pro-6683.com', 'An incredibly advanced AI tool revolutionizing the way you handle video & reels. Try HyperMind Pro today.', 'Productivity Engine', 2, 0, 1);
INSERT INTO website_intents (website_id, intent_id) VALUES (119, 2);
INSERT INTO website_intents (website_id, intent_id) VALUES (119, 5);
INSERT INTO website_personas (website_id, persona_id) VALUES (119, 4);
INSERT INTO website_personas (website_id, persona_id) VALUES (119, 3);
INSERT INTO websites (id, name, slug, url, short_description, purpose, category_id, click_count, is_active) VALUES (120, 'SyntheMind Pro', 'synthemind-pro-9913', 'https://synthemind-pro-9913.com', 'An incredibly advanced AI tool revolutionizing the way you handle video & reels. Try SyntheMind Pro today.', 'Creative Studio', 2, 0, 1);
INSERT INTO website_intents (website_id, intent_id) VALUES (120, 5);
INSERT INTO website_personas (website_id, persona_id) VALUES (120, 4);
INSERT INTO websites (id, name, slug, url, short_description, purpose, category_id, click_count, is_active) VALUES (121, 'VibeMate', 'vibemate-6205', 'https://vibemate-6205.com', 'Enhance your productivity with VibeMate. Perfect for seamless video & reels automation.', 'Productivity Engine', 2, 0, 1);
INSERT INTO website_intents (website_id, intent_id) VALUES (121, 2);
INSERT INTO website_intents (website_id, intent_id) VALUES (121, 5);
INSERT INTO website_personas (website_id, persona_id) VALUES (121, 2);
INSERT INTO websites (id, name, slug, url, short_description, purpose, category_id, click_count, is_active) VALUES (122, 'SyntheMind Pro', 'synthemind-pro-7152', 'https://synthemind-pro-7152.com', 'An incredibly advanced AI tool revolutionizing the way you handle video & reels. Try SyntheMind Pro today.', 'Creative Studio', 2, 0, 1);
INSERT INTO website_intents (website_id, intent_id) VALUES (122, 6);
INSERT INTO website_intents (website_id, intent_id) VALUES (122, 5);
INSERT INTO website_personas (website_id, persona_id) VALUES (122, 4);
INSERT INTO website_personas (website_id, persona_id) VALUES (122, 1);
INSERT INTO websites (id, name, slug, url, short_description, purpose, category_id, click_count, is_active) VALUES (123, 'SyntheCraft', 'synthecraft-7318', 'https://synthecraft-7318.com', 'An incredibly advanced AI tool revolutionizing the way you handle video & reels. Try SyntheCraft today.', 'Productivity Engine', 2, 0, 1);
INSERT INTO website_intents (website_id, intent_id) VALUES (123, 1);
INSERT INTO website_personas (website_id, persona_id) VALUES (123, 2);
INSERT INTO website_personas (website_id, persona_id) VALUES (123, 4);
INSERT INTO websites (id, name, slug, url, short_description, purpose, category_id, click_count, is_active) VALUES (124, 'SyntheFlow', 'syntheflow-446', 'https://syntheflow-446.com', 'Enhance your productivity with SyntheFlow. Perfect for seamless video & reels automation.', 'Creative Studio', 2, 0, 1);
INSERT INTO website_intents (website_id, intent_id) VALUES (124, 2);
INSERT INTO website_personas (website_id, persona_id) VALUES (124, 6);
INSERT INTO website_personas (website_id, persona_id) VALUES (124, 1);
INSERT INTO websites (id, name, slug, url, short_description, purpose, category_id, click_count, is_active) VALUES (125, 'FlowForge', 'flowforge-49', 'https://flowforge-49.com', 'An incredibly advanced AI tool revolutionizing the way you handle video & reels. Try FlowForge today.', 'Productivity Engine', 2, 0, 1);
INSERT INTO website_intents (website_id, intent_id) VALUES (125, 5);
INSERT INTO website_intents (website_id, intent_id) VALUES (125, 1);
INSERT INTO website_personas (website_id, persona_id) VALUES (125, 3);
INSERT INTO website_personas (website_id, persona_id) VALUES (125, 2);
INSERT INTO websites (id, name, slug, url, short_description, purpose, category_id, click_count, is_active) VALUES (126, 'AutoForge', 'autoforge-9713', 'https://autoforge-9713.com', 'An incredibly advanced AI tool revolutionizing the way you handle video & reels. Try AutoForge today.', 'Creative Studio', 2, 0, 1);
INSERT INTO website_intents (website_id, intent_id) VALUES (126, 3);
INSERT INTO website_intents (website_id, intent_id) VALUES (126, 4);
INSERT INTO website_personas (website_id, persona_id) VALUES (126, 4);
INSERT INTO website_personas (website_id, persona_id) VALUES (126, 3);
INSERT INTO websites (id, name, slug, url, short_description, purpose, category_id, click_count, is_active) VALUES (127, 'ProCraft Pro', 'procraft-pro-3399', 'https://procraft-pro-3399.com', 'Enhance your productivity with ProCraft Pro. Perfect for seamless video & reels automation.', 'Productivity Engine', 2, 0, 1);
INSERT INTO website_intents (website_id, intent_id) VALUES (127, 3);
INSERT INTO website_intents (website_id, intent_id) VALUES (127, 5);
INSERT INTO website_personas (website_id, persona_id) VALUES (127, 3);
INSERT INTO websites (id, name, slug, url, short_description, purpose, category_id, click_count, is_active) VALUES (128, 'ZenGen', 'zengen-3545', 'https://zengen-3545.com', 'An incredibly advanced AI tool revolutionizing the way you handle video & reels. Try ZenGen today.', 'Creative Studio', 2, 0, 1);
INSERT INTO website_intents (website_id, intent_id) VALUES (128, 3);
INSERT INTO website_personas (website_id, persona_id) VALUES (128, 5);
INSERT INTO websites (id, name, slug, url, short_description, purpose, category_id, click_count, is_active) VALUES (129, 'SyntheFlow', 'syntheflow-9127', 'https://syntheflow-9127.com', 'An incredibly advanced AI tool revolutionizing the way you handle video & reels. Try SyntheFlow today.', 'Productivity Engine', 2, 0, 1);
INSERT INTO website_intents (website_id, intent_id) VALUES (129, 5);
INSERT INTO website_personas (website_id, persona_id) VALUES (129, 3);
INSERT INTO websites (id, name, slug, url, short_description, purpose, category_id, click_count, is_active) VALUES (130, 'GeniFlow', 'geniflow-9874', 'https://geniflow-9874.com', 'Enhance your productivity with GeniFlow. Perfect for seamless video & reels automation.', 'Creative Studio', 2, 0, 1);
INSERT INTO website_intents (website_id, intent_id) VALUES (130, 4);
INSERT INTO website_personas (website_id, persona_id) VALUES (130, 3);
INSERT INTO websites (id, name, slug, url, short_description, purpose, category_id, click_count, is_active) VALUES (131, 'HyperMind Pro', 'hypermind-pro-5923', 'https://hypermind-pro-5923.com', 'An incredibly advanced AI tool revolutionizing the way you handle video & reels. Try HyperMind Pro today.', 'Productivity Engine', 2, 0, 1);
INSERT INTO website_intents (website_id, intent_id) VALUES (131, 6);
INSERT INTO website_intents (website_id, intent_id) VALUES (131, 5);
INSERT INTO website_personas (website_id, persona_id) VALUES (131, 3);
INSERT INTO websites (id, name, slug, url, short_description, purpose, category_id, click_count, is_active) VALUES (132, 'Deeply Pro', 'deeply-pro-7190', 'https://deeply-pro-7190.com', 'An incredibly advanced AI tool revolutionizing the way you handle video & reels. Try Deeply Pro today.', 'Creative Studio', 2, 0, 1);
INSERT INTO website_intents (website_id, intent_id) VALUES (132, 2);
INSERT INTO website_personas (website_id, persona_id) VALUES (132, 6);
INSERT INTO website_personas (website_id, persona_id) VALUES (132, 5);
INSERT INTO websites (id, name, slug, url, short_description, purpose, category_id, click_count, is_active) VALUES (133, 'HyperCraft', 'hypercraft-3062', 'https://hypercraft-3062.com', 'Enhance your productivity with HyperCraft. Perfect for seamless video & reels automation.', 'Productivity Engine', 2, 0, 1);
INSERT INTO website_intents (website_id, intent_id) VALUES (133, 4);
INSERT INTO website_intents (website_id, intent_id) VALUES (133, 2);
INSERT INTO website_personas (website_id, persona_id) VALUES (133, 4);
INSERT INTO website_personas (website_id, persona_id) VALUES (133, 1);
INSERT INTO websites (id, name, slug, url, short_description, purpose, category_id, click_count, is_active) VALUES (134, 'FlowGen', 'flowgen-4906', 'https://flowgen-4906.com', 'An incredibly advanced AI tool revolutionizing the way you handle video & reels. Try FlowGen today.', 'Creative Studio', 2, 0, 1);
INSERT INTO website_intents (website_id, intent_id) VALUES (134, 5);
INSERT INTO website_intents (website_id, intent_id) VALUES (134, 3);
INSERT INTO website_personas (website_id, persona_id) VALUES (134, 1);
INSERT INTO website_personas (website_id, persona_id) VALUES (134, 4);
INSERT INTO websites (id, name, slug, url, short_description, purpose, category_id, click_count, is_active) VALUES (135, 'DeepForge', 'deepforge-8441', 'https://deepforge-8441.com', 'An incredibly advanced AI tool revolutionizing the way you handle video & reels. Try DeepForge today.', 'Productivity Engine', 2, 0, 1);
INSERT INTO website_intents (website_id, intent_id) VALUES (135, 2);
INSERT INTO website_personas (website_id, persona_id) VALUES (135, 3);
INSERT INTO websites (id, name, slug, url, short_description, purpose, category_id, click_count, is_active) VALUES (136, 'FlowSync', 'flowsync-6389', 'https://flowsync-6389.com', 'Enhance your productivity with FlowSync. Perfect for seamless video & reels automation.', 'Creative Studio', 2, 0, 1);
INSERT INTO website_intents (website_id, intent_id) VALUES (136, 3);
INSERT INTO website_intents (website_id, intent_id) VALUES (136, 5);
INSERT INTO website_personas (website_id, persona_id) VALUES (136, 4);
INSERT INTO websites (id, name, slug, url, short_description, purpose, category_id, click_count, is_active) VALUES (137, 'CogniMate', 'cognimate-463', 'https://cognimate-463.com', 'An incredibly advanced AI tool revolutionizing the way you handle video & reels. Try CogniMate today.', 'Productivity Engine', 2, 0, 1);
INSERT INTO website_intents (website_id, intent_id) VALUES (137, 3);
INSERT INTO website_intents (website_id, intent_id) VALUES (137, 2);
INSERT INTO website_personas (website_id, persona_id) VALUES (137, 4);
INSERT INTO website_personas (website_id, persona_id) VALUES (137, 3);
INSERT INTO websites (id, name, slug, url, short_description, purpose, category_id, click_count, is_active) VALUES (138, 'FlowSync Pro', 'flowsync-pro-4760', 'https://flowsync-pro-4760.com', 'An incredibly advanced AI tool revolutionizing the way you handle video & reels. Try FlowSync Pro today.', 'Creative Studio', 2, 0, 1);
INSERT INTO website_intents (website_id, intent_id) VALUES (138, 5);
INSERT INTO website_personas (website_id, persona_id) VALUES (138, 1);
INSERT INTO website_personas (website_id, persona_id) VALUES (138, 6);
INSERT INTO websites (id, name, slug, url, short_description, purpose, category_id, click_count, is_active) VALUES (139, 'AutoFlow', 'autoflow-5045', 'https://autoflow-5045.com', 'Enhance your productivity with AutoFlow. Perfect for seamless video & reels automation.', 'Productivity Engine', 2, 0, 1);
INSERT INTO website_intents (website_id, intent_id) VALUES (139, 1);
INSERT INTO website_personas (website_id, persona_id) VALUES (139, 6);
INSERT INTO website_personas (website_id, persona_id) VALUES (139, 2);
INSERT INTO websites (id, name, slug, url, short_description, purpose, category_id, click_count, is_active) VALUES (140, 'AutoCraft Pro', 'autocraft-pro-7653', 'https://autocraft-pro-7653.com', 'An incredibly advanced AI tool revolutionizing the way you handle video & reels. Try AutoCraft Pro today.', 'Creative Studio', 2, 0, 1);
INSERT INTO website_intents (website_id, intent_id) VALUES (140, 4);
INSERT INTO website_personas (website_id, persona_id) VALUES (140, 5);
INSERT INTO website_personas (website_id, persona_id) VALUES (140, 4);
INSERT INTO websites (id, name, slug, url, short_description, purpose, category_id, click_count, is_active) VALUES (141, 'CogniGen Pro', 'cognigen-pro-722', 'https://cognigen-pro-722.com', 'An incredibly advanced AI tool revolutionizing the way you handle video & reels. Try CogniGen Pro today.', 'Productivity Engine', 2, 0, 1);
INSERT INTO website_intents (website_id, intent_id) VALUES (141, 6);
INSERT INTO website_personas (website_id, persona_id) VALUES (141, 1);
INSERT INTO website_personas (website_id, persona_id) VALUES (141, 4);
INSERT INTO websites (id, name, slug, url, short_description, purpose, category_id, click_count, is_active) VALUES (142, 'Smartly', 'smartly-9303', 'https://smartly-9303.com', 'Enhance your productivity with Smartly. Perfect for seamless video & reels automation.', 'Creative Studio', 2, 0, 1);
INSERT INTO website_intents (website_id, intent_id) VALUES (142, 1);
INSERT INTO website_personas (website_id, persona_id) VALUES (142, 6);
INSERT INTO website_personas (website_id, persona_id) VALUES (142, 1);
INSERT INTO websites (id, name, slug, url, short_description, purpose, category_id, click_count, is_active) VALUES (143, 'ZenMind Pro', 'zenmind-pro-9378', 'https://zenmind-pro-9378.com', 'An incredibly advanced AI tool revolutionizing the way you handle video & reels. Try ZenMind Pro today.', 'Productivity Engine', 2, 0, 1);
INSERT INTO website_intents (website_id, intent_id) VALUES (143, 1);
INSERT INTO website_intents (website_id, intent_id) VALUES (143, 2);
INSERT INTO website_personas (website_id, persona_id) VALUES (143, 2);
INSERT INTO website_personas (website_id, persona_id) VALUES (143, 4);
INSERT INTO websites (id, name, slug, url, short_description, purpose, category_id, click_count, is_active) VALUES (144, 'DeepGen', 'deepgen-6639', 'https://deepgen-6639.com', 'An incredibly advanced AI tool revolutionizing the way you handle video & reels. Try DeepGen today.', 'Creative Studio', 2, 0, 1);
INSERT INTO website_intents (website_id, intent_id) VALUES (144, 4);
INSERT INTO website_intents (website_id, intent_id) VALUES (144, 3);
INSERT INTO website_personas (website_id, persona_id) VALUES (144, 6);
INSERT INTO websites (id, name, slug, url, short_description, purpose, category_id, click_count, is_active) VALUES (145, 'SmartMate Pro', 'smartmate-pro-2934', 'https://smartmate-pro-2934.com', 'Enhance your productivity with SmartMate Pro. Perfect for seamless video & reels automation.', 'Productivity Engine', 2, 0, 1);
INSERT INTO website_intents (website_id, intent_id) VALUES (145, 3);
INSERT INTO website_intents (website_id, intent_id) VALUES (145, 2);
INSERT INTO website_personas (website_id, persona_id) VALUES (145, 2);
INSERT INTO websites (id, name, slug, url, short_description, purpose, category_id, click_count, is_active) VALUES (146, 'DeepSync', 'deepsync-9121', 'https://deepsync-9121.com', 'An incredibly advanced AI tool revolutionizing the way you handle video & reels. Try DeepSync today.', 'Creative Studio', 2, 0, 1);
INSERT INTO website_intents (website_id, intent_id) VALUES (146, 6);
INSERT INTO website_intents (website_id, intent_id) VALUES (146, 2);
INSERT INTO website_personas (website_id, persona_id) VALUES (146, 6);
INSERT INTO website_personas (website_id, persona_id) VALUES (146, 5);
INSERT INTO websites (id, name, slug, url, short_description, purpose, category_id, click_count, is_active) VALUES (147, 'ZenCraft', 'zencraft-6661', 'https://zencraft-6661.com', 'An incredibly advanced AI tool revolutionizing the way you handle video & reels. Try ZenCraft today.', 'Productivity Engine', 2, 0, 1);
INSERT INTO website_intents (website_id, intent_id) VALUES (147, 4);
INSERT INTO website_intents (website_id, intent_id) VALUES (147, 6);
INSERT INTO website_personas (website_id, persona_id) VALUES (147, 5);
INSERT INTO website_personas (website_id, persona_id) VALUES (147, 3);
INSERT INTO websites (id, name, slug, url, short_description, purpose, category_id, click_count, is_active) VALUES (148, 'Proly Pro', 'proly-pro-7735', 'https://proly-pro-7735.com', 'Enhance your productivity with Proly Pro. Perfect for seamless video & reels automation.', 'Creative Studio', 2, 0, 1);
INSERT INTO website_intents (website_id, intent_id) VALUES (148, 1);
INSERT INTO website_personas (website_id, persona_id) VALUES (148, 5);
INSERT INTO websites (id, name, slug, url, short_description, purpose, category_id, click_count, is_active) VALUES (149, 'SmartBot', 'smartbot-8437', 'https://smartbot-8437.com', 'An incredibly advanced AI tool revolutionizing the way you handle video & reels. Try SmartBot today.', 'Productivity Engine', 2, 0, 1);
INSERT INTO website_intents (website_id, intent_id) VALUES (149, 1);
INSERT INTO website_personas (website_id, persona_id) VALUES (149, 5);
INSERT INTO websites (id, name, slug, url, short_description, purpose, category_id, click_count, is_active) VALUES (150, 'SyntheMate', 'synthemate-9257', 'https://synthemate-9257.com', 'An incredibly advanced AI tool revolutionizing the way you handle video & reels. Try SyntheMate today.', 'Creative Studio', 2, 0, 1);
INSERT INTO website_intents (website_id, intent_id) VALUES (150, 3);
INSERT INTO website_intents (website_id, intent_id) VALUES (150, 4);
INSERT INTO website_personas (website_id, persona_id) VALUES (150, 5);
INSERT INTO website_personas (website_id, persona_id) VALUES (150, 6);
INSERT INTO websites (id, name, slug, url, short_description, purpose, category_id, click_count, is_active) VALUES (151, 'ProFlow', 'proflow-8857', 'https://proflow-8857.com', 'Enhance your productivity with ProFlow. Perfect for seamless video & reels automation.', 'Productivity Engine', 2, 0, 1);
INSERT INTO website_intents (website_id, intent_id) VALUES (151, 1);
INSERT INTO website_intents (website_id, intent_id) VALUES (151, 6);
INSERT INTO website_personas (website_id, persona_id) VALUES (151, 1);
INSERT INTO websites (id, name, slug, url, short_description, purpose, category_id, click_count, is_active) VALUES (152, 'QuickFlow', 'quickflow-9407', 'https://quickflow-9407.com', 'An incredibly advanced AI tool revolutionizing the way you handle video & reels. Try QuickFlow today.', 'Creative Studio', 2, 0, 1);
INSERT INTO website_intents (website_id, intent_id) VALUES (152, 2);
INSERT INTO website_intents (website_id, intent_id) VALUES (152, 3);
INSERT INTO website_personas (website_id, persona_id) VALUES (152, 1);
INSERT INTO websites (id, name, slug, url, short_description, purpose, category_id, click_count, is_active) VALUES (153, 'VibeMate Pro', 'vibemate-pro-7845', 'https://vibemate-pro-7845.com', 'An incredibly advanced AI tool revolutionizing the way you handle video & reels. Try VibeMate Pro today.', 'Productivity Engine', 2, 0, 1);
INSERT INTO website_intents (website_id, intent_id) VALUES (153, 5);
INSERT INTO website_personas (website_id, persona_id) VALUES (153, 2);
INSERT INTO websites (id, name, slug, url, short_description, purpose, category_id, click_count, is_active) VALUES (154, 'SmartAI Pro', 'smartai-pro-8671', 'https://smartai-pro-8671.com', 'Enhance your productivity with SmartAI Pro. Perfect for seamless video & reels automation.', 'Creative Studio', 2, 0, 1);
INSERT INTO website_intents (website_id, intent_id) VALUES (154, 4);
INSERT INTO website_personas (website_id, persona_id) VALUES (154, 2);
INSERT INTO website_personas (website_id, persona_id) VALUES (154, 4);
INSERT INTO websites (id, name, slug, url, short_description, purpose, category_id, click_count, is_active) VALUES (155, 'AutoBot', 'autobot-8801', 'https://autobot-8801.com', 'An incredibly advanced AI tool revolutionizing the way you handle video & reels. Try AutoBot today.', 'Productivity Engine', 2, 0, 1);
INSERT INTO website_intents (website_id, intent_id) VALUES (155, 1);
INSERT INTO website_intents (website_id, intent_id) VALUES (155, 2);
INSERT INTO website_personas (website_id, persona_id) VALUES (155, 4);
INSERT INTO website_personas (website_id, persona_id) VALUES (155, 3);
INSERT INTO websites (id, name, slug, url, short_description, purpose, category_id, click_count, is_active) VALUES (156, 'FlowMate', 'flowmate-2925', 'https://flowmate-2925.com', 'An incredibly advanced AI tool revolutionizing the way you handle video & reels. Try FlowMate today.', 'Creative Studio', 2, 0, 1);
INSERT INTO website_intents (website_id, intent_id) VALUES (156, 3);
INSERT INTO website_personas (website_id, persona_id) VALUES (156, 1);
INSERT INTO websites (id, name, slug, url, short_description, purpose, category_id, click_count, is_active) VALUES (157, 'CogniMate', 'cognimate-9462', 'https://cognimate-9462.com', 'Enhance your productivity with CogniMate. Perfect for seamless video & reels automation.', 'Productivity Engine', 2, 0, 1);
INSERT INTO website_intents (website_id, intent_id) VALUES (157, 1);
INSERT INTO website_intents (website_id, intent_id) VALUES (157, 6);
INSERT INTO website_personas (website_id, persona_id) VALUES (157, 4);
INSERT INTO website_personas (website_id, persona_id) VALUES (157, 1);
INSERT INTO websites (id, name, slug, url, short_description, purpose, category_id, click_count, is_active) VALUES (158, 'AutoMate', 'automate-9903', 'https://automate-9903.com', 'An incredibly advanced AI tool revolutionizing the way you handle video & reels. Try AutoMate today.', 'Creative Studio', 2, 0, 1);
INSERT INTO website_intents (website_id, intent_id) VALUES (158, 2);
INSERT INTO website_intents (website_id, intent_id) VALUES (158, 5);
INSERT INTO website_personas (website_id, persona_id) VALUES (158, 6);
INSERT INTO websites (id, name, slug, url, short_description, purpose, category_id, click_count, is_active) VALUES (159, 'SyntheBase Pro', 'synthebase-pro-9738', 'https://synthebase-pro-9738.com', 'An incredibly advanced AI tool revolutionizing the way you handle video & reels. Try SyntheBase Pro today.', 'Productivity Engine', 2, 0, 1);
INSERT INTO website_intents (website_id, intent_id) VALUES (159, 4);
INSERT INTO website_intents (website_id, intent_id) VALUES (159, 3);
INSERT INTO website_personas (website_id, persona_id) VALUES (159, 3);
INSERT INTO website_personas (website_id, persona_id) VALUES (159, 2);
INSERT INTO websites (id, name, slug, url, short_description, purpose, category_id, click_count, is_active) VALUES (160, 'Cognily Pro', 'cognily-pro-9269', 'https://cognily-pro-9269.com', 'Enhance your productivity with Cognily Pro. Perfect for seamless video & reels automation.', 'Creative Studio', 2, 0, 1);
INSERT INTO website_intents (website_id, intent_id) VALUES (160, 1);
INSERT INTO website_intents (website_id, intent_id) VALUES (160, 2);
INSERT INTO website_personas (website_id, persona_id) VALUES (160, 3);
INSERT INTO website_personas (website_id, persona_id) VALUES (160, 6);
INSERT INTO websites (id, name, slug, url, short_description, purpose, category_id, click_count, is_active) VALUES (161, 'SyntheBot', 'synthebot-8501', 'https://synthebot-8501.com', 'An incredibly advanced AI tool revolutionizing the way you handle video & reels. Try SyntheBot today.', 'Productivity Engine', 2, 0, 1);
INSERT INTO website_intents (website_id, intent_id) VALUES (161, 1);
INSERT INTO website_intents (website_id, intent_id) VALUES (161, 5);
INSERT INTO website_personas (website_id, persona_id) VALUES (161, 3);
INSERT INTO website_personas (website_id, persona_id) VALUES (161, 2);
INSERT INTO websites (id, name, slug, url, short_description, purpose, category_id, click_count, is_active) VALUES (162, 'Cognily Pro', 'cognily-pro-6110', 'https://cognily-pro-6110.com', 'An incredibly advanced AI tool revolutionizing the way you handle video & reels. Try Cognily Pro today.', 'Creative Studio', 2, 0, 1);
INSERT INTO website_intents (website_id, intent_id) VALUES (162, 1);
INSERT INTO website_intents (website_id, intent_id) VALUES (162, 2);
INSERT INTO website_personas (website_id, persona_id) VALUES (162, 3);
INSERT INTO websites (id, name, slug, url, short_description, purpose, category_id, click_count, is_active) VALUES (163, 'VibeSync Pro', 'vibesync-pro-264', 'https://vibesync-pro-264.com', 'Enhance your productivity with VibeSync Pro. Perfect for seamless video & reels automation.', 'Productivity Engine', 2, 0, 1);
INSERT INTO website_intents (website_id, intent_id) VALUES (163, 5);
INSERT INTO website_personas (website_id, persona_id) VALUES (163, 5);
INSERT INTO website_personas (website_id, persona_id) VALUES (163, 3);
INSERT INTO websites (id, name, slug, url, short_description, purpose, category_id, click_count, is_active) VALUES (164, 'GeniMind', 'genimind-6209', 'https://genimind-6209.com', 'An incredibly advanced AI tool revolutionizing the way you handle video & reels. Try GeniMind today.', 'Creative Studio', 2, 0, 1);
INSERT INTO website_intents (website_id, intent_id) VALUES (164, 2);
INSERT INTO website_personas (website_id, persona_id) VALUES (164, 2);
INSERT INTO websites (id, name, slug, url, short_description, purpose, category_id, click_count, is_active) VALUES (165, 'VibeMind Pro', 'vibemind-pro-5399', 'https://vibemind-pro-5399.com', 'An incredibly advanced AI tool revolutionizing the way you handle video & reels. Try VibeMind Pro today.', 'Productivity Engine', 2, 0, 1);
INSERT INTO website_intents (website_id, intent_id) VALUES (165, 5);
INSERT INTO website_intents (website_id, intent_id) VALUES (165, 1);
INSERT INTO website_personas (website_id, persona_id) VALUES (165, 5);
INSERT INTO website_personas (website_id, persona_id) VALUES (165, 4);
INSERT INTO websites (id, name, slug, url, short_description, purpose, category_id, click_count, is_active) VALUES (166, 'DeepCraft', 'deepcraft-2876', 'https://deepcraft-2876.com', 'Enhance your productivity with DeepCraft. Perfect for seamless video & reels automation.', 'Creative Studio', 2, 0, 1);
INSERT INTO website_intents (website_id, intent_id) VALUES (166, 6);
INSERT INTO website_personas (website_id, persona_id) VALUES (166, 4);
INSERT INTO websites (id, name, slug, url, short_description, purpose, category_id, click_count, is_active) VALUES (167, 'SmartFlow', 'smartflow-7687', 'https://smartflow-7687.com', 'An incredibly advanced AI tool revolutionizing the way you handle video & reels. Try SmartFlow today.', 'Productivity Engine', 2, 0, 1);
INSERT INTO website_intents (website_id, intent_id) VALUES (167, 4);
INSERT INTO website_intents (website_id, intent_id) VALUES (167, 2);
INSERT INTO website_personas (website_id, persona_id) VALUES (167, 1);
INSERT INTO websites (id, name, slug, url, short_description, purpose, category_id, click_count, is_active) VALUES (168, 'Nextly Pro', 'nextly-pro-5819', 'https://nextly-pro-5819.com', 'An incredibly advanced AI tool revolutionizing the way you handle video & reels. Try Nextly Pro today.', 'Creative Studio', 2, 0, 1);
INSERT INTO website_intents (website_id, intent_id) VALUES (168, 6);
INSERT INTO website_personas (website_id, persona_id) VALUES (168, 2);
INSERT INTO website_personas (website_id, persona_id) VALUES (168, 1);
INSERT INTO websites (id, name, slug, url, short_description, purpose, category_id, click_count, is_active) VALUES (169, 'DeepSync', 'deepsync-6307', 'https://deepsync-6307.com', 'Enhance your productivity with DeepSync. Perfect for seamless video & reels automation.', 'Productivity Engine', 2, 0, 1);
INSERT INTO website_intents (website_id, intent_id) VALUES (169, 6);
INSERT INTO website_personas (website_id, persona_id) VALUES (169, 3);
INSERT INTO website_personas (website_id, persona_id) VALUES (169, 4);
INSERT INTO websites (id, name, slug, url, short_description, purpose, category_id, click_count, is_active) VALUES (170, 'GeniCraft', 'genicraft-9689', 'https://genicraft-9689.com', 'An incredibly advanced AI tool revolutionizing the way you handle video & reels. Try GeniCraft today.', 'Creative Studio', 2, 0, 1);
INSERT INTO website_intents (website_id, intent_id) VALUES (170, 1);
INSERT INTO website_intents (website_id, intent_id) VALUES (170, 6);
INSERT INTO website_personas (website_id, persona_id) VALUES (170, 5);
INSERT INTO websites (id, name, slug, url, short_description, purpose, category_id, click_count, is_active) VALUES (171, 'NextBase Pro', 'nextbase-pro-6753', 'https://nextbase-pro-6753.com', 'An incredibly advanced AI tool revolutionizing the way you handle video & reels. Try NextBase Pro today.', 'Productivity Engine', 2, 0, 1);
INSERT INTO website_intents (website_id, intent_id) VALUES (171, 6);
INSERT INTO website_personas (website_id, persona_id) VALUES (171, 1);
INSERT INTO websites (id, name, slug, url, short_description, purpose, category_id, click_count, is_active) VALUES (172, 'ProMate', 'promate-6780', 'https://promate-6780.com', 'Enhance your productivity with ProMate. Perfect for seamless video & reels automation.', 'Creative Studio', 2, 0, 1);
INSERT INTO website_intents (website_id, intent_id) VALUES (172, 5);
INSERT INTO website_intents (website_id, intent_id) VALUES (172, 6);
INSERT INTO website_personas (website_id, persona_id) VALUES (172, 4);
INSERT INTO websites (id, name, slug, url, short_description, purpose, category_id, click_count, is_active) VALUES (173, 'Flowify Pro', 'flowify-pro-486', 'https://flowify-pro-486.com', 'An incredibly advanced AI tool revolutionizing the way you handle video & reels. Try Flowify Pro today.', 'Productivity Engine', 2, 0, 1);
INSERT INTO website_intents (website_id, intent_id) VALUES (173, 4);
INSERT INTO website_intents (website_id, intent_id) VALUES (173, 5);
INSERT INTO website_personas (website_id, persona_id) VALUES (173, 2);
INSERT INTO websites (id, name, slug, url, short_description, purpose, category_id, click_count, is_active) VALUES (174, 'GeniGen Pro', 'genigen-pro-4038', 'https://genigen-pro-4038.com', 'An incredibly advanced AI tool revolutionizing the way you handle video & reels. Try GeniGen Pro today.', 'Creative Studio', 2, 0, 1);
INSERT INTO website_intents (website_id, intent_id) VALUES (174, 3);
INSERT INTO website_personas (website_id, persona_id) VALUES (174, 2);
INSERT INTO websites (id, name, slug, url, short_description, purpose, category_id, click_count, is_active) VALUES (175, 'DeepFlow Pro', 'deepflow-pro-4841', 'https://deepflow-pro-4841.com', 'Enhance your productivity with DeepFlow Pro. Perfect for seamless video & reels automation.', 'Productivity Engine', 2, 0, 1);
INSERT INTO website_intents (website_id, intent_id) VALUES (175, 2);
INSERT INTO website_intents (website_id, intent_id) VALUES (175, 4);
INSERT INTO website_personas (website_id, persona_id) VALUES (175, 2);
INSERT INTO website_personas (website_id, persona_id) VALUES (175, 3);
INSERT INTO websites (id, name, slug, url, short_description, purpose, category_id, click_count, is_active) VALUES (176, 'GeniMind', 'genimind-7717', 'https://genimind-7717.com', 'An incredibly advanced AI tool revolutionizing the way you handle video & reels. Try GeniMind today.', 'Creative Studio', 2, 0, 1);
INSERT INTO website_intents (website_id, intent_id) VALUES (176, 2);
INSERT INTO website_personas (website_id, persona_id) VALUES (176, 2);
INSERT INTO websites (id, name, slug, url, short_description, purpose, category_id, click_count, is_active) VALUES (177, 'ZenFlow', 'zenflow-8283', 'https://zenflow-8283.com', 'An incredibly advanced AI tool revolutionizing the way you handle video & reels. Try ZenFlow today.', 'Productivity Engine', 2, 0, 1);
INSERT INTO website_intents (website_id, intent_id) VALUES (177, 2);
INSERT INTO website_personas (website_id, persona_id) VALUES (177, 1);
INSERT INTO website_personas (website_id, persona_id) VALUES (177, 2);
INSERT INTO websites (id, name, slug, url, short_description, purpose, category_id, click_count, is_active) VALUES (178, 'AutoBase', 'autobase-4695', 'https://autobase-4695.com', 'Enhance your productivity with AutoBase. Perfect for seamless video & reels automation.', 'Creative Studio', 2, 0, 1);
INSERT INTO website_intents (website_id, intent_id) VALUES (178, 4);
INSERT INTO website_personas (website_id, persona_id) VALUES (178, 4);
INSERT INTO websites (id, name, slug, url, short_description, purpose, category_id, click_count, is_active) VALUES (179, 'SmartFlow', 'smartflow-6724', 'https://smartflow-6724.com', 'An incredibly advanced AI tool revolutionizing the way you handle video & reels. Try SmartFlow today.', 'Productivity Engine', 2, 0, 1);
INSERT INTO website_intents (website_id, intent_id) VALUES (179, 1);
INSERT INTO website_personas (website_id, persona_id) VALUES (179, 4);
INSERT INTO websites (id, name, slug, url, short_description, purpose, category_id, click_count, is_active) VALUES (180, 'AutoBase Pro', 'autobase-pro-5063', 'https://autobase-pro-5063.com', 'An incredibly advanced AI tool revolutionizing the way you handle video & reels. Try AutoBase Pro today.', 'Creative Studio', 2, 0, 1);
INSERT INTO website_intents (website_id, intent_id) VALUES (180, 1);
INSERT INTO website_personas (website_id, persona_id) VALUES (180, 4);
INSERT INTO website_personas (website_id, persona_id) VALUES (180, 3);
INSERT INTO websites (id, name, slug, url, short_description, purpose, category_id, click_count, is_active) VALUES (181, 'HyperForge', 'hyperforge-4355', 'https://hyperforge-4355.com', 'Enhance your productivity with HyperForge. Perfect for seamless video & reels automation.', 'Productivity Engine', 2, 0, 1);
INSERT INTO website_intents (website_id, intent_id) VALUES (181, 3);
INSERT INTO website_intents (website_id, intent_id) VALUES (181, 6);
INSERT INTO website_personas (website_id, persona_id) VALUES (181, 3);
INSERT INTO websites (id, name, slug, url, short_description, purpose, category_id, click_count, is_active) VALUES (182, 'ProMind Pro', 'promind-pro-9957', 'https://promind-pro-9957.com', 'An incredibly advanced AI tool revolutionizing the way you handle video & reels. Try ProMind Pro today.', 'Creative Studio', 2, 0, 1);
INSERT INTO website_intents (website_id, intent_id) VALUES (182, 6);
INSERT INTO website_intents (website_id, intent_id) VALUES (182, 4);
INSERT INTO website_personas (website_id, persona_id) VALUES (182, 6);
INSERT INTO websites (id, name, slug, url, short_description, purpose, category_id, click_count, is_active) VALUES (183, 'ZenBase Pro', 'zenbase-pro-9835', 'https://zenbase-pro-9835.com', 'An incredibly advanced AI tool revolutionizing the way you handle video & reels. Try ZenBase Pro today.', 'Productivity Engine', 2, 0, 1);
INSERT INTO website_intents (website_id, intent_id) VALUES (183, 5);
INSERT INTO website_personas (website_id, persona_id) VALUES (183, 1);
INSERT INTO website_personas (website_id, persona_id) VALUES (183, 2);
INSERT INTO websites (id, name, slug, url, short_description, purpose, category_id, click_count, is_active) VALUES (184, 'SmartMate', 'smartmate-1552', 'https://smartmate-1552.com', 'Enhance your productivity with SmartMate. Perfect for seamless video & reels automation.', 'Creative Studio', 2, 0, 1);
INSERT INTO website_intents (website_id, intent_id) VALUES (184, 4);
INSERT INTO website_personas (website_id, persona_id) VALUES (184, 1);
INSERT INTO website_personas (website_id, persona_id) VALUES (184, 5);
INSERT INTO websites (id, name, slug, url, short_description, purpose, category_id, click_count, is_active) VALUES (185, 'Geniify', 'geniify-4873', 'https://geniify-4873.com', 'An incredibly advanced AI tool revolutionizing the way you handle video & reels. Try Geniify today.', 'Productivity Engine', 2, 0, 1);
INSERT INTO website_intents (website_id, intent_id) VALUES (185, 4);
INSERT INTO website_intents (website_id, intent_id) VALUES (185, 1);
INSERT INTO website_personas (website_id, persona_id) VALUES (185, 5);
INSERT INTO websites (id, name, slug, url, short_description, purpose, category_id, click_count, is_active) VALUES (186, 'VibeBot', 'vibebot-349', 'https://vibebot-349.com', 'An incredibly advanced AI tool revolutionizing the way you handle video & reels. Try VibeBot today.', 'Creative Studio', 2, 0, 1);
INSERT INTO website_intents (website_id, intent_id) VALUES (186, 3);
INSERT INTO website_personas (website_id, persona_id) VALUES (186, 3);
INSERT INTO website_personas (website_id, persona_id) VALUES (186, 2);
INSERT INTO websites (id, name, slug, url, short_description, purpose, category_id, click_count, is_active) VALUES (187, 'ZenFlow', 'zenflow-7455', 'https://zenflow-7455.com', 'Enhance your productivity with ZenFlow. Perfect for seamless video & reels automation.', 'Productivity Engine', 2, 0, 1);
INSERT INTO website_intents (website_id, intent_id) VALUES (187, 4);
INSERT INTO website_personas (website_id, persona_id) VALUES (187, 1);
INSERT INTO website_personas (website_id, persona_id) VALUES (187, 2);
INSERT INTO websites (id, name, slug, url, short_description, purpose, category_id, click_count, is_active) VALUES (188, 'DeepForge Pro', 'deepforge-pro-2484', 'https://deepforge-pro-2484.com', 'An incredibly advanced AI tool revolutionizing the way you handle video & reels. Try DeepForge Pro today.', 'Creative Studio', 2, 0, 1);
INSERT INTO website_intents (website_id, intent_id) VALUES (188, 1);
INSERT INTO website_intents (website_id, intent_id) VALUES (188, 2);
INSERT INTO website_personas (website_id, persona_id) VALUES (188, 2);
INSERT INTO websites (id, name, slug, url, short_description, purpose, category_id, click_count, is_active) VALUES (189, 'SyntheAI', 'syntheai-9202', 'https://syntheai-9202.com', 'An incredibly advanced AI tool revolutionizing the way you handle video & reels. Try SyntheAI today.', 'Productivity Engine', 2, 0, 1);
INSERT INTO website_intents (website_id, intent_id) VALUES (189, 4);
INSERT INTO website_personas (website_id, persona_id) VALUES (189, 2);
INSERT INTO websites (id, name, slug, url, short_description, purpose, category_id, click_count, is_active) VALUES (190, 'Cogniify', 'cogniify-1096', 'https://cogniify-1096.com', 'Enhance your productivity with Cogniify. Perfect for seamless video & reels automation.', 'Creative Studio', 2, 0, 1);
INSERT INTO website_intents (website_id, intent_id) VALUES (190, 6);
INSERT INTO website_intents (website_id, intent_id) VALUES (190, 2);
INSERT INTO website_personas (website_id, persona_id) VALUES (190, 4);
INSERT INTO websites (id, name, slug, url, short_description, purpose, category_id, click_count, is_active) VALUES (191, 'AutoAI', 'autoai-4305', 'https://autoai-4305.com', 'An incredibly advanced AI tool revolutionizing the way you handle video & reels. Try AutoAI today.', 'Productivity Engine', 2, 0, 1);
INSERT INTO website_intents (website_id, intent_id) VALUES (191, 5);
INSERT INTO website_intents (website_id, intent_id) VALUES (191, 3);
INSERT INTO website_personas (website_id, persona_id) VALUES (191, 2);
INSERT INTO website_personas (website_id, persona_id) VALUES (191, 1);
INSERT INTO websites (id, name, slug, url, short_description, purpose, category_id, click_count, is_active) VALUES (192, 'CogniForge', 'cogniforge-7652', 'https://cogniforge-7652.com', 'An incredibly advanced AI tool revolutionizing the way you handle video & reels. Try CogniForge today.', 'Creative Studio', 2, 0, 1);
INSERT INTO website_intents (website_id, intent_id) VALUES (192, 1);
INSERT INTO website_intents (website_id, intent_id) VALUES (192, 5);
INSERT INTO website_personas (website_id, persona_id) VALUES (192, 1);
INSERT INTO website_personas (website_id, persona_id) VALUES (192, 2);
INSERT INTO websites (id, name, slug, url, short_description, purpose, category_id, click_count, is_active) VALUES (193, 'ZenMate Pro', 'zenmate-pro-361', 'https://zenmate-pro-361.com', 'Enhance your productivity with ZenMate Pro. Perfect for seamless video & reels automation.', 'Productivity Engine', 2, 0, 1);
INSERT INTO website_intents (website_id, intent_id) VALUES (193, 5);
INSERT INTO website_intents (website_id, intent_id) VALUES (193, 3);
INSERT INTO website_personas (website_id, persona_id) VALUES (193, 2);
INSERT INTO website_personas (website_id, persona_id) VALUES (193, 6);
INSERT INTO websites (id, name, slug, url, short_description, purpose, category_id, click_count, is_active) VALUES (194, 'FlowMate', 'flowmate-322', 'https://flowmate-322.com', 'An incredibly advanced AI tool revolutionizing the way you handle video & reels. Try FlowMate today.', 'Creative Studio', 2, 0, 1);
INSERT INTO website_intents (website_id, intent_id) VALUES (194, 3);
INSERT INTO website_intents (website_id, intent_id) VALUES (194, 4);
INSERT INTO website_personas (website_id, persona_id) VALUES (194, 4);
INSERT INTO website_personas (website_id, persona_id) VALUES (194, 1);
INSERT INTO websites (id, name, slug, url, short_description, purpose, category_id, click_count, is_active) VALUES (195, 'Autoly', 'autoly-8484', 'https://autoly-8484.com', 'An incredibly advanced AI tool revolutionizing the way you handle video & reels. Try Autoly today.', 'Productivity Engine', 2, 0, 1);
INSERT INTO website_intents (website_id, intent_id) VALUES (195, 1);
INSERT INTO website_intents (website_id, intent_id) VALUES (195, 2);
INSERT INTO website_personas (website_id, persona_id) VALUES (195, 2);
INSERT INTO website_personas (website_id, persona_id) VALUES (195, 6);
INSERT INTO websites (id, name, slug, url, short_description, purpose, category_id, click_count, is_active) VALUES (196, 'QuickMind', 'quickmind-8050', 'https://quickmind-8050.com', 'Enhance your productivity with QuickMind. Perfect for seamless video & reels automation.', 'Creative Studio', 2, 0, 1);
INSERT INTO website_intents (website_id, intent_id) VALUES (196, 5);
INSERT INTO website_personas (website_id, persona_id) VALUES (196, 3);
INSERT INTO websites (id, name, slug, url, short_description, purpose, category_id, click_count, is_active) VALUES (197, 'AutoFlow', 'autoflow-4362', 'https://autoflow-4362.com', 'An incredibly advanced AI tool revolutionizing the way you handle video & reels. Try AutoFlow today.', 'Productivity Engine', 2, 0, 1);
INSERT INTO website_intents (website_id, intent_id) VALUES (197, 5);
INSERT INTO website_intents (website_id, intent_id) VALUES (197, 6);
INSERT INTO website_personas (website_id, persona_id) VALUES (197, 5);
INSERT INTO website_personas (website_id, persona_id) VALUES (197, 6);
INSERT INTO websites (id, name, slug, url, short_description, purpose, category_id, click_count, is_active) VALUES (198, 'AutoAI Pro', 'autoai-pro-9280', 'https://autoai-pro-9280.com', 'An incredibly advanced AI tool revolutionizing the way you handle video & reels. Try AutoAI Pro today.', 'Creative Studio', 2, 0, 1);
INSERT INTO website_intents (website_id, intent_id) VALUES (198, 4);
INSERT INTO website_intents (website_id, intent_id) VALUES (198, 1);
INSERT INTO website_personas (website_id, persona_id) VALUES (198, 5);
INSERT INTO websites (id, name, slug, url, short_description, purpose, category_id, click_count, is_active) VALUES (199, 'CogniForge', 'cogniforge-6962', 'https://cogniforge-6962.com', 'Enhance your productivity with CogniForge. Perfect for seamless video & reels automation.', 'Productivity Engine', 2, 0, 1);
INSERT INTO website_intents (website_id, intent_id) VALUES (199, 1);
INSERT INTO website_personas (website_id, persona_id) VALUES (199, 4);
INSERT INTO websites (id, name, slug, url, short_description, purpose, category_id, click_count, is_active) VALUES (200, 'DeepSync', 'deepsync-3862', 'https://deepsync-3862.com', 'An incredibly advanced AI tool revolutionizing the way you handle video & reels. Try DeepSync today.', 'Creative Studio', 2, 0, 1);
INSERT INTO website_intents (website_id, intent_id) VALUES (200, 6);
INSERT INTO website_intents (website_id, intent_id) VALUES (200, 5);
INSERT INTO website_personas (website_id, persona_id) VALUES (200, 5);
INSERT INTO websites (id, name, slug, url, short_description, purpose, category_id, click_count, is_active) VALUES (201, 'Vibely', 'vibely-291', 'https://vibely-291.com', 'An incredibly advanced AI tool revolutionizing the way you handle video & reels. Try Vibely today.', 'Productivity Engine', 2, 0, 1);
INSERT INTO website_intents (website_id, intent_id) VALUES (201, 5);
INSERT INTO website_intents (website_id, intent_id) VALUES (201, 2);
INSERT INTO website_personas (website_id, persona_id) VALUES (201, 5);
INSERT INTO websites (id, name, slug, url, short_description, purpose, category_id, click_count, is_active) VALUES (202, 'DeepForge', 'deepforge-7918', 'https://deepforge-7918.com', 'Enhance your productivity with DeepForge. Perfect for seamless video & reels automation.', 'Creative Studio', 2, 0, 1);
INSERT INTO website_intents (website_id, intent_id) VALUES (202, 4);
INSERT INTO website_intents (website_id, intent_id) VALUES (202, 5);
INSERT INTO website_personas (website_id, persona_id) VALUES (202, 2);
INSERT INTO websites (id, name, slug, url, short_description, purpose, category_id, click_count, is_active) VALUES (203, 'Quickify', 'quickify-1018', 'https://quickify-1018.com', 'An incredibly advanced AI tool revolutionizing the way you handle video & reels. Try Quickify today.', 'Productivity Engine', 2, 0, 1);
INSERT INTO website_intents (website_id, intent_id) VALUES (203, 3);
INSERT INTO website_intents (website_id, intent_id) VALUES (203, 1);
INSERT INTO website_personas (website_id, persona_id) VALUES (203, 3);
INSERT INTO website_personas (website_id, persona_id) VALUES (203, 4);
INSERT INTO websites (id, name, slug, url, short_description, purpose, category_id, click_count, is_active) VALUES (204, 'Quickly', 'quickly-6376', 'https://quickly-6376.com', 'An incredibly advanced AI tool revolutionizing the way you handle video & reels. Try Quickly today.', 'Creative Studio', 2, 0, 1);
INSERT INTO website_intents (website_id, intent_id) VALUES (204, 2);
INSERT INTO website_intents (website_id, intent_id) VALUES (204, 3);
INSERT INTO website_personas (website_id, persona_id) VALUES (204, 1);
INSERT INTO websites (id, name, slug, url, short_description, purpose, category_id, click_count, is_active) VALUES (205, 'AutoAI Pro', 'autoai-pro-2033', 'https://autoai-pro-2033.com', 'Enhance your productivity with AutoAI Pro. Perfect for seamless video & reels automation.', 'Productivity Engine', 2, 0, 1);
INSERT INTO website_intents (website_id, intent_id) VALUES (205, 6);
INSERT INTO website_intents (website_id, intent_id) VALUES (205, 3);
INSERT INTO website_personas (website_id, persona_id) VALUES (205, 4);
INSERT INTO websites (id, name, slug, url, short_description, purpose, category_id, click_count, is_active) VALUES (206, 'HyperGen', 'hypergen-241', 'https://hypergen-241.com', 'An incredibly advanced AI tool revolutionizing the way you handle video & reels. Try HyperGen today.', 'Creative Studio', 2, 0, 1);
INSERT INTO website_intents (website_id, intent_id) VALUES (206, 3);
INSERT INTO website_intents (website_id, intent_id) VALUES (206, 6);
INSERT INTO website_personas (website_id, persona_id) VALUES (206, 3);
INSERT INTO website_personas (website_id, persona_id) VALUES (206, 6);
INSERT INTO websites (id, name, slug, url, short_description, purpose, category_id, click_count, is_active) VALUES (207, 'Smartly', 'smartly-5406', 'https://smartly-5406.com', 'An incredibly advanced AI tool revolutionizing the way you handle video & reels. Try Smartly today.', 'Productivity Engine', 2, 0, 1);
INSERT INTO website_intents (website_id, intent_id) VALUES (207, 5);
INSERT INTO website_personas (website_id, persona_id) VALUES (207, 5);
INSERT INTO website_personas (website_id, persona_id) VALUES (207, 2);
INSERT INTO websites (id, name, slug, url, short_description, purpose, category_id, click_count, is_active) VALUES (208, 'QuickMind', 'quickmind-8467', 'https://quickmind-8467.com', 'Enhance your productivity with QuickMind. Perfect for seamless video & reels automation.', 'Creative Studio', 2, 0, 1);
INSERT INTO website_intents (website_id, intent_id) VALUES (208, 4);
INSERT INTO website_intents (website_id, intent_id) VALUES (208, 6);
INSERT INTO website_personas (website_id, persona_id) VALUES (208, 5);
INSERT INTO websites (id, name, slug, url, short_description, purpose, category_id, click_count, is_active) VALUES (209, 'GeniSync', 'genisync-7530', 'https://genisync-7530.com', 'An incredibly advanced AI tool revolutionizing the way you handle video & reels. Try GeniSync today.', 'Productivity Engine', 2, 0, 1);
INSERT INTO website_intents (website_id, intent_id) VALUES (209, 1);
INSERT INTO website_intents (website_id, intent_id) VALUES (209, 6);
INSERT INTO website_personas (website_id, persona_id) VALUES (209, 1);
INSERT INTO websites (id, name, slug, url, short_description, purpose, category_id, click_count, is_active) VALUES (210, 'CogniMind', 'cognimind-5316', 'https://cognimind-5316.com', 'An incredibly advanced AI tool revolutionizing the way you handle video & reels. Try CogniMind today.', 'Creative Studio', 2, 0, 1);
INSERT INTO website_intents (website_id, intent_id) VALUES (210, 1);
INSERT INTO website_personas (website_id, persona_id) VALUES (210, 5);
INSERT INTO website_personas (website_id, persona_id) VALUES (210, 1);
INSERT INTO websites (id, name, slug, url, short_description, purpose, category_id, click_count, is_active) VALUES (211, 'ZenMate', 'zenmate-620', 'https://zenmate-620.com', 'Enhance your productivity with ZenMate. Perfect for seamless video & reels automation.', 'Productivity Engine', 2, 0, 1);
INSERT INTO website_intents (website_id, intent_id) VALUES (211, 5);
INSERT INTO website_personas (website_id, persona_id) VALUES (211, 1);
INSERT INTO website_personas (website_id, persona_id) VALUES (211, 2);
INSERT INTO websites (id, name, slug, url, short_description, purpose, category_id, click_count, is_active) VALUES (212, 'AutoBot Pro', 'autobot-pro-7827', 'https://autobot-pro-7827.com', 'An incredibly advanced AI tool revolutionizing the way you handle video & reels. Try AutoBot Pro today.', 'Creative Studio', 2, 0, 1);
INSERT INTO website_intents (website_id, intent_id) VALUES (212, 1);
INSERT INTO website_intents (website_id, intent_id) VALUES (212, 6);
INSERT INTO website_personas (website_id, persona_id) VALUES (212, 4);
INSERT INTO websites (id, name, slug, url, short_description, purpose, category_id, click_count, is_active) VALUES (213, 'DeepFlow Pro', 'deepflow-pro-7084', 'https://deepflow-pro-7084.com', 'An incredibly advanced AI tool revolutionizing the way you handle video & reels. Try DeepFlow Pro today.', 'Productivity Engine', 2, 0, 1);
INSERT INTO website_intents (website_id, intent_id) VALUES (213, 5);
INSERT INTO website_personas (website_id, persona_id) VALUES (213, 3);
INSERT INTO websites (id, name, slug, url, short_description, purpose, category_id, click_count, is_active) VALUES (214, 'SmartBot Pro', 'smartbot-pro-7271', 'https://smartbot-pro-7271.com', 'Enhance your productivity with SmartBot Pro. Perfect for seamless video & reels automation.', 'Creative Studio', 2, 0, 1);
INSERT INTO website_intents (website_id, intent_id) VALUES (214, 6);
INSERT INTO website_personas (website_id, persona_id) VALUES (214, 1);
INSERT INTO website_personas (website_id, persona_id) VALUES (214, 2);
INSERT INTO websites (id, name, slug, url, short_description, purpose, category_id, click_count, is_active) VALUES (215, 'CogniBot', 'cognibot-1491', 'https://cognibot-1491.com', 'Enhance your productivity with CogniBot. Perfect for seamless visual/design automation.', 'Productivity Engine', 3, 0, 1);
INSERT INTO website_intents (website_id, intent_id) VALUES (215, 5);
INSERT INTO website_intents (website_id, intent_id) VALUES (215, 1);
INSERT INTO website_personas (website_id, persona_id) VALUES (215, 3);
INSERT INTO websites (id, name, slug, url, short_description, purpose, category_id, click_count, is_active) VALUES (216, 'Proify', 'proify-9547', 'https://proify-9547.com', 'An incredibly advanced AI tool revolutionizing the way you handle visual/design. Try Proify today.', 'Creative Studio', 3, 0, 1);
INSERT INTO website_intents (website_id, intent_id) VALUES (216, 4);
INSERT INTO website_intents (website_id, intent_id) VALUES (216, 3);
INSERT INTO website_personas (website_id, persona_id) VALUES (216, 1);
INSERT INTO website_personas (website_id, persona_id) VALUES (216, 6);
INSERT INTO websites (id, name, slug, url, short_description, purpose, category_id, click_count, is_active) VALUES (217, 'FlowForge Pro', 'flowforge-pro-3967', 'https://flowforge-pro-3967.com', 'An incredibly advanced AI tool revolutionizing the way you handle visual/design. Try FlowForge Pro today.', 'Productivity Engine', 3, 0, 1);
INSERT INTO website_intents (website_id, intent_id) VALUES (217, 1);
INSERT INTO website_intents (website_id, intent_id) VALUES (217, 4);
INSERT INTO website_personas (website_id, persona_id) VALUES (217, 4);
INSERT INTO websites (id, name, slug, url, short_description, purpose, category_id, click_count, is_active) VALUES (218, 'ZenGen Pro', 'zengen-pro-1945', 'https://zengen-pro-1945.com', 'Enhance your productivity with ZenGen Pro. Perfect for seamless visual/design automation.', 'Creative Studio', 3, 0, 1);
INSERT INTO website_intents (website_id, intent_id) VALUES (218, 5);
INSERT INTO website_intents (website_id, intent_id) VALUES (218, 4);
INSERT INTO website_personas (website_id, persona_id) VALUES (218, 1);
INSERT INTO websites (id, name, slug, url, short_description, purpose, category_id, click_count, is_active) VALUES (219, 'ProBot', 'probot-5874', 'https://probot-5874.com', 'An incredibly advanced AI tool revolutionizing the way you handle visual/design. Try ProBot today.', 'Productivity Engine', 3, 0, 1);
INSERT INTO website_intents (website_id, intent_id) VALUES (219, 1);
INSERT INTO website_intents (website_id, intent_id) VALUES (219, 2);
INSERT INTO website_personas (website_id, persona_id) VALUES (219, 4);
INSERT INTO websites (id, name, slug, url, short_description, purpose, category_id, click_count, is_active) VALUES (220, 'AutoMate Pro', 'automate-pro-2063', 'https://automate-pro-2063.com', 'An incredibly advanced AI tool revolutionizing the way you handle visual/design. Try AutoMate Pro today.', 'Creative Studio', 3, 0, 1);
INSERT INTO website_intents (website_id, intent_id) VALUES (220, 3);
INSERT INTO website_intents (website_id, intent_id) VALUES (220, 1);
INSERT INTO website_personas (website_id, persona_id) VALUES (220, 6);
INSERT INTO website_personas (website_id, persona_id) VALUES (220, 5);
INSERT INTO websites (id, name, slug, url, short_description, purpose, category_id, click_count, is_active) VALUES (221, 'ZenMind', 'zenmind-3570', 'https://zenmind-3570.com', 'Enhance your productivity with ZenMind. Perfect for seamless visual/design automation.', 'Productivity Engine', 3, 0, 1);
INSERT INTO website_intents (website_id, intent_id) VALUES (221, 4);
INSERT INTO website_personas (website_id, persona_id) VALUES (221, 1);
INSERT INTO website_personas (website_id, persona_id) VALUES (221, 4);
INSERT INTO websites (id, name, slug, url, short_description, purpose, category_id, click_count, is_active) VALUES (222, 'Smartly', 'smartly-251', 'https://smartly-251.com', 'An incredibly advanced AI tool revolutionizing the way you handle visual/design. Try Smartly today.', 'Creative Studio', 3, 0, 1);
INSERT INTO website_intents (website_id, intent_id) VALUES (222, 4);
INSERT INTO website_intents (website_id, intent_id) VALUES (222, 3);
INSERT INTO website_personas (website_id, persona_id) VALUES (222, 1);
INSERT INTO websites (id, name, slug, url, short_description, purpose, category_id, click_count, is_active) VALUES (223, 'SmartCraft Pro', 'smartcraft-pro-7753', 'https://smartcraft-pro-7753.com', 'An incredibly advanced AI tool revolutionizing the way you handle visual/design. Try SmartCraft Pro today.', 'Productivity Engine', 3, 0, 1);
INSERT INTO website_intents (website_id, intent_id) VALUES (223, 5);
INSERT INTO website_personas (website_id, persona_id) VALUES (223, 1);
INSERT INTO websites (id, name, slug, url, short_description, purpose, category_id, click_count, is_active) VALUES (224, 'ZenBase', 'zenbase-6796', 'https://zenbase-6796.com', 'Enhance your productivity with ZenBase. Perfect for seamless visual/design automation.', 'Creative Studio', 3, 0, 1);
INSERT INTO website_intents (website_id, intent_id) VALUES (224, 1);
INSERT INTO website_personas (website_id, persona_id) VALUES (224, 1);
INSERT INTO website_personas (website_id, persona_id) VALUES (224, 2);
INSERT INTO websites (id, name, slug, url, short_description, purpose, category_id, click_count, is_active) VALUES (225, 'SyntheCraft Pro', 'synthecraft-pro-1909', 'https://synthecraft-pro-1909.com', 'An incredibly advanced AI tool revolutionizing the way you handle visual/design. Try SyntheCraft Pro today.', 'Productivity Engine', 3, 0, 1);
INSERT INTO website_intents (website_id, intent_id) VALUES (225, 5);
INSERT INTO website_intents (website_id, intent_id) VALUES (225, 3);
INSERT INTO website_personas (website_id, persona_id) VALUES (225, 6);
INSERT INTO websites (id, name, slug, url, short_description, purpose, category_id, click_count, is_active) VALUES (226, 'ProSync Pro', 'prosync-pro-1186', 'https://prosync-pro-1186.com', 'An incredibly advanced AI tool revolutionizing the way you handle visual/design. Try ProSync Pro today.', 'Creative Studio', 3, 0, 1);
INSERT INTO website_intents (website_id, intent_id) VALUES (226, 3);
INSERT INTO website_personas (website_id, persona_id) VALUES (226, 3);
INSERT INTO websites (id, name, slug, url, short_description, purpose, category_id, click_count, is_active) VALUES (227, 'ProFlow Pro', 'proflow-pro-4859', 'https://proflow-pro-4859.com', 'Enhance your productivity with ProFlow Pro. Perfect for seamless visual/design automation.', 'Productivity Engine', 3, 0, 1);
INSERT INTO website_intents (website_id, intent_id) VALUES (227, 6);
INSERT INTO website_intents (website_id, intent_id) VALUES (227, 4);
INSERT INTO website_personas (website_id, persona_id) VALUES (227, 1);
INSERT INTO websites (id, name, slug, url, short_description, purpose, category_id, click_count, is_active) VALUES (228, 'GeniFlow Pro', 'geniflow-pro-3027', 'https://geniflow-pro-3027.com', 'An incredibly advanced AI tool revolutionizing the way you handle visual/design. Try GeniFlow Pro today.', 'Creative Studio', 3, 0, 1);
INSERT INTO website_intents (website_id, intent_id) VALUES (228, 2);
INSERT INTO website_personas (website_id, persona_id) VALUES (228, 6);
INSERT INTO website_personas (website_id, persona_id) VALUES (228, 5);
INSERT INTO websites (id, name, slug, url, short_description, purpose, category_id, click_count, is_active) VALUES (229, 'AutoMind', 'automind-3848', 'https://automind-3848.com', 'An incredibly advanced AI tool revolutionizing the way you handle visual/design. Try AutoMind today.', 'Productivity Engine', 3, 0, 1);
INSERT INTO website_intents (website_id, intent_id) VALUES (229, 5);
INSERT INTO website_intents (website_id, intent_id) VALUES (229, 1);
INSERT INTO website_personas (website_id, persona_id) VALUES (229, 6);
INSERT INTO website_personas (website_id, persona_id) VALUES (229, 1);
INSERT INTO websites (id, name, slug, url, short_description, purpose, category_id, click_count, is_active) VALUES (230, 'ProForge', 'proforge-1762', 'https://proforge-1762.com', 'Enhance your productivity with ProForge. Perfect for seamless visual/design automation.', 'Creative Studio', 3, 0, 1);
INSERT INTO website_intents (website_id, intent_id) VALUES (230, 6);
INSERT INTO website_personas (website_id, persona_id) VALUES (230, 4);
INSERT INTO websites (id, name, slug, url, short_description, purpose, category_id, click_count, is_active) VALUES (231, 'ProBot', 'probot-7302', 'https://probot-7302.com', 'An incredibly advanced AI tool revolutionizing the way you handle visual/design. Try ProBot today.', 'Productivity Engine', 3, 0, 1);
INSERT INTO website_intents (website_id, intent_id) VALUES (231, 1);
INSERT INTO website_intents (website_id, intent_id) VALUES (231, 2);
INSERT INTO website_personas (website_id, persona_id) VALUES (231, 1);
INSERT INTO website_personas (website_id, persona_id) VALUES (231, 4);
INSERT INTO websites (id, name, slug, url, short_description, purpose, category_id, click_count, is_active) VALUES (232, 'HyperMate', 'hypermate-2390', 'https://hypermate-2390.com', 'An incredibly advanced AI tool revolutionizing the way you handle visual/design. Try HyperMate today.', 'Creative Studio', 3, 0, 1);
INSERT INTO website_intents (website_id, intent_id) VALUES (232, 4);
INSERT INTO website_intents (website_id, intent_id) VALUES (232, 3);
INSERT INTO website_personas (website_id, persona_id) VALUES (232, 4);
INSERT INTO website_personas (website_id, persona_id) VALUES (232, 6);
INSERT INTO websites (id, name, slug, url, short_description, purpose, category_id, click_count, is_active) VALUES (233, 'SmartFlow', 'smartflow-8964', 'https://smartflow-8964.com', 'Enhance your productivity with SmartFlow. Perfect for seamless visual/design automation.', 'Productivity Engine', 3, 0, 1);
INSERT INTO website_intents (website_id, intent_id) VALUES (233, 6);
INSERT INTO website_intents (website_id, intent_id) VALUES (233, 5);
INSERT INTO website_personas (website_id, persona_id) VALUES (233, 6);
INSERT INTO website_personas (website_id, persona_id) VALUES (233, 2);
INSERT INTO websites (id, name, slug, url, short_description, purpose, category_id, click_count, is_active) VALUES (234, 'GeniForge Pro', 'geniforge-pro-8421', 'https://geniforge-pro-8421.com', 'An incredibly advanced AI tool revolutionizing the way you handle visual/design. Try GeniForge Pro today.', 'Creative Studio', 3, 0, 1);
INSERT INTO website_intents (website_id, intent_id) VALUES (234, 6);
INSERT INTO website_intents (website_id, intent_id) VALUES (234, 5);
INSERT INTO website_personas (website_id, persona_id) VALUES (234, 5);
INSERT INTO website_personas (website_id, persona_id) VALUES (234, 2);
INSERT INTO websites (id, name, slug, url, short_description, purpose, category_id, click_count, is_active) VALUES (235, 'CogniFlow', 'cogniflow-3861', 'https://cogniflow-3861.com', 'An incredibly advanced AI tool revolutionizing the way you handle visual/design. Try CogniFlow today.', 'Productivity Engine', 3, 0, 1);
INSERT INTO website_intents (website_id, intent_id) VALUES (235, 1);
INSERT INTO website_personas (website_id, persona_id) VALUES (235, 4);
INSERT INTO websites (id, name, slug, url, short_description, purpose, category_id, click_count, is_active) VALUES (236, 'VibeBase', 'vibebase-6360', 'https://vibebase-6360.com', 'Enhance your productivity with VibeBase. Perfect for seamless visual/design automation.', 'Creative Studio', 3, 0, 1);
INSERT INTO website_intents (website_id, intent_id) VALUES (236, 2);
INSERT INTO website_personas (website_id, persona_id) VALUES (236, 3);
INSERT INTO websites (id, name, slug, url, short_description, purpose, category_id, click_count, is_active) VALUES (237, 'SyntheBot Pro', 'synthebot-pro-9649', 'https://synthebot-pro-9649.com', 'An incredibly advanced AI tool revolutionizing the way you handle visual/design. Try SyntheBot Pro today.', 'Productivity Engine', 3, 0, 1);
INSERT INTO website_intents (website_id, intent_id) VALUES (237, 1);
INSERT INTO website_personas (website_id, persona_id) VALUES (237, 6);
INSERT INTO websites (id, name, slug, url, short_description, purpose, category_id, click_count, is_active) VALUES (238, 'Cogniify', 'cogniify-195', 'https://cogniify-195.com', 'An incredibly advanced AI tool revolutionizing the way you handle visual/design. Try Cogniify today.', 'Creative Studio', 3, 0, 1);
INSERT INTO website_intents (website_id, intent_id) VALUES (238, 6);
INSERT INTO website_intents (website_id, intent_id) VALUES (238, 5);
INSERT INTO website_personas (website_id, persona_id) VALUES (238, 4);
INSERT INTO website_personas (website_id, persona_id) VALUES (238, 6);
INSERT INTO websites (id, name, slug, url, short_description, purpose, category_id, click_count, is_active) VALUES (239, 'ZenMind Pro', 'zenmind-pro-7478', 'https://zenmind-pro-7478.com', 'Enhance your productivity with ZenMind Pro. Perfect for seamless visual/design automation.', 'Productivity Engine', 3, 0, 1);
INSERT INTO website_intents (website_id, intent_id) VALUES (239, 1);
INSERT INTO website_personas (website_id, persona_id) VALUES (239, 1);
INSERT INTO websites (id, name, slug, url, short_description, purpose, category_id, click_count, is_active) VALUES (240, 'CogniFlow', 'cogniflow-9743', 'https://cogniflow-9743.com', 'An incredibly advanced AI tool revolutionizing the way you handle visual/design. Try CogniFlow today.', 'Creative Studio', 3, 0, 1);
INSERT INTO website_intents (website_id, intent_id) VALUES (240, 1);
INSERT INTO website_intents (website_id, intent_id) VALUES (240, 2);
INSERT INTO website_personas (website_id, persona_id) VALUES (240, 1);
INSERT INTO website_personas (website_id, persona_id) VALUES (240, 6);
INSERT INTO websites (id, name, slug, url, short_description, purpose, category_id, click_count, is_active) VALUES (241, 'VibeForge Pro', 'vibeforge-pro-5669', 'https://vibeforge-pro-5669.com', 'An incredibly advanced AI tool revolutionizing the way you handle visual/design. Try VibeForge Pro today.', 'Productivity Engine', 3, 0, 1);
INSERT INTO website_intents (website_id, intent_id) VALUES (241, 6);
INSERT INTO website_intents (website_id, intent_id) VALUES (241, 5);
INSERT INTO website_personas (website_id, persona_id) VALUES (241, 1);
INSERT INTO websites (id, name, slug, url, short_description, purpose, category_id, click_count, is_active) VALUES (242, 'ZenBot Pro', 'zenbot-pro-1536', 'https://zenbot-pro-1536.com', 'Enhance your productivity with ZenBot Pro. Perfect for seamless visual/design automation.', 'Creative Studio', 3, 0, 1);
INSERT INTO website_intents (website_id, intent_id) VALUES (242, 1);
INSERT INTO website_personas (website_id, persona_id) VALUES (242, 4);
INSERT INTO websites (id, name, slug, url, short_description, purpose, category_id, click_count, is_active) VALUES (243, 'Vibeify Pro', 'vibeify-pro-5904', 'https://vibeify-pro-5904.com', 'An incredibly advanced AI tool revolutionizing the way you handle visual/design. Try Vibeify Pro today.', 'Productivity Engine', 3, 0, 1);
INSERT INTO website_intents (website_id, intent_id) VALUES (243, 4);
INSERT INTO website_personas (website_id, persona_id) VALUES (243, 4);
INSERT INTO website_personas (website_id, persona_id) VALUES (243, 1);
INSERT INTO websites (id, name, slug, url, short_description, purpose, category_id, click_count, is_active) VALUES (244, 'GeniMate', 'genimate-7752', 'https://genimate-7752.com', 'An incredibly advanced AI tool revolutionizing the way you handle visual/design. Try GeniMate today.', 'Creative Studio', 3, 0, 1);
INSERT INTO website_intents (website_id, intent_id) VALUES (244, 1);
INSERT INTO website_intents (website_id, intent_id) VALUES (244, 6);
INSERT INTO website_personas (website_id, persona_id) VALUES (244, 1);
INSERT INTO website_personas (website_id, persona_id) VALUES (244, 5);
INSERT INTO websites (id, name, slug, url, short_description, purpose, category_id, click_count, is_active) VALUES (245, 'Deepify Pro', 'deepify-pro-601', 'https://deepify-pro-601.com', 'Enhance your productivity with Deepify Pro. Perfect for seamless visual/design automation.', 'Productivity Engine', 3, 0, 1);
INSERT INTO website_intents (website_id, intent_id) VALUES (245, 2);
INSERT INTO website_intents (website_id, intent_id) VALUES (245, 1);
INSERT INTO website_personas (website_id, persona_id) VALUES (245, 1);
INSERT INTO websites (id, name, slug, url, short_description, purpose, category_id, click_count, is_active) VALUES (246, 'DeepCraft', 'deepcraft-635', 'https://deepcraft-635.com', 'An incredibly advanced AI tool revolutionizing the way you handle visual/design. Try DeepCraft today.', 'Creative Studio', 3, 0, 1);
INSERT INTO website_intents (website_id, intent_id) VALUES (246, 1);
INSERT INTO website_intents (website_id, intent_id) VALUES (246, 5);
INSERT INTO website_personas (website_id, persona_id) VALUES (246, 6);
INSERT INTO websites (id, name, slug, url, short_description, purpose, category_id, click_count, is_active) VALUES (247, 'FlowCraft', 'flowcraft-7403', 'https://flowcraft-7403.com', 'An incredibly advanced AI tool revolutionizing the way you handle visual/design. Try FlowCraft today.', 'Productivity Engine', 3, 0, 1);
INSERT INTO website_intents (website_id, intent_id) VALUES (247, 2);
INSERT INTO website_intents (website_id, intent_id) VALUES (247, 1);
INSERT INTO website_personas (website_id, persona_id) VALUES (247, 3);
INSERT INTO websites (id, name, slug, url, short_description, purpose, category_id, click_count, is_active) VALUES (248, 'ProAI', 'proai-1469', 'https://proai-1469.com', 'Enhance your productivity with ProAI. Perfect for seamless visual/design automation.', 'Creative Studio', 3, 0, 1);
INSERT INTO website_intents (website_id, intent_id) VALUES (248, 5);
INSERT INTO website_personas (website_id, persona_id) VALUES (248, 3);
INSERT INTO website_personas (website_id, persona_id) VALUES (248, 2);
INSERT INTO websites (id, name, slug, url, short_description, purpose, category_id, click_count, is_active) VALUES (249, 'FlowFlow Pro', 'flowflow-pro-9104', 'https://flowflow-pro-9104.com', 'An incredibly advanced AI tool revolutionizing the way you handle visual/design. Try FlowFlow Pro today.', 'Productivity Engine', 3, 0, 1);
INSERT INTO website_intents (website_id, intent_id) VALUES (249, 6);
INSERT INTO website_personas (website_id, persona_id) VALUES (249, 5);
INSERT INTO website_personas (website_id, persona_id) VALUES (249, 4);
INSERT INTO websites (id, name, slug, url, short_description, purpose, category_id, click_count, is_active) VALUES (250, 'ZenSync', 'zensync-3491', 'https://zensync-3491.com', 'An incredibly advanced AI tool revolutionizing the way you handle visual/design. Try ZenSync today.', 'Creative Studio', 3, 0, 1);
INSERT INTO website_intents (website_id, intent_id) VALUES (250, 1);
INSERT INTO website_personas (website_id, persona_id) VALUES (250, 3);
INSERT INTO websites (id, name, slug, url, short_description, purpose, category_id, click_count, is_active) VALUES (251, 'SyntheSync', 'synthesync-3444', 'https://synthesync-3444.com', 'Enhance your productivity with SyntheSync. Perfect for seamless visual/design automation.', 'Productivity Engine', 3, 0, 1);
INSERT INTO website_intents (website_id, intent_id) VALUES (251, 1);
INSERT INTO website_personas (website_id, persona_id) VALUES (251, 2);
INSERT INTO website_personas (website_id, persona_id) VALUES (251, 4);
INSERT INTO websites (id, name, slug, url, short_description, purpose, category_id, click_count, is_active) VALUES (252, 'GeniBot Pro', 'genibot-pro-8224', 'https://genibot-pro-8224.com', 'An incredibly advanced AI tool revolutionizing the way you handle visual/design. Try GeniBot Pro today.', 'Creative Studio', 3, 0, 1);
INSERT INTO website_intents (website_id, intent_id) VALUES (252, 3);
INSERT INTO website_personas (website_id, persona_id) VALUES (252, 1);
INSERT INTO website_personas (website_id, persona_id) VALUES (252, 2);
INSERT INTO websites (id, name, slug, url, short_description, purpose, category_id, click_count, is_active) VALUES (253, 'Geniify', 'geniify-4627', 'https://geniify-4627.com', 'An incredibly advanced AI tool revolutionizing the way you handle visual/design. Try Geniify today.', 'Productivity Engine', 3, 0, 1);
INSERT INTO website_intents (website_id, intent_id) VALUES (253, 6);
INSERT INTO website_intents (website_id, intent_id) VALUES (253, 3);
INSERT INTO website_personas (website_id, persona_id) VALUES (253, 1);
INSERT INTO website_personas (website_id, persona_id) VALUES (253, 2);
INSERT INTO websites (id, name, slug, url, short_description, purpose, category_id, click_count, is_active) VALUES (254, 'ProFlow Pro', 'proflow-pro-8423', 'https://proflow-pro-8423.com', 'Enhance your productivity with ProFlow Pro. Perfect for seamless visual/design automation.', 'Creative Studio', 3, 0, 1);
INSERT INTO website_intents (website_id, intent_id) VALUES (254, 6);
INSERT INTO website_personas (website_id, persona_id) VALUES (254, 6);
INSERT INTO websites (id, name, slug, url, short_description, purpose, category_id, click_count, is_active) VALUES (255, 'HyperMate Pro', 'hypermate-pro-4348', 'https://hypermate-pro-4348.com', 'An incredibly advanced AI tool revolutionizing the way you handle visual/design. Try HyperMate Pro today.', 'Productivity Engine', 3, 0, 1);
INSERT INTO website_intents (website_id, intent_id) VALUES (255, 2);
INSERT INTO website_personas (website_id, persona_id) VALUES (255, 6);
INSERT INTO websites (id, name, slug, url, short_description, purpose, category_id, click_count, is_active) VALUES (256, 'CogniMind', 'cognimind-9138', 'https://cognimind-9138.com', 'An incredibly advanced AI tool revolutionizing the way you handle visual/design. Try CogniMind today.', 'Creative Studio', 3, 0, 1);
INSERT INTO website_intents (website_id, intent_id) VALUES (256, 1);
INSERT INTO website_personas (website_id, persona_id) VALUES (256, 3);
INSERT INTO website_personas (website_id, persona_id) VALUES (256, 2);
INSERT INTO websites (id, name, slug, url, short_description, purpose, category_id, click_count, is_active) VALUES (257, 'Flowly', 'flowly-1634', 'https://flowly-1634.com', 'Enhance your productivity with Flowly. Perfect for seamless visual/design automation.', 'Productivity Engine', 3, 0, 1);
INSERT INTO website_intents (website_id, intent_id) VALUES (257, 4);
INSERT INTO website_personas (website_id, persona_id) VALUES (257, 3);
INSERT INTO websites (id, name, slug, url, short_description, purpose, category_id, click_count, is_active) VALUES (258, 'SyntheFlow Pro', 'syntheflow-pro-9408', 'https://syntheflow-pro-9408.com', 'An incredibly advanced AI tool revolutionizing the way you handle visual/design. Try SyntheFlow Pro today.', 'Creative Studio', 3, 0, 1);
INSERT INTO website_intents (website_id, intent_id) VALUES (258, 3);
INSERT INTO website_personas (website_id, persona_id) VALUES (258, 3);
INSERT INTO website_personas (website_id, persona_id) VALUES (258, 6);
INSERT INTO websites (id, name, slug, url, short_description, purpose, category_id, click_count, is_active) VALUES (259, 'VibeAI', 'vibeai-3621', 'https://vibeai-3621.com', 'An incredibly advanced AI tool revolutionizing the way you handle visual/design. Try VibeAI today.', 'Productivity Engine', 3, 0, 1);
INSERT INTO website_intents (website_id, intent_id) VALUES (259, 1);
INSERT INTO website_intents (website_id, intent_id) VALUES (259, 4);
INSERT INTO website_personas (website_id, persona_id) VALUES (259, 5);
INSERT INTO website_personas (website_id, persona_id) VALUES (259, 4);
INSERT INTO websites (id, name, slug, url, short_description, purpose, category_id, click_count, is_active) VALUES (260, 'FlowGen', 'flowgen-4', 'https://flowgen-4.com', 'Enhance your productivity with FlowGen. Perfect for seamless visual/design automation.', 'Creative Studio', 3, 0, 1);
INSERT INTO website_intents (website_id, intent_id) VALUES (260, 4);
INSERT INTO website_intents (website_id, intent_id) VALUES (260, 3);
INSERT INTO website_personas (website_id, persona_id) VALUES (260, 4);
INSERT INTO website_personas (website_id, persona_id) VALUES (260, 1);
INSERT INTO websites (id, name, slug, url, short_description, purpose, category_id, click_count, is_active) VALUES (261, 'ProSync Pro', 'prosync-pro-5306', 'https://prosync-pro-5306.com', 'An incredibly advanced AI tool revolutionizing the way you handle visual/design. Try ProSync Pro today.', 'Productivity Engine', 3, 0, 1);
INSERT INTO website_intents (website_id, intent_id) VALUES (261, 5);
INSERT INTO website_personas (website_id, persona_id) VALUES (261, 2);
INSERT INTO websites (id, name, slug, url, short_description, purpose, category_id, click_count, is_active) VALUES (262, 'HyperAI', 'hyperai-9870', 'https://hyperai-9870.com', 'An incredibly advanced AI tool revolutionizing the way you handle visual/design. Try HyperAI today.', 'Creative Studio', 3, 0, 1);
INSERT INTO website_intents (website_id, intent_id) VALUES (262, 1);
INSERT INTO website_personas (website_id, persona_id) VALUES (262, 4);
INSERT INTO website_personas (website_id, persona_id) VALUES (262, 5);
INSERT INTO websites (id, name, slug, url, short_description, purpose, category_id, click_count, is_active) VALUES (263, 'GeniMind Pro', 'genimind-pro-5281', 'https://genimind-pro-5281.com', 'Enhance your productivity with GeniMind Pro. Perfect for seamless visual/design automation.', 'Productivity Engine', 3, 0, 1);
INSERT INTO website_intents (website_id, intent_id) VALUES (263, 5);
INSERT INTO website_personas (website_id, persona_id) VALUES (263, 5);
INSERT INTO website_personas (website_id, persona_id) VALUES (263, 2);
INSERT INTO websites (id, name, slug, url, short_description, purpose, category_id, click_count, is_active) VALUES (264, 'Geniify', 'geniify-5231', 'https://geniify-5231.com', 'An incredibly advanced AI tool revolutionizing the way you handle visual/design. Try Geniify today.', 'Creative Studio', 3, 0, 1);
INSERT INTO website_intents (website_id, intent_id) VALUES (264, 1);
INSERT INTO website_intents (website_id, intent_id) VALUES (264, 2);
INSERT INTO website_personas (website_id, persona_id) VALUES (264, 1);
INSERT INTO websites (id, name, slug, url, short_description, purpose, category_id, click_count, is_active) VALUES (265, 'AutoMate', 'automate-1564', 'https://automate-1564.com', 'An incredibly advanced AI tool revolutionizing the way you handle visual/design. Try AutoMate today.', 'Productivity Engine', 3, 0, 1);
INSERT INTO website_intents (website_id, intent_id) VALUES (265, 3);
INSERT INTO website_personas (website_id, persona_id) VALUES (265, 3);
INSERT INTO website_personas (website_id, persona_id) VALUES (265, 2);
INSERT INTO websites (id, name, slug, url, short_description, purpose, category_id, click_count, is_active) VALUES (266, 'CogniFlow', 'cogniflow-9100', 'https://cogniflow-9100.com', 'Enhance your productivity with CogniFlow. Perfect for seamless visual/design automation.', 'Creative Studio', 3, 0, 1);
INSERT INTO website_intents (website_id, intent_id) VALUES (266, 1);
INSERT INTO website_intents (website_id, intent_id) VALUES (266, 4);
INSERT INTO website_personas (website_id, persona_id) VALUES (266, 1);
INSERT INTO websites (id, name, slug, url, short_description, purpose, category_id, click_count, is_active) VALUES (267, 'Quickly Pro', 'quickly-pro-4415', 'https://quickly-pro-4415.com', 'An incredibly advanced AI tool revolutionizing the way you handle visual/design. Try Quickly Pro today.', 'Productivity Engine', 3, 0, 1);
INSERT INTO website_intents (website_id, intent_id) VALUES (267, 5);
INSERT INTO website_personas (website_id, persona_id) VALUES (267, 1);
INSERT INTO website_personas (website_id, persona_id) VALUES (267, 3);
INSERT INTO websites (id, name, slug, url, short_description, purpose, category_id, click_count, is_active) VALUES (268, 'VibeFlow', 'vibeflow-9056', 'https://vibeflow-9056.com', 'An incredibly advanced AI tool revolutionizing the way you handle visual/design. Try VibeFlow today.', 'Creative Studio', 3, 0, 1);
INSERT INTO website_intents (website_id, intent_id) VALUES (268, 4);
INSERT INTO website_personas (website_id, persona_id) VALUES (268, 1);
INSERT INTO website_personas (website_id, persona_id) VALUES (268, 5);
INSERT INTO websites (id, name, slug, url, short_description, purpose, category_id, click_count, is_active) VALUES (269, 'GeniMate Pro', 'genimate-pro-2892', 'https://genimate-pro-2892.com', 'Enhance your productivity with GeniMate Pro. Perfect for seamless visual/design automation.', 'Productivity Engine', 3, 0, 1);
INSERT INTO website_intents (website_id, intent_id) VALUES (269, 6);
INSERT INTO website_personas (website_id, persona_id) VALUES (269, 6);
INSERT INTO website_personas (website_id, persona_id) VALUES (269, 5);
INSERT INTO websites (id, name, slug, url, short_description, purpose, category_id, click_count, is_active) VALUES (270, 'HyperMate', 'hypermate-7849', 'https://hypermate-7849.com', 'An incredibly advanced AI tool revolutionizing the way you handle visual/design. Try HyperMate today.', 'Creative Studio', 3, 0, 1);
INSERT INTO website_intents (website_id, intent_id) VALUES (270, 2);
INSERT INTO website_intents (website_id, intent_id) VALUES (270, 3);
INSERT INTO website_personas (website_id, persona_id) VALUES (270, 6);
INSERT INTO websites (id, name, slug, url, short_description, purpose, category_id, click_count, is_active) VALUES (271, 'AutoCraft', 'autocraft-1338', 'https://autocraft-1338.com', 'An incredibly advanced AI tool revolutionizing the way you handle visual/design. Try AutoCraft today.', 'Productivity Engine', 3, 0, 1);
INSERT INTO website_intents (website_id, intent_id) VALUES (271, 2);
INSERT INTO website_personas (website_id, persona_id) VALUES (271, 3);
INSERT INTO websites (id, name, slug, url, short_description, purpose, category_id, click_count, is_active) VALUES (272, 'DeepBase Pro', 'deepbase-pro-6122', 'https://deepbase-pro-6122.com', 'Enhance your productivity with DeepBase Pro. Perfect for seamless visual/design automation.', 'Creative Studio', 3, 0, 1);
INSERT INTO website_intents (website_id, intent_id) VALUES (272, 4);
INSERT INTO website_intents (website_id, intent_id) VALUES (272, 2);
INSERT INTO website_personas (website_id, persona_id) VALUES (272, 6);
INSERT INTO website_personas (website_id, persona_id) VALUES (272, 1);
INSERT INTO websites (id, name, slug, url, short_description, purpose, category_id, click_count, is_active) VALUES (273, 'GeniMind', 'genimind-5434', 'https://genimind-5434.com', 'An incredibly advanced AI tool revolutionizing the way you handle visual/design. Try GeniMind today.', 'Productivity Engine', 3, 0, 1);
INSERT INTO website_intents (website_id, intent_id) VALUES (273, 6);
INSERT INTO website_intents (website_id, intent_id) VALUES (273, 5);
INSERT INTO website_personas (website_id, persona_id) VALUES (273, 1);
INSERT INTO website_personas (website_id, persona_id) VALUES (273, 5);
INSERT INTO websites (id, name, slug, url, short_description, purpose, category_id, click_count, is_active) VALUES (274, 'NextGen', 'nextgen-8913', 'https://nextgen-8913.com', 'An incredibly advanced AI tool revolutionizing the way you handle visual/design. Try NextGen today.', 'Creative Studio', 3, 0, 1);
INSERT INTO website_intents (website_id, intent_id) VALUES (274, 3);
INSERT INTO website_intents (website_id, intent_id) VALUES (274, 4);
INSERT INTO website_personas (website_id, persona_id) VALUES (274, 6);
INSERT INTO website_personas (website_id, persona_id) VALUES (274, 3);
INSERT INTO websites (id, name, slug, url, short_description, purpose, category_id, click_count, is_active) VALUES (275, 'NextBase', 'nextbase-2840', 'https://nextbase-2840.com', 'Enhance your productivity with NextBase. Perfect for seamless visual/design automation.', 'Productivity Engine', 3, 0, 1);
INSERT INTO website_intents (website_id, intent_id) VALUES (275, 1);
INSERT INTO website_personas (website_id, persona_id) VALUES (275, 1);
INSERT INTO website_personas (website_id, persona_id) VALUES (275, 6);
INSERT INTO websites (id, name, slug, url, short_description, purpose, category_id, click_count, is_active) VALUES (276, 'Deeply Pro', 'deeply-pro-3911', 'https://deeply-pro-3911.com', 'An incredibly advanced AI tool revolutionizing the way you handle visual/design. Try Deeply Pro today.', 'Creative Studio', 3, 0, 1);
INSERT INTO website_intents (website_id, intent_id) VALUES (276, 1);
INSERT INTO website_personas (website_id, persona_id) VALUES (276, 2);
INSERT INTO website_personas (website_id, persona_id) VALUES (276, 5);
INSERT INTO websites (id, name, slug, url, short_description, purpose, category_id, click_count, is_active) VALUES (277, 'SmartBot', 'smartbot-5567', 'https://smartbot-5567.com', 'An incredibly advanced AI tool revolutionizing the way you handle visual/design. Try SmartBot today.', 'Productivity Engine', 3, 0, 1);
INSERT INTO website_intents (website_id, intent_id) VALUES (277, 3);
INSERT INTO website_intents (website_id, intent_id) VALUES (277, 4);
INSERT INTO website_personas (website_id, persona_id) VALUES (277, 1);
INSERT INTO websites (id, name, slug, url, short_description, purpose, category_id, click_count, is_active) VALUES (278, 'ProForge Pro', 'proforge-pro-4247', 'https://proforge-pro-4247.com', 'Enhance your productivity with ProForge Pro. Perfect for seamless visual/design automation.', 'Creative Studio', 3, 0, 1);
INSERT INTO website_intents (website_id, intent_id) VALUES (278, 6);
INSERT INTO website_personas (website_id, persona_id) VALUES (278, 2);
INSERT INTO website_personas (website_id, persona_id) VALUES (278, 6);
INSERT INTO websites (id, name, slug, url, short_description, purpose, category_id, click_count, is_active) VALUES (279, 'HyperMate', 'hypermate-8850', 'https://hypermate-8850.com', 'An incredibly advanced AI tool revolutionizing the way you handle visual/design. Try HyperMate today.', 'Productivity Engine', 3, 0, 1);
INSERT INTO website_intents (website_id, intent_id) VALUES (279, 3);
INSERT INTO website_personas (website_id, persona_id) VALUES (279, 6);
INSERT INTO website_personas (website_id, persona_id) VALUES (279, 5);
INSERT INTO websites (id, name, slug, url, short_description, purpose, category_id, click_count, is_active) VALUES (280, 'ZenForge Pro', 'zenforge-pro-4052', 'https://zenforge-pro-4052.com', 'An incredibly advanced AI tool revolutionizing the way you handle visual/design. Try ZenForge Pro today.', 'Creative Studio', 3, 0, 1);
INSERT INTO website_intents (website_id, intent_id) VALUES (280, 1);
INSERT INTO website_intents (website_id, intent_id) VALUES (280, 6);
INSERT INTO website_personas (website_id, persona_id) VALUES (280, 1);
INSERT INTO websites (id, name, slug, url, short_description, purpose, category_id, click_count, is_active) VALUES (281, 'Nextify', 'nextify-6164', 'https://nextify-6164.com', 'Enhance your productivity with Nextify. Perfect for seamless visual/design automation.', 'Productivity Engine', 3, 0, 1);
INSERT INTO website_intents (website_id, intent_id) VALUES (281, 1);
INSERT INTO website_personas (website_id, persona_id) VALUES (281, 6);
INSERT INTO website_personas (website_id, persona_id) VALUES (281, 2);
INSERT INTO websites (id, name, slug, url, short_description, purpose, category_id, click_count, is_active) VALUES (282, 'Deepify', 'deepify-6429', 'https://deepify-6429.com', 'An incredibly advanced AI tool revolutionizing the way you handle visual/design. Try Deepify today.', 'Creative Studio', 3, 0, 1);
INSERT INTO website_intents (website_id, intent_id) VALUES (282, 3);
INSERT INTO website_intents (website_id, intent_id) VALUES (282, 4);
INSERT INTO website_personas (website_id, persona_id) VALUES (282, 5);
INSERT INTO websites (id, name, slug, url, short_description, purpose, category_id, click_count, is_active) VALUES (283, 'SyntheBot', 'synthebot-4788', 'https://synthebot-4788.com', 'An incredibly advanced AI tool revolutionizing the way you handle visual/design. Try SyntheBot today.', 'Productivity Engine', 3, 0, 1);
INSERT INTO website_intents (website_id, intent_id) VALUES (283, 1);
INSERT INTO website_personas (website_id, persona_id) VALUES (283, 4);
INSERT INTO website_personas (website_id, persona_id) VALUES (283, 3);
INSERT INTO websites (id, name, slug, url, short_description, purpose, category_id, click_count, is_active) VALUES (284, 'AutoBase', 'autobase-4539', 'https://autobase-4539.com', 'Enhance your productivity with AutoBase. Perfect for seamless visual/design automation.', 'Creative Studio', 3, 0, 1);
INSERT INTO website_intents (website_id, intent_id) VALUES (284, 1);
INSERT INTO website_personas (website_id, persona_id) VALUES (284, 4);
INSERT INTO websites (id, name, slug, url, short_description, purpose, category_id, click_count, is_active) VALUES (285, 'SmartForge Pro', 'smartforge-pro-2080', 'https://smartforge-pro-2080.com', 'An incredibly advanced AI tool revolutionizing the way you handle visual/design. Try SmartForge Pro today.', 'Productivity Engine', 3, 0, 1);
INSERT INTO website_intents (website_id, intent_id) VALUES (285, 1);
INSERT INTO website_personas (website_id, persona_id) VALUES (285, 2);
INSERT INTO website_personas (website_id, persona_id) VALUES (285, 4);
INSERT INTO websites (id, name, slug, url, short_description, purpose, category_id, click_count, is_active) VALUES (286, 'Nextify', 'nextify-705', 'https://nextify-705.com', 'An incredibly advanced AI tool revolutionizing the way you handle visual/design. Try Nextify today.', 'Creative Studio', 3, 0, 1);
INSERT INTO website_intents (website_id, intent_id) VALUES (286, 6);
INSERT INTO website_personas (website_id, persona_id) VALUES (286, 3);
INSERT INTO websites (id, name, slug, url, short_description, purpose, category_id, click_count, is_active) VALUES (287, 'Zenly Pro', 'zenly-pro-3993', 'https://zenly-pro-3993.com', 'Enhance your productivity with Zenly Pro. Perfect for seamless visual/design automation.', 'Productivity Engine', 3, 0, 1);
INSERT INTO website_intents (website_id, intent_id) VALUES (287, 4);
INSERT INTO website_intents (website_id, intent_id) VALUES (287, 3);
INSERT INTO website_personas (website_id, persona_id) VALUES (287, 6);
INSERT INTO websites (id, name, slug, url, short_description, purpose, category_id, click_count, is_active) VALUES (288, 'DeepCraft Pro', 'deepcraft-pro-183', 'https://deepcraft-pro-183.com', 'An incredibly advanced AI tool revolutionizing the way you handle visual/design. Try DeepCraft Pro today.', 'Creative Studio', 3, 0, 1);
INSERT INTO website_intents (website_id, intent_id) VALUES (288, 1);
INSERT INTO website_personas (website_id, persona_id) VALUES (288, 2);
INSERT INTO website_personas (website_id, persona_id) VALUES (288, 3);
INSERT INTO websites (id, name, slug, url, short_description, purpose, category_id, click_count, is_active) VALUES (289, 'SyntheMate Pro', 'synthemate-pro-2838', 'https://synthemate-pro-2838.com', 'An incredibly advanced AI tool revolutionizing the way you handle visual/design. Try SyntheMate Pro today.', 'Productivity Engine', 3, 0, 1);
INSERT INTO website_intents (website_id, intent_id) VALUES (289, 4);
INSERT INTO website_intents (website_id, intent_id) VALUES (289, 2);
INSERT INTO website_personas (website_id, persona_id) VALUES (289, 4);
INSERT INTO websites (id, name, slug, url, short_description, purpose, category_id, click_count, is_active) VALUES (290, 'Vibeify', 'vibeify-6529', 'https://vibeify-6529.com', 'Enhance your productivity with Vibeify. Perfect for seamless visual/design automation.', 'Creative Studio', 3, 0, 1);
INSERT INTO website_intents (website_id, intent_id) VALUES (290, 1);
INSERT INTO website_intents (website_id, intent_id) VALUES (290, 2);
INSERT INTO website_personas (website_id, persona_id) VALUES (290, 3);
INSERT INTO website_personas (website_id, persona_id) VALUES (290, 2);
INSERT INTO websites (id, name, slug, url, short_description, purpose, category_id, click_count, is_active) VALUES (291, 'HyperBot Pro', 'hyperbot-pro-4613', 'https://hyperbot-pro-4613.com', 'An incredibly advanced AI tool revolutionizing the way you handle visual/design. Try HyperBot Pro today.', 'Productivity Engine', 3, 0, 1);
INSERT INTO website_intents (website_id, intent_id) VALUES (291, 4);
INSERT INTO website_intents (website_id, intent_id) VALUES (291, 5);
INSERT INTO website_personas (website_id, persona_id) VALUES (291, 6);
INSERT INTO website_personas (website_id, persona_id) VALUES (291, 4);
INSERT INTO websites (id, name, slug, url, short_description, purpose, category_id, click_count, is_active) VALUES (292, 'QuickGen', 'quickgen-3180', 'https://quickgen-3180.com', 'An incredibly advanced AI tool revolutionizing the way you handle visual/design. Try QuickGen today.', 'Creative Studio', 3, 0, 1);
INSERT INTO website_intents (website_id, intent_id) VALUES (292, 5);
INSERT INTO website_intents (website_id, intent_id) VALUES (292, 1);
INSERT INTO website_personas (website_id, persona_id) VALUES (292, 1);
INSERT INTO websites (id, name, slug, url, short_description, purpose, category_id, click_count, is_active) VALUES (293, 'VibeSync Pro', 'vibesync-pro-6391', 'https://vibesync-pro-6391.com', 'Enhance your productivity with VibeSync Pro. Perfect for seamless visual/design automation.', 'Productivity Engine', 3, 0, 1);
INSERT INTO website_intents (website_id, intent_id) VALUES (293, 1);
INSERT INTO website_personas (website_id, persona_id) VALUES (293, 3);
INSERT INTO websites (id, name, slug, url, short_description, purpose, category_id, click_count, is_active) VALUES (294, 'DeepFlow Pro', 'deepflow-pro-8413', 'https://deepflow-pro-8413.com', 'An incredibly advanced AI tool revolutionizing the way you handle visual/design. Try DeepFlow Pro today.', 'Creative Studio', 3, 0, 1);
INSERT INTO website_intents (website_id, intent_id) VALUES (294, 4);
INSERT INTO website_intents (website_id, intent_id) VALUES (294, 1);
INSERT INTO website_personas (website_id, persona_id) VALUES (294, 4);
INSERT INTO websites (id, name, slug, url, short_description, purpose, category_id, click_count, is_active) VALUES (295, 'HyperBase', 'hyperbase-7541', 'https://hyperbase-7541.com', 'An incredibly advanced AI tool revolutionizing the way you handle visual/design. Try HyperBase today.', 'Productivity Engine', 3, 0, 1);
INSERT INTO website_intents (website_id, intent_id) VALUES (295, 1);
INSERT INTO website_intents (website_id, intent_id) VALUES (295, 2);
INSERT INTO website_personas (website_id, persona_id) VALUES (295, 4);
INSERT INTO website_personas (website_id, persona_id) VALUES (295, 3);
INSERT INTO websites (id, name, slug, url, short_description, purpose, category_id, click_count, is_active) VALUES (296, 'NextMate', 'nextmate-1478', 'https://nextmate-1478.com', 'Enhance your productivity with NextMate. Perfect for seamless visual/design automation.', 'Creative Studio', 3, 0, 1);
INSERT INTO website_intents (website_id, intent_id) VALUES (296, 1);
INSERT INTO website_personas (website_id, persona_id) VALUES (296, 1);
INSERT INTO website_personas (website_id, persona_id) VALUES (296, 4);
INSERT INTO websites (id, name, slug, url, short_description, purpose, category_id, click_count, is_active) VALUES (297, 'HyperCraft Pro', 'hypercraft-pro-6049', 'https://hypercraft-pro-6049.com', 'An incredibly advanced AI tool revolutionizing the way you handle visual/design. Try HyperCraft Pro today.', 'Productivity Engine', 3, 0, 1);
INSERT INTO website_intents (website_id, intent_id) VALUES (297, 1);
INSERT INTO website_intents (website_id, intent_id) VALUES (297, 2);
INSERT INTO website_personas (website_id, persona_id) VALUES (297, 4);
INSERT INTO website_personas (website_id, persona_id) VALUES (297, 3);
INSERT INTO websites (id, name, slug, url, short_description, purpose, category_id, click_count, is_active) VALUES (298, 'FlowMind Pro', 'flowmind-pro-6281', 'https://flowmind-pro-6281.com', 'An incredibly advanced AI tool revolutionizing the way you handle visual/design. Try FlowMind Pro today.', 'Creative Studio', 3, 0, 1);
INSERT INTO website_intents (website_id, intent_id) VALUES (298, 4);
INSERT INTO website_personas (website_id, persona_id) VALUES (298, 2);
INSERT INTO website_personas (website_id, persona_id) VALUES (298, 4);
INSERT INTO websites (id, name, slug, url, short_description, purpose, category_id, click_count, is_active) VALUES (299, 'NextSync', 'nextsync-9061', 'https://nextsync-9061.com', 'Enhance your productivity with NextSync. Perfect for seamless visual/design automation.', 'Productivity Engine', 3, 0, 1);
INSERT INTO website_intents (website_id, intent_id) VALUES (299, 2);
INSERT INTO website_intents (website_id, intent_id) VALUES (299, 1);
INSERT INTO website_personas (website_id, persona_id) VALUES (299, 1);
INSERT INTO websites (id, name, slug, url, short_description, purpose, category_id, click_count, is_active) VALUES (300, 'ProFlow Pro', 'proflow-pro-150', 'https://proflow-pro-150.com', 'An incredibly advanced AI tool revolutionizing the way you handle visual/design. Try ProFlow Pro today.', 'Creative Studio', 3, 0, 1);
INSERT INTO website_intents (website_id, intent_id) VALUES (300, 6);
INSERT INTO website_personas (website_id, persona_id) VALUES (300, 4);
INSERT INTO websites (id, name, slug, url, short_description, purpose, category_id, click_count, is_active) VALUES (301, 'DeepForge', 'deepforge-4508', 'https://deepforge-4508.com', 'An incredibly advanced AI tool revolutionizing the way you handle visual/design. Try DeepForge today.', 'Productivity Engine', 3, 0, 1);
INSERT INTO website_intents (website_id, intent_id) VALUES (301, 6);
INSERT INTO website_personas (website_id, persona_id) VALUES (301, 4);
INSERT INTO website_personas (website_id, persona_id) VALUES (301, 1);
INSERT INTO websites (id, name, slug, url, short_description, purpose, category_id, click_count, is_active) VALUES (302, 'VibeCraft', 'vibecraft-8596', 'https://vibecraft-8596.com', 'Enhance your productivity with VibeCraft. Perfect for seamless visual/design automation.', 'Creative Studio', 3, 0, 1);
INSERT INTO website_intents (website_id, intent_id) VALUES (302, 6);
INSERT INTO website_personas (website_id, persona_id) VALUES (302, 6);
INSERT INTO websites (id, name, slug, url, short_description, purpose, category_id, click_count, is_active) VALUES (303, 'Proly Pro', 'proly-pro-9109', 'https://proly-pro-9109.com', 'An incredibly advanced AI tool revolutionizing the way you handle visual/design. Try Proly Pro today.', 'Productivity Engine', 3, 0, 1);
INSERT INTO website_intents (website_id, intent_id) VALUES (303, 1);
INSERT INTO website_intents (website_id, intent_id) VALUES (303, 4);
INSERT INTO website_personas (website_id, persona_id) VALUES (303, 5);
INSERT INTO websites (id, name, slug, url, short_description, purpose, category_id, click_count, is_active) VALUES (304, 'FlowForge', 'flowforge-2885', 'https://flowforge-2885.com', 'An incredibly advanced AI tool revolutionizing the way you handle visual/design. Try FlowForge today.', 'Creative Studio', 3, 0, 1);
INSERT INTO website_intents (website_id, intent_id) VALUES (304, 5);
INSERT INTO website_personas (website_id, persona_id) VALUES (304, 4);
INSERT INTO website_personas (website_id, persona_id) VALUES (304, 6);
INSERT INTO websites (id, name, slug, url, short_description, purpose, category_id, click_count, is_active) VALUES (305, 'Zenly Pro', 'zenly-pro-9991', 'https://zenly-pro-9991.com', 'Enhance your productivity with Zenly Pro. Perfect for seamless visual/design automation.', 'Productivity Engine', 3, 0, 1);
INSERT INTO website_intents (website_id, intent_id) VALUES (305, 4);
INSERT INTO website_personas (website_id, persona_id) VALUES (305, 2);
INSERT INTO websites (id, name, slug, url, short_description, purpose, category_id, click_count, is_active) VALUES (306, 'HyperBot', 'hyperbot-8447', 'https://hyperbot-8447.com', 'An incredibly advanced AI tool revolutionizing the way you handle visual/design. Try HyperBot today.', 'Creative Studio', 3, 0, 1);
INSERT INTO website_intents (website_id, intent_id) VALUES (306, 6);
INSERT INTO website_intents (website_id, intent_id) VALUES (306, 5);
INSERT INTO website_personas (website_id, persona_id) VALUES (306, 1);
INSERT INTO website_personas (website_id, persona_id) VALUES (306, 4);
INSERT INTO websites (id, name, slug, url, short_description, purpose, category_id, click_count, is_active) VALUES (307, 'CogniAI Pro', 'cogniai-pro-1707', 'https://cogniai-pro-1707.com', 'An incredibly advanced AI tool revolutionizing the way you handle visual/design. Try CogniAI Pro today.', 'Productivity Engine', 3, 0, 1);
INSERT INTO website_intents (website_id, intent_id) VALUES (307, 6);
INSERT INTO website_intents (website_id, intent_id) VALUES (307, 1);
INSERT INTO website_personas (website_id, persona_id) VALUES (307, 6);
INSERT INTO website_personas (website_id, persona_id) VALUES (307, 1);
INSERT INTO websites (id, name, slug, url, short_description, purpose, category_id, click_count, is_active) VALUES (308, 'HyperBot Pro', 'hyperbot-pro-2753', 'https://hyperbot-pro-2753.com', 'Enhance your productivity with HyperBot Pro. Perfect for seamless visual/design automation.', 'Creative Studio', 3, 0, 1);
INSERT INTO website_intents (website_id, intent_id) VALUES (308, 2);
INSERT INTO website_intents (website_id, intent_id) VALUES (308, 5);
INSERT INTO website_personas (website_id, persona_id) VALUES (308, 6);
INSERT INTO website_personas (website_id, persona_id) VALUES (308, 5);
INSERT INTO websites (id, name, slug, url, short_description, purpose, category_id, click_count, is_active) VALUES (309, 'Smartify Pro', 'smartify-pro-9644', 'https://smartify-pro-9644.com', 'An incredibly advanced AI tool revolutionizing the way you handle visual/design. Try Smartify Pro today.', 'Productivity Engine', 3, 0, 1);
INSERT INTO website_intents (website_id, intent_id) VALUES (309, 2);
INSERT INTO website_intents (website_id, intent_id) VALUES (309, 4);
INSERT INTO website_personas (website_id, persona_id) VALUES (309, 1);
INSERT INTO website_personas (website_id, persona_id) VALUES (309, 4);
INSERT INTO websites (id, name, slug, url, short_description, purpose, category_id, click_count, is_active) VALUES (310, 'CogniBase', 'cognibase-7312', 'https://cognibase-7312.com', 'An incredibly advanced AI tool revolutionizing the way you handle visual/design. Try CogniBase today.', 'Creative Studio', 3, 0, 1);
INSERT INTO website_intents (website_id, intent_id) VALUES (310, 5);
INSERT INTO website_intents (website_id, intent_id) VALUES (310, 1);
INSERT INTO website_personas (website_id, persona_id) VALUES (310, 1);
INSERT INTO websites (id, name, slug, url, short_description, purpose, category_id, click_count, is_active) VALUES (311, 'ZenForge', 'zenforge-746', 'https://zenforge-746.com', 'Enhance your productivity with ZenForge. Perfect for seamless visual/design automation.', 'Productivity Engine', 3, 0, 1);
INSERT INTO website_intents (website_id, intent_id) VALUES (311, 6);
INSERT INTO website_personas (website_id, persona_id) VALUES (311, 1);
INSERT INTO websites (id, name, slug, url, short_description, purpose, category_id, click_count, is_active) VALUES (312, 'NextFlow', 'nextflow-4250', 'https://nextflow-4250.com', 'An incredibly advanced AI tool revolutionizing the way you handle visual/design. Try NextFlow today.', 'Creative Studio', 3, 0, 1);
INSERT INTO website_intents (website_id, intent_id) VALUES (312, 4);
INSERT INTO website_intents (website_id, intent_id) VALUES (312, 2);
INSERT INTO website_personas (website_id, persona_id) VALUES (312, 4);
INSERT INTO websites (id, name, slug, url, short_description, purpose, category_id, click_count, is_active) VALUES (313, 'SmartFlow', 'smartflow-5885', 'https://smartflow-5885.com', 'An incredibly advanced AI tool revolutionizing the way you handle visual/design. Try SmartFlow today.', 'Productivity Engine', 3, 0, 1);
INSERT INTO website_intents (website_id, intent_id) VALUES (313, 4);
INSERT INTO website_intents (website_id, intent_id) VALUES (313, 2);
INSERT INTO website_personas (website_id, persona_id) VALUES (313, 6);
INSERT INTO websites (id, name, slug, url, short_description, purpose, category_id, click_count, is_active) VALUES (314, 'ZenCraft Pro', 'zencraft-pro-9463', 'https://zencraft-pro-9463.com', 'Enhance your productivity with ZenCraft Pro. Perfect for seamless visual/design automation.', 'Creative Studio', 3, 0, 1);
INSERT INTO website_intents (website_id, intent_id) VALUES (314, 2);
INSERT INTO website_personas (website_id, persona_id) VALUES (314, 5);
INSERT INTO website_personas (website_id, persona_id) VALUES (314, 1);
INSERT INTO websites (id, name, slug, url, short_description, purpose, category_id, click_count, is_active) VALUES (315, 'ProCraft Pro', 'procraft-pro-7748', 'https://procraft-pro-7748.com', 'Enhance your productivity with ProCraft Pro. Perfect for seamless research & analysis automation.', 'Productivity Engine', 4, 0, 1);
INSERT INTO website_intents (website_id, intent_id) VALUES (315, 4);
INSERT INTO website_personas (website_id, persona_id) VALUES (315, 3);
INSERT INTO websites (id, name, slug, url, short_description, purpose, category_id, click_count, is_active) VALUES (316, 'ZenMate Pro', 'zenmate-pro-7925', 'https://zenmate-pro-7925.com', 'An incredibly advanced AI tool revolutionizing the way you handle research & analysis. Try ZenMate Pro today.', 'Creative Studio', 4, 0, 1);
INSERT INTO website_intents (website_id, intent_id) VALUES (316, 5);
INSERT INTO website_intents (website_id, intent_id) VALUES (316, 1);
INSERT INTO website_personas (website_id, persona_id) VALUES (316, 3);
INSERT INTO websites (id, name, slug, url, short_description, purpose, category_id, click_count, is_active) VALUES (317, 'FlowBot Pro', 'flowbot-pro-7053', 'https://flowbot-pro-7053.com', 'An incredibly advanced AI tool revolutionizing the way you handle research & analysis. Try FlowBot Pro today.', 'Productivity Engine', 4, 0, 1);
INSERT INTO website_intents (website_id, intent_id) VALUES (317, 4);
INSERT INTO website_intents (website_id, intent_id) VALUES (317, 3);
INSERT INTO website_personas (website_id, persona_id) VALUES (317, 1);
INSERT INTO websites (id, name, slug, url, short_description, purpose, category_id, click_count, is_active) VALUES (318, 'SmartSync', 'smartsync-9915', 'https://smartsync-9915.com', 'Enhance your productivity with SmartSync. Perfect for seamless research & analysis automation.', 'Creative Studio', 4, 0, 1);
INSERT INTO website_intents (website_id, intent_id) VALUES (318, 2);
INSERT INTO website_personas (website_id, persona_id) VALUES (318, 2);
INSERT INTO websites (id, name, slug, url, short_description, purpose, category_id, click_count, is_active) VALUES (319, 'Hyperly', 'hyperly-5675', 'https://hyperly-5675.com', 'An incredibly advanced AI tool revolutionizing the way you handle research & analysis. Try Hyperly today.', 'Productivity Engine', 4, 0, 1);
INSERT INTO website_intents (website_id, intent_id) VALUES (319, 6);
INSERT INTO website_intents (website_id, intent_id) VALUES (319, 1);
INSERT INTO website_personas (website_id, persona_id) VALUES (319, 1);
INSERT INTO website_personas (website_id, persona_id) VALUES (319, 4);
INSERT INTO websites (id, name, slug, url, short_description, purpose, category_id, click_count, is_active) VALUES (320, 'CogniFlow', 'cogniflow-4030', 'https://cogniflow-4030.com', 'An incredibly advanced AI tool revolutionizing the way you handle research & analysis. Try CogniFlow today.', 'Creative Studio', 4, 0, 1);
INSERT INTO website_intents (website_id, intent_id) VALUES (320, 6);
INSERT INTO website_intents (website_id, intent_id) VALUES (320, 5);
INSERT INTO website_personas (website_id, persona_id) VALUES (320, 3);
INSERT INTO website_personas (website_id, persona_id) VALUES (320, 2);
INSERT INTO websites (id, name, slug, url, short_description, purpose, category_id, click_count, is_active) VALUES (321, 'Hyperify Pro', 'hyperify-pro-7204', 'https://hyperify-pro-7204.com', 'Enhance your productivity with Hyperify Pro. Perfect for seamless research & analysis automation.', 'Productivity Engine', 4, 0, 1);
INSERT INTO website_intents (website_id, intent_id) VALUES (321, 1);
INSERT INTO website_intents (website_id, intent_id) VALUES (321, 4);
INSERT INTO website_personas (website_id, persona_id) VALUES (321, 3);
INSERT INTO website_personas (website_id, persona_id) VALUES (321, 2);
INSERT INTO websites (id, name, slug, url, short_description, purpose, category_id, click_count, is_active) VALUES (322, 'QuickBase', 'quickbase-2650', 'https://quickbase-2650.com', 'An incredibly advanced AI tool revolutionizing the way you handle research & analysis. Try QuickBase today.', 'Creative Studio', 4, 0, 1);
INSERT INTO website_intents (website_id, intent_id) VALUES (322, 2);
INSERT INTO website_intents (website_id, intent_id) VALUES (322, 6);
INSERT INTO website_personas (website_id, persona_id) VALUES (322, 4);
INSERT INTO website_personas (website_id, persona_id) VALUES (322, 6);
INSERT INTO websites (id, name, slug, url, short_description, purpose, category_id, click_count, is_active) VALUES (323, 'GeniCraft', 'genicraft-6136', 'https://genicraft-6136.com', 'An incredibly advanced AI tool revolutionizing the way you handle research & analysis. Try GeniCraft today.', 'Productivity Engine', 4, 0, 1);
INSERT INTO website_intents (website_id, intent_id) VALUES (323, 2);
INSERT INTO website_personas (website_id, persona_id) VALUES (323, 3);
INSERT INTO website_personas (website_id, persona_id) VALUES (323, 4);
INSERT INTO websites (id, name, slug, url, short_description, purpose, category_id, click_count, is_active) VALUES (324, 'HyperFlow Pro', 'hyperflow-pro-4522', 'https://hyperflow-pro-4522.com', 'Enhance your productivity with HyperFlow Pro. Perfect for seamless research & analysis automation.', 'Creative Studio', 4, 0, 1);
INSERT INTO website_intents (website_id, intent_id) VALUES (324, 1);
INSERT INTO website_personas (website_id, persona_id) VALUES (324, 3);
INSERT INTO websites (id, name, slug, url, short_description, purpose, category_id, click_count, is_active) VALUES (325, 'NextGen', 'nextgen-2907', 'https://nextgen-2907.com', 'An incredibly advanced AI tool revolutionizing the way you handle research & analysis. Try NextGen today.', 'Productivity Engine', 4, 0, 1);
INSERT INTO website_intents (website_id, intent_id) VALUES (325, 6);
INSERT INTO website_personas (website_id, persona_id) VALUES (325, 2);
INSERT INTO website_personas (website_id, persona_id) VALUES (325, 1);
INSERT INTO websites (id, name, slug, url, short_description, purpose, category_id, click_count, is_active) VALUES (326, 'Vibeify Pro', 'vibeify-pro-3970', 'https://vibeify-pro-3970.com', 'An incredibly advanced AI tool revolutionizing the way you handle research & analysis. Try Vibeify Pro today.', 'Creative Studio', 4, 0, 1);
INSERT INTO website_intents (website_id, intent_id) VALUES (326, 4);
INSERT INTO website_intents (website_id, intent_id) VALUES (326, 3);
INSERT INTO website_personas (website_id, persona_id) VALUES (326, 5);
INSERT INTO websites (id, name, slug, url, short_description, purpose, category_id, click_count, is_active) VALUES (327, 'VibeFlow', 'vibeflow-1089', 'https://vibeflow-1089.com', 'Enhance your productivity with VibeFlow. Perfect for seamless research & analysis automation.', 'Productivity Engine', 4, 0, 1);
INSERT INTO website_intents (website_id, intent_id) VALUES (327, 4);
INSERT INTO website_intents (website_id, intent_id) VALUES (327, 2);
INSERT INTO website_personas (website_id, persona_id) VALUES (327, 3);
INSERT INTO website_personas (website_id, persona_id) VALUES (327, 2);
INSERT INTO websites (id, name, slug, url, short_description, purpose, category_id, click_count, is_active) VALUES (328, 'NextBot', 'nextbot-1075', 'https://nextbot-1075.com', 'An incredibly advanced AI tool revolutionizing the way you handle research & analysis. Try NextBot today.', 'Creative Studio', 4, 0, 1);
INSERT INTO website_intents (website_id, intent_id) VALUES (328, 2);
INSERT INTO website_intents (website_id, intent_id) VALUES (328, 1);
INSERT INTO website_personas (website_id, persona_id) VALUES (328, 1);
INSERT INTO website_personas (website_id, persona_id) VALUES (328, 4);
INSERT INTO websites (id, name, slug, url, short_description, purpose, category_id, click_count, is_active) VALUES (329, 'ZenMind Pro', 'zenmind-pro-7385', 'https://zenmind-pro-7385.com', 'An incredibly advanced AI tool revolutionizing the way you handle research & analysis. Try ZenMind Pro today.', 'Productivity Engine', 4, 0, 1);
INSERT INTO website_intents (website_id, intent_id) VALUES (329, 3);
INSERT INTO website_personas (website_id, persona_id) VALUES (329, 2);
INSERT INTO websites (id, name, slug, url, short_description, purpose, category_id, click_count, is_active) VALUES (330, 'Flowify Pro', 'flowify-pro-2963', 'https://flowify-pro-2963.com', 'Enhance your productivity with Flowify Pro. Perfect for seamless research & analysis automation.', 'Creative Studio', 4, 0, 1);
INSERT INTO website_intents (website_id, intent_id) VALUES (330, 3);
INSERT INTO website_intents (website_id, intent_id) VALUES (330, 2);
INSERT INTO website_personas (website_id, persona_id) VALUES (330, 3);
INSERT INTO website_personas (website_id, persona_id) VALUES (330, 2);
INSERT INTO websites (id, name, slug, url, short_description, purpose, category_id, click_count, is_active) VALUES (331, 'Zenly', 'zenly-432', 'https://zenly-432.com', 'An incredibly advanced AI tool revolutionizing the way you handle research & analysis. Try Zenly today.', 'Productivity Engine', 4, 0, 1);
INSERT INTO website_intents (website_id, intent_id) VALUES (331, 1);
INSERT INTO website_personas (website_id, persona_id) VALUES (331, 5);
INSERT INTO websites (id, name, slug, url, short_description, purpose, category_id, click_count, is_active) VALUES (332, 'QuickFlow', 'quickflow-2778', 'https://quickflow-2778.com', 'An incredibly advanced AI tool revolutionizing the way you handle research & analysis. Try QuickFlow today.', 'Creative Studio', 4, 0, 1);
INSERT INTO website_intents (website_id, intent_id) VALUES (332, 2);
INSERT INTO website_intents (website_id, intent_id) VALUES (332, 1);
INSERT INTO website_personas (website_id, persona_id) VALUES (332, 2);
INSERT INTO website_personas (website_id, persona_id) VALUES (332, 1);
INSERT INTO websites (id, name, slug, url, short_description, purpose, category_id, click_count, is_active) VALUES (333, 'Vibely', 'vibely-3355', 'https://vibely-3355.com', 'Enhance your productivity with Vibely. Perfect for seamless research & analysis automation.', 'Productivity Engine', 4, 0, 1);
INSERT INTO website_intents (website_id, intent_id) VALUES (333, 1);
INSERT INTO website_personas (website_id, persona_id) VALUES (333, 5);
INSERT INTO website_personas (website_id, persona_id) VALUES (333, 6);
INSERT INTO websites (id, name, slug, url, short_description, purpose, category_id, click_count, is_active) VALUES (334, 'ZenSync', 'zensync-4773', 'https://zensync-4773.com', 'An incredibly advanced AI tool revolutionizing the way you handle research & analysis. Try ZenSync today.', 'Creative Studio', 4, 0, 1);
INSERT INTO website_intents (website_id, intent_id) VALUES (334, 5);
INSERT INTO website_intents (website_id, intent_id) VALUES (334, 1);
INSERT INTO website_personas (website_id, persona_id) VALUES (334, 4);
INSERT INTO website_personas (website_id, persona_id) VALUES (334, 6);
INSERT INTO websites (id, name, slug, url, short_description, purpose, category_id, click_count, is_active) VALUES (335, 'SmartAI', 'smartai-8209', 'https://smartai-8209.com', 'An incredibly advanced AI tool revolutionizing the way you handle research & analysis. Try SmartAI today.', 'Productivity Engine', 4, 0, 1);
INSERT INTO website_intents (website_id, intent_id) VALUES (335, 6);
INSERT INTO website_personas (website_id, persona_id) VALUES (335, 6);
INSERT INTO website_personas (website_id, persona_id) VALUES (335, 4);
INSERT INTO websites (id, name, slug, url, short_description, purpose, category_id, click_count, is_active) VALUES (336, 'NextMate Pro', 'nextmate-pro-42', 'https://nextmate-pro-42.com', 'Enhance your productivity with NextMate Pro. Perfect for seamless research & analysis automation.', 'Creative Studio', 4, 0, 1);
INSERT INTO website_intents (website_id, intent_id) VALUES (336, 6);
INSERT INTO website_intents (website_id, intent_id) VALUES (336, 5);
INSERT INTO website_personas (website_id, persona_id) VALUES (336, 1);
INSERT INTO websites (id, name, slug, url, short_description, purpose, category_id, click_count, is_active) VALUES (337, 'CogniSync', 'cognisync-3254', 'https://cognisync-3254.com', 'An incredibly advanced AI tool revolutionizing the way you handle research & analysis. Try CogniSync today.', 'Productivity Engine', 4, 0, 1);
INSERT INTO website_intents (website_id, intent_id) VALUES (337, 1);
INSERT INTO website_personas (website_id, persona_id) VALUES (337, 5);
INSERT INTO website_personas (website_id, persona_id) VALUES (337, 1);
INSERT INTO websites (id, name, slug, url, short_description, purpose, category_id, click_count, is_active) VALUES (338, 'FlowAI', 'flowai-5345', 'https://flowai-5345.com', 'An incredibly advanced AI tool revolutionizing the way you handle research & analysis. Try FlowAI today.', 'Creative Studio', 4, 0, 1);
INSERT INTO website_intents (website_id, intent_id) VALUES (338, 6);
INSERT INTO website_intents (website_id, intent_id) VALUES (338, 2);
INSERT INTO website_personas (website_id, persona_id) VALUES (338, 4);
INSERT INTO website_personas (website_id, persona_id) VALUES (338, 3);
INSERT INTO websites (id, name, slug, url, short_description, purpose, category_id, click_count, is_active) VALUES (339, 'QuickCraft', 'quickcraft-1733', 'https://quickcraft-1733.com', 'Enhance your productivity with QuickCraft. Perfect for seamless research & analysis automation.', 'Productivity Engine', 4, 0, 1);
INSERT INTO website_intents (website_id, intent_id) VALUES (339, 3);
INSERT INTO website_intents (website_id, intent_id) VALUES (339, 4);
INSERT INTO website_personas (website_id, persona_id) VALUES (339, 2);
INSERT INTO websites (id, name, slug, url, short_description, purpose, category_id, click_count, is_active) VALUES (340, 'ProMate', 'promate-2504', 'https://promate-2504.com', 'An incredibly advanced AI tool revolutionizing the way you handle research & analysis. Try ProMate today.', 'Creative Studio', 4, 0, 1);
INSERT INTO website_intents (website_id, intent_id) VALUES (340, 1);
INSERT INTO website_intents (website_id, intent_id) VALUES (340, 2);
INSERT INTO website_personas (website_id, persona_id) VALUES (340, 5);
INSERT INTO website_personas (website_id, persona_id) VALUES (340, 1);
INSERT INTO websites (id, name, slug, url, short_description, purpose, category_id, click_count, is_active) VALUES (341, 'HyperMind', 'hypermind-9642', 'https://hypermind-9642.com', 'An incredibly advanced AI tool revolutionizing the way you handle research & analysis. Try HyperMind today.', 'Productivity Engine', 4, 0, 1);
INSERT INTO website_intents (website_id, intent_id) VALUES (341, 6);
INSERT INTO website_personas (website_id, persona_id) VALUES (341, 6);
INSERT INTO website_personas (website_id, persona_id) VALUES (341, 5);
INSERT INTO websites (id, name, slug, url, short_description, purpose, category_id, click_count, is_active) VALUES (342, 'GeniMate', 'genimate-2306', 'https://genimate-2306.com', 'Enhance your productivity with GeniMate. Perfect for seamless research & analysis automation.', 'Creative Studio', 4, 0, 1);
INSERT INTO website_intents (website_id, intent_id) VALUES (342, 4);
INSERT INTO website_intents (website_id, intent_id) VALUES (342, 5);
INSERT INTO website_personas (website_id, persona_id) VALUES (342, 6);
INSERT INTO website_personas (website_id, persona_id) VALUES (342, 1);
INSERT INTO websites (id, name, slug, url, short_description, purpose, category_id, click_count, is_active) VALUES (343, 'SyntheAI', 'syntheai-5091', 'https://syntheai-5091.com', 'An incredibly advanced AI tool revolutionizing the way you handle research & analysis. Try SyntheAI today.', 'Productivity Engine', 4, 0, 1);
INSERT INTO website_intents (website_id, intent_id) VALUES (343, 4);
INSERT INTO website_intents (website_id, intent_id) VALUES (343, 3);
INSERT INTO website_personas (website_id, persona_id) VALUES (343, 4);
INSERT INTO website_personas (website_id, persona_id) VALUES (343, 3);
INSERT INTO websites (id, name, slug, url, short_description, purpose, category_id, click_count, is_active) VALUES (344, 'QuickBase', 'quickbase-7816', 'https://quickbase-7816.com', 'An incredibly advanced AI tool revolutionizing the way you handle research & analysis. Try QuickBase today.', 'Creative Studio', 4, 0, 1);
INSERT INTO website_intents (website_id, intent_id) VALUES (344, 2);
INSERT INTO website_intents (website_id, intent_id) VALUES (344, 1);
INSERT INTO website_personas (website_id, persona_id) VALUES (344, 2);
INSERT INTO websites (id, name, slug, url, short_description, purpose, category_id, click_count, is_active) VALUES (345, 'SyntheMind', 'synthemind-206', 'https://synthemind-206.com', 'Enhance your productivity with SyntheMind. Perfect for seamless research & analysis automation.', 'Productivity Engine', 4, 0, 1);
INSERT INTO website_intents (website_id, intent_id) VALUES (345, 1);
INSERT INTO website_intents (website_id, intent_id) VALUES (345, 2);
INSERT INTO website_personas (website_id, persona_id) VALUES (345, 1);
INSERT INTO website_personas (website_id, persona_id) VALUES (345, 2);
INSERT INTO websites (id, name, slug, url, short_description, purpose, category_id, click_count, is_active) VALUES (346, 'ZenBot Pro', 'zenbot-pro-447', 'https://zenbot-pro-447.com', 'An incredibly advanced AI tool revolutionizing the way you handle research & analysis. Try ZenBot Pro today.', 'Creative Studio', 4, 0, 1);
INSERT INTO website_intents (website_id, intent_id) VALUES (346, 1);
INSERT INTO website_personas (website_id, persona_id) VALUES (346, 6);
INSERT INTO website_personas (website_id, persona_id) VALUES (346, 2);
INSERT INTO websites (id, name, slug, url, short_description, purpose, category_id, click_count, is_active) VALUES (347, 'CogniMate', 'cognimate-834', 'https://cognimate-834.com', 'An incredibly advanced AI tool revolutionizing the way you handle research & analysis. Try CogniMate today.', 'Productivity Engine', 4, 0, 1);
INSERT INTO website_intents (website_id, intent_id) VALUES (347, 4);
INSERT INTO website_personas (website_id, persona_id) VALUES (347, 6);
INSERT INTO websites (id, name, slug, url, short_description, purpose, category_id, click_count, is_active) VALUES (348, 'HyperAI Pro', 'hyperai-pro-4373', 'https://hyperai-pro-4373.com', 'Enhance your productivity with HyperAI Pro. Perfect for seamless research & analysis automation.', 'Creative Studio', 4, 0, 1);
INSERT INTO website_intents (website_id, intent_id) VALUES (348, 4);
INSERT INTO website_personas (website_id, persona_id) VALUES (348, 4);
INSERT INTO website_personas (website_id, persona_id) VALUES (348, 3);
INSERT INTO websites (id, name, slug, url, short_description, purpose, category_id, click_count, is_active) VALUES (349, 'ZenCraft', 'zencraft-8111', 'https://zencraft-8111.com', 'An incredibly advanced AI tool revolutionizing the way you handle research & analysis. Try ZenCraft today.', 'Productivity Engine', 4, 0, 1);
INSERT INTO website_intents (website_id, intent_id) VALUES (349, 3);
INSERT INTO website_intents (website_id, intent_id) VALUES (349, 4);
INSERT INTO website_personas (website_id, persona_id) VALUES (349, 2);
INSERT INTO website_personas (website_id, persona_id) VALUES (349, 1);
INSERT INTO websites (id, name, slug, url, short_description, purpose, category_id, click_count, is_active) VALUES (350, 'SyntheAI', 'syntheai-605', 'https://syntheai-605.com', 'An incredibly advanced AI tool revolutionizing the way you handle research & analysis. Try SyntheAI today.', 'Creative Studio', 4, 0, 1);
INSERT INTO website_intents (website_id, intent_id) VALUES (350, 5);
INSERT INTO website_intents (website_id, intent_id) VALUES (350, 2);
INSERT INTO website_personas (website_id, persona_id) VALUES (350, 5);
INSERT INTO websites (id, name, slug, url, short_description, purpose, category_id, click_count, is_active) VALUES (351, 'Zenly', 'zenly-5781', 'https://zenly-5781.com', 'Enhance your productivity with Zenly. Perfect for seamless research & analysis automation.', 'Productivity Engine', 4, 0, 1);
INSERT INTO website_intents (website_id, intent_id) VALUES (351, 1);
INSERT INTO website_intents (website_id, intent_id) VALUES (351, 2);
INSERT INTO website_personas (website_id, persona_id) VALUES (351, 1);
INSERT INTO websites (id, name, slug, url, short_description, purpose, category_id, click_count, is_active) VALUES (352, 'GeniAI', 'geniai-9612', 'https://geniai-9612.com', 'An incredibly advanced AI tool revolutionizing the way you handle research & analysis. Try GeniAI today.', 'Creative Studio', 4, 0, 1);
INSERT INTO website_intents (website_id, intent_id) VALUES (352, 4);
INSERT INTO website_personas (website_id, persona_id) VALUES (352, 1);
INSERT INTO website_personas (website_id, persona_id) VALUES (352, 5);
INSERT INTO websites (id, name, slug, url, short_description, purpose, category_id, click_count, is_active) VALUES (353, 'HyperCraft', 'hypercraft-9877', 'https://hypercraft-9877.com', 'An incredibly advanced AI tool revolutionizing the way you handle research & analysis. Try HyperCraft today.', 'Productivity Engine', 4, 0, 1);
INSERT INTO website_intents (website_id, intent_id) VALUES (353, 6);
INSERT INTO website_personas (website_id, persona_id) VALUES (353, 3);
INSERT INTO websites (id, name, slug, url, short_description, purpose, category_id, click_count, is_active) VALUES (354, 'Deepify', 'deepify-4433', 'https://deepify-4433.com', 'Enhance your productivity with Deepify. Perfect for seamless research & analysis automation.', 'Creative Studio', 4, 0, 1);
INSERT INTO website_intents (website_id, intent_id) VALUES (354, 2);
INSERT INTO website_intents (website_id, intent_id) VALUES (354, 5);
INSERT INTO website_personas (website_id, persona_id) VALUES (354, 4);
INSERT INTO websites (id, name, slug, url, short_description, purpose, category_id, click_count, is_active) VALUES (355, 'VibeAI', 'vibeai-6148', 'https://vibeai-6148.com', 'An incredibly advanced AI tool revolutionizing the way you handle research & analysis. Try VibeAI today.', 'Productivity Engine', 4, 0, 1);
INSERT INTO website_intents (website_id, intent_id) VALUES (355, 1);
INSERT INTO website_personas (website_id, persona_id) VALUES (355, 2);
INSERT INTO website_personas (website_id, persona_id) VALUES (355, 3);
INSERT INTO websites (id, name, slug, url, short_description, purpose, category_id, click_count, is_active) VALUES (356, 'SyntheAI', 'syntheai-4352', 'https://syntheai-4352.com', 'An incredibly advanced AI tool revolutionizing the way you handle research & analysis. Try SyntheAI today.', 'Creative Studio', 4, 0, 1);
INSERT INTO website_intents (website_id, intent_id) VALUES (356, 2);
INSERT INTO website_personas (website_id, persona_id) VALUES (356, 3);
INSERT INTO website_personas (website_id, persona_id) VALUES (356, 1);
INSERT INTO websites (id, name, slug, url, short_description, purpose, category_id, click_count, is_active) VALUES (357, 'ProSync', 'prosync-7119', 'https://prosync-7119.com', 'Enhance your productivity with ProSync. Perfect for seamless research & analysis automation.', 'Productivity Engine', 4, 0, 1);
INSERT INTO website_intents (website_id, intent_id) VALUES (357, 3);
INSERT INTO website_personas (website_id, persona_id) VALUES (357, 2);
INSERT INTO websites (id, name, slug, url, short_description, purpose, category_id, click_count, is_active) VALUES (358, 'CogniCraft', 'cognicraft-8894', 'https://cognicraft-8894.com', 'An incredibly advanced AI tool revolutionizing the way you handle research & analysis. Try CogniCraft today.', 'Creative Studio', 4, 0, 1);
INSERT INTO website_intents (website_id, intent_id) VALUES (358, 2);
INSERT INTO website_intents (website_id, intent_id) VALUES (358, 3);
INSERT INTO website_personas (website_id, persona_id) VALUES (358, 1);
INSERT INTO websites (id, name, slug, url, short_description, purpose, category_id, click_count, is_active) VALUES (359, 'ZenAI', 'zenai-4713', 'https://zenai-4713.com', 'An incredibly advanced AI tool revolutionizing the way you handle research & analysis. Try ZenAI today.', 'Productivity Engine', 4, 0, 1);
INSERT INTO website_intents (website_id, intent_id) VALUES (359, 4);
INSERT INTO website_intents (website_id, intent_id) VALUES (359, 1);
INSERT INTO website_personas (website_id, persona_id) VALUES (359, 4);
INSERT INTO website_personas (website_id, persona_id) VALUES (359, 3);
INSERT INTO websites (id, name, slug, url, short_description, purpose, category_id, click_count, is_active) VALUES (360, 'QuickSync', 'quicksync-6987', 'https://quicksync-6987.com', 'Enhance your productivity with QuickSync. Perfect for seamless research & analysis automation.', 'Creative Studio', 4, 0, 1);
INSERT INTO website_intents (website_id, intent_id) VALUES (360, 1);
INSERT INTO website_personas (website_id, persona_id) VALUES (360, 6);
INSERT INTO websites (id, name, slug, url, short_description, purpose, category_id, click_count, is_active) VALUES (361, 'AutoAI', 'autoai-9157', 'https://autoai-9157.com', 'An incredibly advanced AI tool revolutionizing the way you handle research & analysis. Try AutoAI today.', 'Productivity Engine', 4, 0, 1);
INSERT INTO website_intents (website_id, intent_id) VALUES (361, 4);
INSERT INTO website_personas (website_id, persona_id) VALUES (361, 3);
INSERT INTO websites (id, name, slug, url, short_description, purpose, category_id, click_count, is_active) VALUES (362, 'FlowFlow Pro', 'flowflow-pro-5516', 'https://flowflow-pro-5516.com', 'An incredibly advanced AI tool revolutionizing the way you handle research & analysis. Try FlowFlow Pro today.', 'Creative Studio', 4, 0, 1);
INSERT INTO website_intents (website_id, intent_id) VALUES (362, 5);
INSERT INTO website_intents (website_id, intent_id) VALUES (362, 4);
INSERT INTO website_personas (website_id, persona_id) VALUES (362, 1);
INSERT INTO website_personas (website_id, persona_id) VALUES (362, 3);
INSERT INTO websites (id, name, slug, url, short_description, purpose, category_id, click_count, is_active) VALUES (363, 'VibeBot', 'vibebot-4806', 'https://vibebot-4806.com', 'Enhance your productivity with VibeBot. Perfect for seamless research & analysis automation.', 'Productivity Engine', 4, 0, 1);
INSERT INTO website_intents (website_id, intent_id) VALUES (363, 3);
INSERT INTO website_personas (website_id, persona_id) VALUES (363, 5);
INSERT INTO website_personas (website_id, persona_id) VALUES (363, 4);
INSERT INTO websites (id, name, slug, url, short_description, purpose, category_id, click_count, is_active) VALUES (364, 'SyntheForge Pro', 'syntheforge-pro-5612', 'https://syntheforge-pro-5612.com', 'An incredibly advanced AI tool revolutionizing the way you handle research & analysis. Try SyntheForge Pro today.', 'Creative Studio', 4, 0, 1);
INSERT INTO website_intents (website_id, intent_id) VALUES (364, 3);
INSERT INTO website_intents (website_id, intent_id) VALUES (364, 2);
INSERT INTO website_personas (website_id, persona_id) VALUES (364, 5);
INSERT INTO websites (id, name, slug, url, short_description, purpose, category_id, click_count, is_active) VALUES (365, 'Zenly Pro', 'zenly-pro-2815', 'https://zenly-pro-2815.com', 'An incredibly advanced AI tool revolutionizing the way you handle research & analysis. Try Zenly Pro today.', 'Productivity Engine', 4, 0, 1);
INSERT INTO website_intents (website_id, intent_id) VALUES (365, 1);
INSERT INTO website_intents (website_id, intent_id) VALUES (365, 5);
INSERT INTO website_personas (website_id, persona_id) VALUES (365, 4);
INSERT INTO websites (id, name, slug, url, short_description, purpose, category_id, click_count, is_active) VALUES (366, 'SyntheBase', 'synthebase-4376', 'https://synthebase-4376.com', 'Enhance your productivity with SyntheBase. Perfect for seamless research & analysis automation.', 'Creative Studio', 4, 0, 1);
INSERT INTO website_intents (website_id, intent_id) VALUES (366, 1);
INSERT INTO website_personas (website_id, persona_id) VALUES (366, 5);
INSERT INTO website_personas (website_id, persona_id) VALUES (366, 4);
INSERT INTO websites (id, name, slug, url, short_description, purpose, category_id, click_count, is_active) VALUES (367, 'NextFlow', 'nextflow-4386', 'https://nextflow-4386.com', 'An incredibly advanced AI tool revolutionizing the way you handle research & analysis. Try NextFlow today.', 'Productivity Engine', 4, 0, 1);
INSERT INTO website_intents (website_id, intent_id) VALUES (367, 4);
INSERT INTO website_personas (website_id, persona_id) VALUES (367, 4);
INSERT INTO website_personas (website_id, persona_id) VALUES (367, 3);
INSERT INTO websites (id, name, slug, url, short_description, purpose, category_id, click_count, is_active) VALUES (368, 'CogniBot', 'cognibot-558', 'https://cognibot-558.com', 'An incredibly advanced AI tool revolutionizing the way you handle research & analysis. Try CogniBot today.', 'Creative Studio', 4, 0, 1);
INSERT INTO website_intents (website_id, intent_id) VALUES (368, 4);
INSERT INTO website_personas (website_id, persona_id) VALUES (368, 5);
INSERT INTO websites (id, name, slug, url, short_description, purpose, category_id, click_count, is_active) VALUES (369, 'GeniBase Pro', 'genibase-pro-6276', 'https://genibase-pro-6276.com', 'Enhance your productivity with GeniBase Pro. Perfect for seamless research & analysis automation.', 'Productivity Engine', 4, 0, 1);
INSERT INTO website_intents (website_id, intent_id) VALUES (369, 1);
INSERT INTO website_personas (website_id, persona_id) VALUES (369, 1);
INSERT INTO website_personas (website_id, persona_id) VALUES (369, 3);
INSERT INTO websites (id, name, slug, url, short_description, purpose, category_id, click_count, is_active) VALUES (370, 'DeepForge Pro', 'deepforge-pro-1676', 'https://deepforge-pro-1676.com', 'An incredibly advanced AI tool revolutionizing the way you handle research & analysis. Try DeepForge Pro today.', 'Creative Studio', 4, 0, 1);
INSERT INTO website_intents (website_id, intent_id) VALUES (370, 4);
INSERT INTO website_intents (website_id, intent_id) VALUES (370, 5);
INSERT INTO website_personas (website_id, persona_id) VALUES (370, 1);
INSERT INTO websites (id, name, slug, url, short_description, purpose, category_id, click_count, is_active) VALUES (371, 'DeepSync', 'deepsync-1853', 'https://deepsync-1853.com', 'An incredibly advanced AI tool revolutionizing the way you handle research & analysis. Try DeepSync today.', 'Productivity Engine', 4, 0, 1);
INSERT INTO website_intents (website_id, intent_id) VALUES (371, 5);
INSERT INTO website_intents (website_id, intent_id) VALUES (371, 4);
INSERT INTO website_personas (website_id, persona_id) VALUES (371, 6);
INSERT INTO websites (id, name, slug, url, short_description, purpose, category_id, click_count, is_active) VALUES (372, 'QuickBot', 'quickbot-5342', 'https://quickbot-5342.com', 'Enhance your productivity with QuickBot. Perfect for seamless research & analysis automation.', 'Creative Studio', 4, 0, 1);
INSERT INTO website_intents (website_id, intent_id) VALUES (372, 3);
INSERT INTO website_intents (website_id, intent_id) VALUES (372, 5);
INSERT INTO website_personas (website_id, persona_id) VALUES (372, 6);
INSERT INTO website_personas (website_id, persona_id) VALUES (372, 1);
INSERT INTO websites (id, name, slug, url, short_description, purpose, category_id, click_count, is_active) VALUES (373, 'AutoBase', 'autobase-2916', 'https://autobase-2916.com', 'An incredibly advanced AI tool revolutionizing the way you handle research & analysis. Try AutoBase today.', 'Productivity Engine', 4, 0, 1);
INSERT INTO website_intents (website_id, intent_id) VALUES (373, 2);
INSERT INTO website_personas (website_id, persona_id) VALUES (373, 1);
INSERT INTO website_personas (website_id, persona_id) VALUES (373, 2);
INSERT INTO websites (id, name, slug, url, short_description, purpose, category_id, click_count, is_active) VALUES (374, 'ProCraft Pro', 'procraft-pro-9949', 'https://procraft-pro-9949.com', 'An incredibly advanced AI tool revolutionizing the way you handle research & analysis. Try ProCraft Pro today.', 'Creative Studio', 4, 0, 1);
INSERT INTO website_intents (website_id, intent_id) VALUES (374, 3);
INSERT INTO website_intents (website_id, intent_id) VALUES (374, 2);
INSERT INTO website_personas (website_id, persona_id) VALUES (374, 5);
INSERT INTO websites (id, name, slug, url, short_description, purpose, category_id, click_count, is_active) VALUES (375, 'CogniBot', 'cognibot-8077', 'https://cognibot-8077.com', 'Enhance your productivity with CogniBot. Perfect for seamless research & analysis automation.', 'Productivity Engine', 4, 0, 1);
INSERT INTO website_intents (website_id, intent_id) VALUES (375, 6);
INSERT INTO website_intents (website_id, intent_id) VALUES (375, 1);
INSERT INTO website_personas (website_id, persona_id) VALUES (375, 6);
INSERT INTO website_personas (website_id, persona_id) VALUES (375, 1);
INSERT INTO websites (id, name, slug, url, short_description, purpose, category_id, click_count, is_active) VALUES (376, 'Cogniify', 'cogniify-7592', 'https://cogniify-7592.com', 'An incredibly advanced AI tool revolutionizing the way you handle research & analysis. Try Cogniify today.', 'Creative Studio', 4, 0, 1);
INSERT INTO website_intents (website_id, intent_id) VALUES (376, 1);
INSERT INTO website_personas (website_id, persona_id) VALUES (376, 1);
INSERT INTO website_personas (website_id, persona_id) VALUES (376, 4);
INSERT INTO websites (id, name, slug, url, short_description, purpose, category_id, click_count, is_active) VALUES (377, 'QuickForge', 'quickforge-6663', 'https://quickforge-6663.com', 'An incredibly advanced AI tool revolutionizing the way you handle research & analysis. Try QuickForge today.', 'Productivity Engine', 4, 0, 1);
INSERT INTO website_intents (website_id, intent_id) VALUES (377, 5);
INSERT INTO website_personas (website_id, persona_id) VALUES (377, 5);
INSERT INTO website_personas (website_id, persona_id) VALUES (377, 6);
INSERT INTO websites (id, name, slug, url, short_description, purpose, category_id, click_count, is_active) VALUES (378, 'Hyperify', 'hyperify-6385', 'https://hyperify-6385.com', 'Enhance your productivity with Hyperify. Perfect for seamless research & analysis automation.', 'Creative Studio', 4, 0, 1);
INSERT INTO website_intents (website_id, intent_id) VALUES (378, 1);
INSERT INTO website_intents (website_id, intent_id) VALUES (378, 2);
INSERT INTO website_personas (website_id, persona_id) VALUES (378, 4);
INSERT INTO website_personas (website_id, persona_id) VALUES (378, 6);
INSERT INTO websites (id, name, slug, url, short_description, purpose, category_id, click_count, is_active) VALUES (379, 'QuickAI Pro', 'quickai-pro-4728', 'https://quickai-pro-4728.com', 'An incredibly advanced AI tool revolutionizing the way you handle research & analysis. Try QuickAI Pro today.', 'Productivity Engine', 4, 0, 1);
INSERT INTO website_intents (website_id, intent_id) VALUES (379, 6);
INSERT INTO website_personas (website_id, persona_id) VALUES (379, 1);
INSERT INTO websites (id, name, slug, url, short_description, purpose, category_id, click_count, is_active) VALUES (380, 'ZenMate', 'zenmate-9531', 'https://zenmate-9531.com', 'An incredibly advanced AI tool revolutionizing the way you handle research & analysis. Try ZenMate today.', 'Creative Studio', 4, 0, 1);
INSERT INTO website_intents (website_id, intent_id) VALUES (380, 1);
INSERT INTO website_intents (website_id, intent_id) VALUES (380, 2);
INSERT INTO website_personas (website_id, persona_id) VALUES (380, 4);
INSERT INTO website_personas (website_id, persona_id) VALUES (380, 3);
INSERT INTO websites (id, name, slug, url, short_description, purpose, category_id, click_count, is_active) VALUES (381, 'AutoFlow', 'autoflow-6901', 'https://autoflow-6901.com', 'Enhance your productivity with AutoFlow. Perfect for seamless research & analysis automation.', 'Productivity Engine', 4, 0, 1);
INSERT INTO website_intents (website_id, intent_id) VALUES (381, 5);
INSERT INTO website_personas (website_id, persona_id) VALUES (381, 4);
INSERT INTO websites (id, name, slug, url, short_description, purpose, category_id, click_count, is_active) VALUES (382, 'NextBot Pro', 'nextbot-pro-5264', 'https://nextbot-pro-5264.com', 'An incredibly advanced AI tool revolutionizing the way you handle research & analysis. Try NextBot Pro today.', 'Creative Studio', 4, 0, 1);
INSERT INTO website_intents (website_id, intent_id) VALUES (382, 5);
INSERT INTO website_intents (website_id, intent_id) VALUES (382, 4);
INSERT INTO website_personas (website_id, persona_id) VALUES (382, 3);
INSERT INTO websites (id, name, slug, url, short_description, purpose, category_id, click_count, is_active) VALUES (383, 'SmartFlow', 'smartflow-5012', 'https://smartflow-5012.com', 'An incredibly advanced AI tool revolutionizing the way you handle research & analysis. Try SmartFlow today.', 'Productivity Engine', 4, 0, 1);
INSERT INTO website_intents (website_id, intent_id) VALUES (383, 5);
INSERT INTO website_personas (website_id, persona_id) VALUES (383, 1);
INSERT INTO websites (id, name, slug, url, short_description, purpose, category_id, click_count, is_active) VALUES (384, 'FlowGen', 'flowgen-8135', 'https://flowgen-8135.com', 'Enhance your productivity with FlowGen. Perfect for seamless research & analysis automation.', 'Creative Studio', 4, 0, 1);
INSERT INTO website_intents (website_id, intent_id) VALUES (384, 2);
INSERT INTO website_intents (website_id, intent_id) VALUES (384, 5);
INSERT INTO website_personas (website_id, persona_id) VALUES (384, 1);
INSERT INTO websites (id, name, slug, url, short_description, purpose, category_id, click_count, is_active) VALUES (385, 'SmartMate Pro', 'smartmate-pro-491', 'https://smartmate-pro-491.com', 'An incredibly advanced AI tool revolutionizing the way you handle research & analysis. Try SmartMate Pro today.', 'Productivity Engine', 4, 0, 1);
INSERT INTO website_intents (website_id, intent_id) VALUES (385, 2);
INSERT INTO website_intents (website_id, intent_id) VALUES (385, 3);
INSERT INTO website_personas (website_id, persona_id) VALUES (385, 6);
INSERT INTO websites (id, name, slug, url, short_description, purpose, category_id, click_count, is_active) VALUES (386, 'GeniBot', 'genibot-6796', 'https://genibot-6796.com', 'An incredibly advanced AI tool revolutionizing the way you handle research & analysis. Try GeniBot today.', 'Creative Studio', 4, 0, 1);
INSERT INTO website_intents (website_id, intent_id) VALUES (386, 6);
INSERT INTO website_intents (website_id, intent_id) VALUES (386, 1);
INSERT INTO website_personas (website_id, persona_id) VALUES (386, 3);
INSERT INTO websites (id, name, slug, url, short_description, purpose, category_id, click_count, is_active) VALUES (387, 'Vibeify Pro', 'vibeify-pro-7424', 'https://vibeify-pro-7424.com', 'Enhance your productivity with Vibeify Pro. Perfect for seamless research & analysis automation.', 'Productivity Engine', 4, 0, 1);
INSERT INTO website_intents (website_id, intent_id) VALUES (387, 4);
INSERT INTO website_personas (website_id, persona_id) VALUES (387, 6);
INSERT INTO websites (id, name, slug, url, short_description, purpose, category_id, click_count, is_active) VALUES (388, 'FlowCraft Pro', 'flowcraft-pro-1979', 'https://flowcraft-pro-1979.com', 'An incredibly advanced AI tool revolutionizing the way you handle research & analysis. Try FlowCraft Pro today.', 'Creative Studio', 4, 0, 1);
INSERT INTO website_intents (website_id, intent_id) VALUES (388, 2);
INSERT INTO website_personas (website_id, persona_id) VALUES (388, 4);
INSERT INTO website_personas (website_id, persona_id) VALUES (388, 3);
INSERT INTO websites (id, name, slug, url, short_description, purpose, category_id, click_count, is_active) VALUES (389, 'CogniGen', 'cognigen-5938', 'https://cognigen-5938.com', 'An incredibly advanced AI tool revolutionizing the way you handle research & analysis. Try CogniGen today.', 'Productivity Engine', 4, 0, 1);
INSERT INTO website_intents (website_id, intent_id) VALUES (389, 5);
INSERT INTO website_personas (website_id, persona_id) VALUES (389, 6);
INSERT INTO website_personas (website_id, persona_id) VALUES (389, 2);
INSERT INTO websites (id, name, slug, url, short_description, purpose, category_id, click_count, is_active) VALUES (390, 'SmartCraft', 'smartcraft-3241', 'https://smartcraft-3241.com', 'Enhance your productivity with SmartCraft. Perfect for seamless research & analysis automation.', 'Creative Studio', 4, 0, 1);
INSERT INTO website_intents (website_id, intent_id) VALUES (390, 6);
INSERT INTO website_personas (website_id, persona_id) VALUES (390, 2);
INSERT INTO websites (id, name, slug, url, short_description, purpose, category_id, click_count, is_active) VALUES (391, 'VibeForge', 'vibeforge-7262', 'https://vibeforge-7262.com', 'An incredibly advanced AI tool revolutionizing the way you handle research & analysis. Try VibeForge today.', 'Productivity Engine', 4, 0, 1);
INSERT INTO website_intents (website_id, intent_id) VALUES (391, 3);
INSERT INTO website_personas (website_id, persona_id) VALUES (391, 3);
INSERT INTO website_personas (website_id, persona_id) VALUES (391, 5);
INSERT INTO websites (id, name, slug, url, short_description, purpose, category_id, click_count, is_active) VALUES (392, 'HyperFlow', 'hyperflow-4381', 'https://hyperflow-4381.com', 'An incredibly advanced AI tool revolutionizing the way you handle research & analysis. Try HyperFlow today.', 'Creative Studio', 4, 0, 1);
INSERT INTO website_intents (website_id, intent_id) VALUES (392, 4);
INSERT INTO website_personas (website_id, persona_id) VALUES (392, 3);
INSERT INTO websites (id, name, slug, url, short_description, purpose, category_id, click_count, is_active) VALUES (393, 'SyntheGen', 'synthegen-8873', 'https://synthegen-8873.com', 'Enhance your productivity with SyntheGen. Perfect for seamless research & analysis automation.', 'Productivity Engine', 4, 0, 1);
INSERT INTO website_intents (website_id, intent_id) VALUES (393, 1);
INSERT INTO website_personas (website_id, persona_id) VALUES (393, 1);
INSERT INTO websites (id, name, slug, url, short_description, purpose, category_id, click_count, is_active) VALUES (394, 'VibeBot Pro', 'vibebot-pro-744', 'https://vibebot-pro-744.com', 'An incredibly advanced AI tool revolutionizing the way you handle research & analysis. Try VibeBot Pro today.', 'Creative Studio', 4, 0, 1);
INSERT INTO website_intents (website_id, intent_id) VALUES (394, 4);
INSERT INTO website_personas (website_id, persona_id) VALUES (394, 3);
INSERT INTO website_personas (website_id, persona_id) VALUES (394, 2);
INSERT INTO websites (id, name, slug, url, short_description, purpose, category_id, click_count, is_active) VALUES (395, 'AutoAI Pro', 'autoai-pro-5453', 'https://autoai-pro-5453.com', 'An incredibly advanced AI tool revolutionizing the way you handle research & analysis. Try AutoAI Pro today.', 'Productivity Engine', 4, 0, 1);
INSERT INTO website_intents (website_id, intent_id) VALUES (395, 2);
INSERT INTO website_intents (website_id, intent_id) VALUES (395, 3);
INSERT INTO website_personas (website_id, persona_id) VALUES (395, 2);
INSERT INTO websites (id, name, slug, url, short_description, purpose, category_id, click_count, is_active) VALUES (396, 'ProForge', 'proforge-8310', 'https://proforge-8310.com', 'Enhance your productivity with ProForge. Perfect for seamless research & analysis automation.', 'Creative Studio', 4, 0, 1);
INSERT INTO website_intents (website_id, intent_id) VALUES (396, 3);
INSERT INTO website_intents (website_id, intent_id) VALUES (396, 2);
INSERT INTO website_personas (website_id, persona_id) VALUES (396, 4);
INSERT INTO website_personas (website_id, persona_id) VALUES (396, 6);
INSERT INTO websites (id, name, slug, url, short_description, purpose, category_id, click_count, is_active) VALUES (397, 'CogniForge', 'cogniforge-3801', 'https://cogniforge-3801.com', 'An incredibly advanced AI tool revolutionizing the way you handle research & analysis. Try CogniForge today.', 'Productivity Engine', 4, 0, 1);
INSERT INTO website_intents (website_id, intent_id) VALUES (397, 3);
INSERT INTO website_intents (website_id, intent_id) VALUES (397, 4);
INSERT INTO website_personas (website_id, persona_id) VALUES (397, 3);
INSERT INTO website_personas (website_id, persona_id) VALUES (397, 4);
INSERT INTO websites (id, name, slug, url, short_description, purpose, category_id, click_count, is_active) VALUES (398, 'FlowGen', 'flowgen-710', 'https://flowgen-710.com', 'An incredibly advanced AI tool revolutionizing the way you handle research & analysis. Try FlowGen today.', 'Creative Studio', 4, 0, 1);
INSERT INTO website_intents (website_id, intent_id) VALUES (398, 6);
INSERT INTO website_intents (website_id, intent_id) VALUES (398, 1);
INSERT INTO website_personas (website_id, persona_id) VALUES (398, 4);
INSERT INTO websites (id, name, slug, url, short_description, purpose, category_id, click_count, is_active) VALUES (399, 'CogniCraft', 'cognicraft-9593', 'https://cognicraft-9593.com', 'Enhance your productivity with CogniCraft. Perfect for seamless research & analysis automation.', 'Productivity Engine', 4, 0, 1);
INSERT INTO website_intents (website_id, intent_id) VALUES (399, 5);
INSERT INTO website_intents (website_id, intent_id) VALUES (399, 2);
INSERT INTO website_personas (website_id, persona_id) VALUES (399, 1);
INSERT INTO website_personas (website_id, persona_id) VALUES (399, 2);
INSERT INTO websites (id, name, slug, url, short_description, purpose, category_id, click_count, is_active) VALUES (400, 'HyperFlow', 'hyperflow-6802', 'https://hyperflow-6802.com', 'An incredibly advanced AI tool revolutionizing the way you handle research & analysis. Try HyperFlow today.', 'Creative Studio', 4, 0, 1);
INSERT INTO website_intents (website_id, intent_id) VALUES (400, 3);
INSERT INTO website_personas (website_id, persona_id) VALUES (400, 1);
INSERT INTO website_personas (website_id, persona_id) VALUES (400, 2);
INSERT INTO websites (id, name, slug, url, short_description, purpose, category_id, click_count, is_active) VALUES (401, 'NextFlow', 'nextflow-7983', 'https://nextflow-7983.com', 'An incredibly advanced AI tool revolutionizing the way you handle research & analysis. Try NextFlow today.', 'Productivity Engine', 4, 0, 1);
INSERT INTO website_intents (website_id, intent_id) VALUES (401, 3);
INSERT INTO website_intents (website_id, intent_id) VALUES (401, 6);
INSERT INTO website_personas (website_id, persona_id) VALUES (401, 4);
INSERT INTO website_personas (website_id, persona_id) VALUES (401, 5);
INSERT INTO websites (id, name, slug, url, short_description, purpose, category_id, click_count, is_active) VALUES (402, 'SmartFlow', 'smartflow-3554', 'https://smartflow-3554.com', 'Enhance your productivity with SmartFlow. Perfect for seamless research & analysis automation.', 'Creative Studio', 4, 0, 1);
INSERT INTO website_intents (website_id, intent_id) VALUES (402, 6);
INSERT INTO website_personas (website_id, persona_id) VALUES (402, 4);
INSERT INTO website_personas (website_id, persona_id) VALUES (402, 3);
INSERT INTO websites (id, name, slug, url, short_description, purpose, category_id, click_count, is_active) VALUES (403, 'CogniAI', 'cogniai-9345', 'https://cogniai-9345.com', 'An incredibly advanced AI tool revolutionizing the way you handle research & analysis. Try CogniAI today.', 'Productivity Engine', 4, 0, 1);
INSERT INTO website_intents (website_id, intent_id) VALUES (403, 3);
INSERT INTO website_personas (website_id, persona_id) VALUES (403, 4);
INSERT INTO websites (id, name, slug, url, short_description, purpose, category_id, click_count, is_active) VALUES (404, 'Genily', 'genily-4102', 'https://genily-4102.com', 'An incredibly advanced AI tool revolutionizing the way you handle research & analysis. Try Genily today.', 'Creative Studio', 4, 0, 1);
INSERT INTO website_intents (website_id, intent_id) VALUES (404, 6);
INSERT INTO website_personas (website_id, persona_id) VALUES (404, 1);
INSERT INTO website_personas (website_id, persona_id) VALUES (404, 4);
INSERT INTO websites (id, name, slug, url, short_description, purpose, category_id, click_count, is_active) VALUES (405, 'DeepMind Pro', 'deepmind-pro-6535', 'https://deepmind-pro-6535.com', 'Enhance your productivity with DeepMind Pro. Perfect for seamless research & analysis automation.', 'Productivity Engine', 4, 0, 1);
INSERT INTO website_intents (website_id, intent_id) VALUES (405, 5);
INSERT INTO website_personas (website_id, persona_id) VALUES (405, 3);
INSERT INTO websites (id, name, slug, url, short_description, purpose, category_id, click_count, is_active) VALUES (406, 'ZenFlow Pro', 'zenflow-pro-5665', 'https://zenflow-pro-5665.com', 'An incredibly advanced AI tool revolutionizing the way you handle research & analysis. Try ZenFlow Pro today.', 'Creative Studio', 4, 0, 1);
INSERT INTO website_intents (website_id, intent_id) VALUES (406, 4);
INSERT INTO website_personas (website_id, persona_id) VALUES (406, 5);
INSERT INTO websites (id, name, slug, url, short_description, purpose, category_id, click_count, is_active) VALUES (407, 'Cogniify Pro', 'cogniify-pro-8427', 'https://cogniify-pro-8427.com', 'An incredibly advanced AI tool revolutionizing the way you handle research & analysis. Try Cogniify Pro today.', 'Productivity Engine', 4, 0, 1);
INSERT INTO website_intents (website_id, intent_id) VALUES (407, 5);
INSERT INTO website_personas (website_id, persona_id) VALUES (407, 4);
INSERT INTO websites (id, name, slug, url, short_description, purpose, category_id, click_count, is_active) VALUES (408, 'SmartCraft', 'smartcraft-9151', 'https://smartcraft-9151.com', 'Enhance your productivity with SmartCraft. Perfect for seamless research & analysis automation.', 'Creative Studio', 4, 0, 1);
INSERT INTO website_intents (website_id, intent_id) VALUES (408, 5);
INSERT INTO website_personas (website_id, persona_id) VALUES (408, 6);
INSERT INTO website_personas (website_id, persona_id) VALUES (408, 5);
INSERT INTO websites (id, name, slug, url, short_description, purpose, category_id, click_count, is_active) VALUES (409, 'ProFlow', 'proflow-3717', 'https://proflow-3717.com', 'An incredibly advanced AI tool revolutionizing the way you handle research & analysis. Try ProFlow today.', 'Productivity Engine', 4, 0, 1);
INSERT INTO website_intents (website_id, intent_id) VALUES (409, 3);
INSERT INTO website_personas (website_id, persona_id) VALUES (409, 3);
INSERT INTO website_personas (website_id, persona_id) VALUES (409, 6);
INSERT INTO websites (id, name, slug, url, short_description, purpose, category_id, click_count, is_active) VALUES (410, 'CogniForge Pro', 'cogniforge-pro-1995', 'https://cogniforge-pro-1995.com', 'An incredibly advanced AI tool revolutionizing the way you handle research & analysis. Try CogniForge Pro today.', 'Creative Studio', 4, 0, 1);
INSERT INTO website_intents (website_id, intent_id) VALUES (410, 2);
INSERT INTO website_personas (website_id, persona_id) VALUES (410, 4);
INSERT INTO website_personas (website_id, persona_id) VALUES (410, 5);
INSERT INTO websites (id, name, slug, url, short_description, purpose, category_id, click_count, is_active) VALUES (411, 'SmartCraft', 'smartcraft-555', 'https://smartcraft-555.com', 'Enhance your productivity with SmartCraft. Perfect for seamless research & analysis automation.', 'Productivity Engine', 4, 0, 1);
INSERT INTO website_intents (website_id, intent_id) VALUES (411, 1);
INSERT INTO website_intents (website_id, intent_id) VALUES (411, 2);
INSERT INTO website_personas (website_id, persona_id) VALUES (411, 6);
INSERT INTO website_personas (website_id, persona_id) VALUES (411, 1);
INSERT INTO websites (id, name, slug, url, short_description, purpose, category_id, click_count, is_active) VALUES (412, 'Vibeify', 'vibeify-9257', 'https://vibeify-9257.com', 'An incredibly advanced AI tool revolutionizing the way you handle research & analysis. Try Vibeify today.', 'Creative Studio', 4, 0, 1);
INSERT INTO website_intents (website_id, intent_id) VALUES (412, 3);
INSERT INTO website_personas (website_id, persona_id) VALUES (412, 1);
INSERT INTO website_personas (website_id, persona_id) VALUES (412, 2);
INSERT INTO websites (id, name, slug, url, short_description, purpose, category_id, click_count, is_active) VALUES (413, 'AutoMind', 'automind-241', 'https://automind-241.com', 'An incredibly advanced AI tool revolutionizing the way you handle research & analysis. Try AutoMind today.', 'Productivity Engine', 4, 0, 1);
INSERT INTO website_intents (website_id, intent_id) VALUES (413, 1);
INSERT INTO website_personas (website_id, persona_id) VALUES (413, 1);
INSERT INTO websites (id, name, slug, url, short_description, purpose, category_id, click_count, is_active) VALUES (414, 'CogniAI', 'cogniai-4652', 'https://cogniai-4652.com', 'Enhance your productivity with CogniAI. Perfect for seamless research & analysis automation.', 'Creative Studio', 4, 0, 1);
INSERT INTO website_intents (website_id, intent_id) VALUES (414, 3);
INSERT INTO website_personas (website_id, persona_id) VALUES (414, 6);
INSERT INTO website_personas (website_id, persona_id) VALUES (414, 4);
INSERT INTO websites (id, name, slug, url, short_description, purpose, category_id, click_count, is_active) VALUES (415, 'CogniAI Pro', 'cogniai-pro-598', 'https://cogniai-pro-598.com', 'Enhance your productivity with CogniAI Pro. Perfect for seamless code & development automation.', 'Productivity Engine', 5, 0, 1);
INSERT INTO website_intents (website_id, intent_id) VALUES (415, 6);
INSERT INTO website_intents (website_id, intent_id) VALUES (415, 1);
INSERT INTO website_personas (website_id, persona_id) VALUES (415, 1);
INSERT INTO website_personas (website_id, persona_id) VALUES (415, 6);
INSERT INTO websites (id, name, slug, url, short_description, purpose, category_id, click_count, is_active) VALUES (416, 'AutoMate', 'automate-6530', 'https://automate-6530.com', 'An incredibly advanced AI tool revolutionizing the way you handle code & development. Try AutoMate today.', 'Creative Studio', 5, 0, 1);
INSERT INTO website_intents (website_id, intent_id) VALUES (416, 3);
INSERT INTO website_personas (website_id, persona_id) VALUES (416, 1);
INSERT INTO website_personas (website_id, persona_id) VALUES (416, 2);
INSERT INTO websites (id, name, slug, url, short_description, purpose, category_id, click_count, is_active) VALUES (417, 'GeniGen', 'genigen-8595', 'https://genigen-8595.com', 'An incredibly advanced AI tool revolutionizing the way you handle code & development. Try GeniGen today.', 'Productivity Engine', 5, 0, 1);
INSERT INTO website_intents (website_id, intent_id) VALUES (417, 1);
INSERT INTO website_intents (website_id, intent_id) VALUES (417, 2);
INSERT INTO website_personas (website_id, persona_id) VALUES (417, 3);
INSERT INTO website_personas (website_id, persona_id) VALUES (417, 1);
INSERT INTO websites (id, name, slug, url, short_description, purpose, category_id, click_count, is_active) VALUES (418, 'VibeAI Pro', 'vibeai-pro-6750', 'https://vibeai-pro-6750.com', 'Enhance your productivity with VibeAI Pro. Perfect for seamless code & development automation.', 'Creative Studio', 5, 0, 1);
INSERT INTO website_intents (website_id, intent_id) VALUES (418, 1);
INSERT INTO website_personas (website_id, persona_id) VALUES (418, 6);
INSERT INTO websites (id, name, slug, url, short_description, purpose, category_id, click_count, is_active) VALUES (419, 'Zenly', 'zenly-2650', 'https://zenly-2650.com', 'An incredibly advanced AI tool revolutionizing the way you handle code & development. Try Zenly today.', 'Productivity Engine', 5, 0, 1);
INSERT INTO website_intents (website_id, intent_id) VALUES (419, 3);
INSERT INTO website_personas (website_id, persona_id) VALUES (419, 6);
INSERT INTO website_personas (website_id, persona_id) VALUES (419, 2);
INSERT INTO websites (id, name, slug, url, short_description, purpose, category_id, click_count, is_active) VALUES (420, 'HyperFlow Pro', 'hyperflow-pro-2960', 'https://hyperflow-pro-2960.com', 'An incredibly advanced AI tool revolutionizing the way you handle code & development. Try HyperFlow Pro today.', 'Creative Studio', 5, 0, 1);
INSERT INTO website_intents (website_id, intent_id) VALUES (420, 3);
INSERT INTO website_intents (website_id, intent_id) VALUES (420, 1);
INSERT INTO website_personas (website_id, persona_id) VALUES (420, 6);
INSERT INTO website_personas (website_id, persona_id) VALUES (420, 1);
INSERT INTO websites (id, name, slug, url, short_description, purpose, category_id, click_count, is_active) VALUES (421, 'DeepAI', 'deepai-3228', 'https://deepai-3228.com', 'Enhance your productivity with DeepAI. Perfect for seamless code & development automation.', 'Productivity Engine', 5, 0, 1);
INSERT INTO website_intents (website_id, intent_id) VALUES (421, 5);
INSERT INTO website_intents (website_id, intent_id) VALUES (421, 1);
INSERT INTO website_personas (website_id, persona_id) VALUES (421, 4);
INSERT INTO websites (id, name, slug, url, short_description, purpose, category_id, click_count, is_active) VALUES (422, 'HyperAI', 'hyperai-4244', 'https://hyperai-4244.com', 'An incredibly advanced AI tool revolutionizing the way you handle code & development. Try HyperAI today.', 'Creative Studio', 5, 0, 1);
INSERT INTO website_intents (website_id, intent_id) VALUES (422, 6);
INSERT INTO website_personas (website_id, persona_id) VALUES (422, 4);
INSERT INTO websites (id, name, slug, url, short_description, purpose, category_id, click_count, is_active) VALUES (423, 'QuickForge Pro', 'quickforge-pro-122', 'https://quickforge-pro-122.com', 'An incredibly advanced AI tool revolutionizing the way you handle code & development. Try QuickForge Pro today.', 'Productivity Engine', 5, 0, 1);
INSERT INTO website_intents (website_id, intent_id) VALUES (423, 1);
INSERT INTO website_personas (website_id, persona_id) VALUES (423, 6);
INSERT INTO website_personas (website_id, persona_id) VALUES (423, 2);
INSERT INTO websites (id, name, slug, url, short_description, purpose, category_id, click_count, is_active) VALUES (424, 'AutoFlow', 'autoflow-6002', 'https://autoflow-6002.com', 'Enhance your productivity with AutoFlow. Perfect for seamless code & development automation.', 'Creative Studio', 5, 0, 1);
INSERT INTO website_intents (website_id, intent_id) VALUES (424, 1);
INSERT INTO website_personas (website_id, persona_id) VALUES (424, 3);
INSERT INTO websites (id, name, slug, url, short_description, purpose, category_id, click_count, is_active) VALUES (425, 'Vibeify', 'vibeify-5623', 'https://vibeify-5623.com', 'An incredibly advanced AI tool revolutionizing the way you handle code & development. Try Vibeify today.', 'Productivity Engine', 5, 0, 1);
INSERT INTO website_intents (website_id, intent_id) VALUES (425, 4);
INSERT INTO website_intents (website_id, intent_id) VALUES (425, 1);
INSERT INTO website_personas (website_id, persona_id) VALUES (425, 1);
INSERT INTO website_personas (website_id, persona_id) VALUES (425, 6);
INSERT INTO websites (id, name, slug, url, short_description, purpose, category_id, click_count, is_active) VALUES (426, 'ZenAI', 'zenai-8926', 'https://zenai-8926.com', 'An incredibly advanced AI tool revolutionizing the way you handle code & development. Try ZenAI today.', 'Creative Studio', 5, 0, 1);
INSERT INTO website_intents (website_id, intent_id) VALUES (426, 6);
INSERT INTO website_intents (website_id, intent_id) VALUES (426, 3);
INSERT INTO website_personas (website_id, persona_id) VALUES (426, 4);
INSERT INTO websites (id, name, slug, url, short_description, purpose, category_id, click_count, is_active) VALUES (427, 'SmartMind', 'smartmind-5517', 'https://smartmind-5517.com', 'Enhance your productivity with SmartMind. Perfect for seamless code & development automation.', 'Productivity Engine', 5, 0, 1);
INSERT INTO website_intents (website_id, intent_id) VALUES (427, 5);
INSERT INTO website_intents (website_id, intent_id) VALUES (427, 3);
INSERT INTO website_personas (website_id, persona_id) VALUES (427, 3);
INSERT INTO websites (id, name, slug, url, short_description, purpose, category_id, click_count, is_active) VALUES (428, 'ProBase', 'probase-2000', 'https://probase-2000.com', 'An incredibly advanced AI tool revolutionizing the way you handle code & development. Try ProBase today.', 'Creative Studio', 5, 0, 1);
INSERT INTO website_intents (website_id, intent_id) VALUES (428, 4);
INSERT INTO website_personas (website_id, persona_id) VALUES (428, 5);
INSERT INTO website_personas (website_id, persona_id) VALUES (428, 4);
INSERT INTO websites (id, name, slug, url, short_description, purpose, category_id, click_count, is_active) VALUES (429, 'GeniCraft', 'genicraft-207', 'https://genicraft-207.com', 'An incredibly advanced AI tool revolutionizing the way you handle code & development. Try GeniCraft today.', 'Productivity Engine', 5, 0, 1);
INSERT INTO website_intents (website_id, intent_id) VALUES (429, 1);
INSERT INTO website_personas (website_id, persona_id) VALUES (429, 2);
INSERT INTO website_personas (website_id, persona_id) VALUES (429, 4);
INSERT INTO websites (id, name, slug, url, short_description, purpose, category_id, click_count, is_active) VALUES (430, 'ProGen', 'progen-6416', 'https://progen-6416.com', 'Enhance your productivity with ProGen. Perfect for seamless code & development automation.', 'Creative Studio', 5, 0, 1);
INSERT INTO website_intents (website_id, intent_id) VALUES (430, 6);
INSERT INTO website_intents (website_id, intent_id) VALUES (430, 4);
INSERT INTO website_personas (website_id, persona_id) VALUES (430, 1);
INSERT INTO website_personas (website_id, persona_id) VALUES (430, 3);
INSERT INTO websites (id, name, slug, url, short_description, purpose, category_id, click_count, is_active) VALUES (431, 'Cogniify', 'cogniify-533', 'https://cogniify-533.com', 'An incredibly advanced AI tool revolutionizing the way you handle code & development. Try Cogniify today.', 'Productivity Engine', 5, 0, 1);
INSERT INTO website_intents (website_id, intent_id) VALUES (431, 4);
INSERT INTO website_personas (website_id, persona_id) VALUES (431, 6);
INSERT INTO website_personas (website_id, persona_id) VALUES (431, 1);
INSERT INTO websites (id, name, slug, url, short_description, purpose, category_id, click_count, is_active) VALUES (432, 'ZenForge Pro', 'zenforge-pro-4010', 'https://zenforge-pro-4010.com', 'An incredibly advanced AI tool revolutionizing the way you handle code & development. Try ZenForge Pro today.', 'Creative Studio', 5, 0, 1);
INSERT INTO website_intents (website_id, intent_id) VALUES (432, 3);
INSERT INTO website_personas (website_id, persona_id) VALUES (432, 1);
INSERT INTO websites (id, name, slug, url, short_description, purpose, category_id, click_count, is_active) VALUES (433, 'SyntheBase', 'synthebase-9283', 'https://synthebase-9283.com', 'Enhance your productivity with SyntheBase. Perfect for seamless code & development automation.', 'Productivity Engine', 5, 0, 1);
INSERT INTO website_intents (website_id, intent_id) VALUES (433, 1);
INSERT INTO website_personas (website_id, persona_id) VALUES (433, 5);
INSERT INTO website_personas (website_id, persona_id) VALUES (433, 1);
INSERT INTO websites (id, name, slug, url, short_description, purpose, category_id, click_count, is_active) VALUES (434, 'Smartify Pro', 'smartify-pro-3674', 'https://smartify-pro-3674.com', 'An incredibly advanced AI tool revolutionizing the way you handle code & development. Try Smartify Pro today.', 'Creative Studio', 5, 0, 1);
INSERT INTO website_intents (website_id, intent_id) VALUES (434, 5);
INSERT INTO website_intents (website_id, intent_id) VALUES (434, 6);
INSERT INTO website_personas (website_id, persona_id) VALUES (434, 4);
INSERT INTO websites (id, name, slug, url, short_description, purpose, category_id, click_count, is_active) VALUES (435, 'HyperSync', 'hypersync-1980', 'https://hypersync-1980.com', 'An incredibly advanced AI tool revolutionizing the way you handle code & development. Try HyperSync today.', 'Productivity Engine', 5, 0, 1);
INSERT INTO website_intents (website_id, intent_id) VALUES (435, 1);
INSERT INTO website_intents (website_id, intent_id) VALUES (435, 2);
INSERT INTO website_personas (website_id, persona_id) VALUES (435, 6);
INSERT INTO websites (id, name, slug, url, short_description, purpose, category_id, click_count, is_active) VALUES (436, 'FlowAI Pro', 'flowai-pro-8069', 'https://flowai-pro-8069.com', 'Enhance your productivity with FlowAI Pro. Perfect for seamless code & development automation.', 'Creative Studio', 5, 0, 1);
INSERT INTO website_intents (website_id, intent_id) VALUES (436, 6);
INSERT INTO website_personas (website_id, persona_id) VALUES (436, 1);
INSERT INTO website_personas (website_id, persona_id) VALUES (436, 6);
INSERT INTO websites (id, name, slug, url, short_description, purpose, category_id, click_count, is_active) VALUES (437, 'AutoFlow', 'autoflow-4288', 'https://autoflow-4288.com', 'An incredibly advanced AI tool revolutionizing the way you handle code & development. Try AutoFlow today.', 'Productivity Engine', 5, 0, 1);
INSERT INTO website_intents (website_id, intent_id) VALUES (437, 4);
INSERT INTO website_intents (website_id, intent_id) VALUES (437, 1);
INSERT INTO website_personas (website_id, persona_id) VALUES (437, 1);
INSERT INTO website_personas (website_id, persona_id) VALUES (437, 5);
INSERT INTO websites (id, name, slug, url, short_description, purpose, category_id, click_count, is_active) VALUES (438, 'Quickify', 'quickify-3551', 'https://quickify-3551.com', 'An incredibly advanced AI tool revolutionizing the way you handle code & development. Try Quickify today.', 'Creative Studio', 5, 0, 1);
INSERT INTO website_intents (website_id, intent_id) VALUES (438, 3);
INSERT INTO website_personas (website_id, persona_id) VALUES (438, 4);
INSERT INTO websites (id, name, slug, url, short_description, purpose, category_id, click_count, is_active) VALUES (439, 'AutoMate', 'automate-4154', 'https://automate-4154.com', 'Enhance your productivity with AutoMate. Perfect for seamless code & development automation.', 'Productivity Engine', 5, 0, 1);
INSERT INTO website_intents (website_id, intent_id) VALUES (439, 1);
INSERT INTO website_personas (website_id, persona_id) VALUES (439, 2);
INSERT INTO website_personas (website_id, persona_id) VALUES (439, 4);
INSERT INTO websites (id, name, slug, url, short_description, purpose, category_id, click_count, is_active) VALUES (440, 'FlowCraft', 'flowcraft-2420', 'https://flowcraft-2420.com', 'An incredibly advanced AI tool revolutionizing the way you handle code & development. Try FlowCraft today.', 'Creative Studio', 5, 0, 1);
INSERT INTO website_intents (website_id, intent_id) VALUES (440, 1);
INSERT INTO website_personas (website_id, persona_id) VALUES (440, 4);
INSERT INTO websites (id, name, slug, url, short_description, purpose, category_id, click_count, is_active) VALUES (441, 'CogniForge', 'cogniforge-1255', 'https://cogniforge-1255.com', 'An incredibly advanced AI tool revolutionizing the way you handle code & development. Try CogniForge today.', 'Productivity Engine', 5, 0, 1);
INSERT INTO website_intents (website_id, intent_id) VALUES (441, 1);
INSERT INTO website_personas (website_id, persona_id) VALUES (441, 6);
INSERT INTO websites (id, name, slug, url, short_description, purpose, category_id, click_count, is_active) VALUES (442, 'DeepSync', 'deepsync-8188', 'https://deepsync-8188.com', 'Enhance your productivity with DeepSync. Perfect for seamless code & development automation.', 'Creative Studio', 5, 0, 1);
INSERT INTO website_intents (website_id, intent_id) VALUES (442, 3);
INSERT INTO website_personas (website_id, persona_id) VALUES (442, 2);
INSERT INTO website_personas (website_id, persona_id) VALUES (442, 1);
INSERT INTO websites (id, name, slug, url, short_description, purpose, category_id, click_count, is_active) VALUES (443, 'ProMind', 'promind-2441', 'https://promind-2441.com', 'An incredibly advanced AI tool revolutionizing the way you handle code & development. Try ProMind today.', 'Productivity Engine', 5, 0, 1);
INSERT INTO website_intents (website_id, intent_id) VALUES (443, 4);
INSERT INTO website_personas (website_id, persona_id) VALUES (443, 3);
INSERT INTO websites (id, name, slug, url, short_description, purpose, category_id, click_count, is_active) VALUES (444, 'HyperBase', 'hyperbase-8630', 'https://hyperbase-8630.com', 'An incredibly advanced AI tool revolutionizing the way you handle code & development. Try HyperBase today.', 'Creative Studio', 5, 0, 1);
INSERT INTO website_intents (website_id, intent_id) VALUES (444, 3);
INSERT INTO website_intents (website_id, intent_id) VALUES (444, 4);
INSERT INTO website_personas (website_id, persona_id) VALUES (444, 3);
INSERT INTO websites (id, name, slug, url, short_description, purpose, category_id, click_count, is_active) VALUES (445, 'ZenGen', 'zengen-1224', 'https://zengen-1224.com', 'Enhance your productivity with ZenGen. Perfect for seamless code & development automation.', 'Productivity Engine', 5, 0, 1);
INSERT INTO website_intents (website_id, intent_id) VALUES (445, 5);
INSERT INTO website_personas (website_id, persona_id) VALUES (445, 5);
INSERT INTO websites (id, name, slug, url, short_description, purpose, category_id, click_count, is_active) VALUES (446, 'NextMate Pro', 'nextmate-pro-7378', 'https://nextmate-pro-7378.com', 'An incredibly advanced AI tool revolutionizing the way you handle code & development. Try NextMate Pro today.', 'Creative Studio', 5, 0, 1);
INSERT INTO website_intents (website_id, intent_id) VALUES (446, 6);
INSERT INTO website_intents (website_id, intent_id) VALUES (446, 5);
INSERT INTO website_personas (website_id, persona_id) VALUES (446, 6);
INSERT INTO websites (id, name, slug, url, short_description, purpose, category_id, click_count, is_active) VALUES (447, 'SyntheForge', 'syntheforge-5953', 'https://syntheforge-5953.com', 'An incredibly advanced AI tool revolutionizing the way you handle code & development. Try SyntheForge today.', 'Productivity Engine', 5, 0, 1);
INSERT INTO website_intents (website_id, intent_id) VALUES (447, 2);
INSERT INTO website_personas (website_id, persona_id) VALUES (447, 5);
INSERT INTO website_personas (website_id, persona_id) VALUES (447, 4);
INSERT INTO websites (id, name, slug, url, short_description, purpose, category_id, click_count, is_active) VALUES (448, 'GeniFlow Pro', 'geniflow-pro-7414', 'https://geniflow-pro-7414.com', 'Enhance your productivity with GeniFlow Pro. Perfect for seamless code & development automation.', 'Creative Studio', 5, 0, 1);
INSERT INTO website_intents (website_id, intent_id) VALUES (448, 3);
INSERT INTO website_intents (website_id, intent_id) VALUES (448, 5);
INSERT INTO website_personas (website_id, persona_id) VALUES (448, 1);
INSERT INTO websites (id, name, slug, url, short_description, purpose, category_id, click_count, is_active) VALUES (449, 'SyntheAI Pro', 'syntheai-pro-3755', 'https://syntheai-pro-3755.com', 'An incredibly advanced AI tool revolutionizing the way you handle code & development. Try SyntheAI Pro today.', 'Productivity Engine', 5, 0, 1);
INSERT INTO website_intents (website_id, intent_id) VALUES (449, 1);
INSERT INTO website_intents (website_id, intent_id) VALUES (449, 3);
INSERT INTO website_personas (website_id, persona_id) VALUES (449, 4);
INSERT INTO websites (id, name, slug, url, short_description, purpose, category_id, click_count, is_active) VALUES (450, 'VibeAI Pro', 'vibeai-pro-2379', 'https://vibeai-pro-2379.com', 'An incredibly advanced AI tool revolutionizing the way you handle code & development. Try VibeAI Pro today.', 'Creative Studio', 5, 0, 1);
INSERT INTO website_intents (website_id, intent_id) VALUES (450, 6);
INSERT INTO website_personas (website_id, persona_id) VALUES (450, 4);
INSERT INTO website_personas (website_id, persona_id) VALUES (450, 3);
INSERT INTO websites (id, name, slug, url, short_description, purpose, category_id, click_count, is_active) VALUES (451, 'Autoify Pro', 'autoify-pro-6586', 'https://autoify-pro-6586.com', 'Enhance your productivity with Autoify Pro. Perfect for seamless code & development automation.', 'Productivity Engine', 5, 0, 1);
INSERT INTO website_intents (website_id, intent_id) VALUES (451, 2);
INSERT INTO website_personas (website_id, persona_id) VALUES (451, 3);
INSERT INTO websites (id, name, slug, url, short_description, purpose, category_id, click_count, is_active) VALUES (452, 'AutoFlow', 'autoflow-6902', 'https://autoflow-6902.com', 'An incredibly advanced AI tool revolutionizing the way you handle code & development. Try AutoFlow today.', 'Creative Studio', 5, 0, 1);
INSERT INTO website_intents (website_id, intent_id) VALUES (452, 1);
INSERT INTO website_intents (website_id, intent_id) VALUES (452, 4);
INSERT INTO website_personas (website_id, persona_id) VALUES (452, 4);
INSERT INTO websites (id, name, slug, url, short_description, purpose, category_id, click_count, is_active) VALUES (453, 'SmartCraft Pro', 'smartcraft-pro-3795', 'https://smartcraft-pro-3795.com', 'An incredibly advanced AI tool revolutionizing the way you handle code & development. Try SmartCraft Pro today.', 'Productivity Engine', 5, 0, 1);
INSERT INTO website_intents (website_id, intent_id) VALUES (453, 4);
INSERT INTO website_intents (website_id, intent_id) VALUES (453, 3);
INSERT INTO website_personas (website_id, persona_id) VALUES (453, 1);
INSERT INTO websites (id, name, slug, url, short_description, purpose, category_id, click_count, is_active) VALUES (454, 'HyperMind Pro', 'hypermind-pro-5213', 'https://hypermind-pro-5213.com', 'Enhance your productivity with HyperMind Pro. Perfect for seamless code & development automation.', 'Creative Studio', 5, 0, 1);
INSERT INTO website_intents (website_id, intent_id) VALUES (454, 1);
INSERT INTO website_intents (website_id, intent_id) VALUES (454, 5);
INSERT INTO website_personas (website_id, persona_id) VALUES (454, 2);
INSERT INTO website_personas (website_id, persona_id) VALUES (454, 6);
INSERT INTO websites (id, name, slug, url, short_description, purpose, category_id, click_count, is_active) VALUES (455, 'QuickForge', 'quickforge-2314', 'https://quickforge-2314.com', 'An incredibly advanced AI tool revolutionizing the way you handle code & development. Try QuickForge today.', 'Productivity Engine', 5, 0, 1);
INSERT INTO website_intents (website_id, intent_id) VALUES (455, 1);
INSERT INTO website_personas (website_id, persona_id) VALUES (455, 4);
INSERT INTO websites (id, name, slug, url, short_description, purpose, category_id, click_count, is_active) VALUES (456, 'ZenSync', 'zensync-984', 'https://zensync-984.com', 'An incredibly advanced AI tool revolutionizing the way you handle code & development. Try ZenSync today.', 'Creative Studio', 5, 0, 1);
INSERT INTO website_intents (website_id, intent_id) VALUES (456, 6);
INSERT INTO website_personas (website_id, persona_id) VALUES (456, 5);
INSERT INTO website_personas (website_id, persona_id) VALUES (456, 2);
INSERT INTO websites (id, name, slug, url, short_description, purpose, category_id, click_count, is_active) VALUES (457, 'GeniAI Pro', 'geniai-pro-1394', 'https://geniai-pro-1394.com', 'Enhance your productivity with GeniAI Pro. Perfect for seamless code & development automation.', 'Productivity Engine', 5, 0, 1);
INSERT INTO website_intents (website_id, intent_id) VALUES (457, 1);
INSERT INTO website_personas (website_id, persona_id) VALUES (457, 2);
INSERT INTO website_personas (website_id, persona_id) VALUES (457, 4);
INSERT INTO websites (id, name, slug, url, short_description, purpose, category_id, click_count, is_active) VALUES (458, 'NextBase', 'nextbase-1135', 'https://nextbase-1135.com', 'An incredibly advanced AI tool revolutionizing the way you handle code & development. Try NextBase today.', 'Creative Studio', 5, 0, 1);
INSERT INTO website_intents (website_id, intent_id) VALUES (458, 4);
INSERT INTO website_personas (website_id, persona_id) VALUES (458, 6);
INSERT INTO websites (id, name, slug, url, short_description, purpose, category_id, click_count, is_active) VALUES (459, 'Proify', 'proify-7779', 'https://proify-7779.com', 'An incredibly advanced AI tool revolutionizing the way you handle code & development. Try Proify today.', 'Productivity Engine', 5, 0, 1);
INSERT INTO website_intents (website_id, intent_id) VALUES (459, 4);
INSERT INTO website_personas (website_id, persona_id) VALUES (459, 3);
INSERT INTO website_personas (website_id, persona_id) VALUES (459, 2);
INSERT INTO websites (id, name, slug, url, short_description, purpose, category_id, click_count, is_active) VALUES (460, 'SmartBase', 'smartbase-6254', 'https://smartbase-6254.com', 'Enhance your productivity with SmartBase. Perfect for seamless code & development automation.', 'Creative Studio', 5, 0, 1);
INSERT INTO website_intents (website_id, intent_id) VALUES (460, 6);
INSERT INTO website_intents (website_id, intent_id) VALUES (460, 5);
INSERT INTO website_personas (website_id, persona_id) VALUES (460, 6);
INSERT INTO websites (id, name, slug, url, short_description, purpose, category_id, click_count, is_active) VALUES (461, 'CogniForge', 'cogniforge-5596', 'https://cogniforge-5596.com', 'An incredibly advanced AI tool revolutionizing the way you handle code & development. Try CogniForge today.', 'Productivity Engine', 5, 0, 1);
INSERT INTO website_intents (website_id, intent_id) VALUES (461, 5);
INSERT INTO website_intents (website_id, intent_id) VALUES (461, 6);
INSERT INTO website_personas (website_id, persona_id) VALUES (461, 1);
INSERT INTO website_personas (website_id, persona_id) VALUES (461, 3);
INSERT INTO websites (id, name, slug, url, short_description, purpose, category_id, click_count, is_active) VALUES (462, 'AutoGen', 'autogen-3432', 'https://autogen-3432.com', 'An incredibly advanced AI tool revolutionizing the way you handle code & development. Try AutoGen today.', 'Creative Studio', 5, 0, 1);
INSERT INTO website_intents (website_id, intent_id) VALUES (462, 1);
INSERT INTO website_intents (website_id, intent_id) VALUES (462, 6);
INSERT INTO website_personas (website_id, persona_id) VALUES (462, 1);
INSERT INTO websites (id, name, slug, url, short_description, purpose, category_id, click_count, is_active) VALUES (463, 'AutoGen Pro', 'autogen-pro-10', 'https://autogen-pro-10.com', 'Enhance your productivity with AutoGen Pro. Perfect for seamless code & development automation.', 'Productivity Engine', 5, 0, 1);
INSERT INTO website_intents (website_id, intent_id) VALUES (463, 3);
INSERT INTO website_intents (website_id, intent_id) VALUES (463, 4);
INSERT INTO website_personas (website_id, persona_id) VALUES (463, 5);
INSERT INTO website_personas (website_id, persona_id) VALUES (463, 1);
INSERT INTO websites (id, name, slug, url, short_description, purpose, category_id, click_count, is_active) VALUES (464, 'ProMate Pro', 'promate-pro-3865', 'https://promate-pro-3865.com', 'An incredibly advanced AI tool revolutionizing the way you handle code & development. Try ProMate Pro today.', 'Creative Studio', 5, 0, 1);
INSERT INTO website_intents (website_id, intent_id) VALUES (464, 2);
INSERT INTO website_intents (website_id, intent_id) VALUES (464, 1);
INSERT INTO website_personas (website_id, persona_id) VALUES (464, 1);
INSERT INTO website_personas (website_id, persona_id) VALUES (464, 2);
INSERT INTO websites (id, name, slug, url, short_description, purpose, category_id, click_count, is_active) VALUES (465, 'ZenFlow Pro', 'zenflow-pro-246', 'https://zenflow-pro-246.com', 'An incredibly advanced AI tool revolutionizing the way you handle code & development. Try ZenFlow Pro today.', 'Productivity Engine', 5, 0, 1);
INSERT INTO website_intents (website_id, intent_id) VALUES (465, 3);
INSERT INTO website_intents (website_id, intent_id) VALUES (465, 4);
INSERT INTO website_personas (website_id, persona_id) VALUES (465, 2);
INSERT INTO websites (id, name, slug, url, short_description, purpose, category_id, click_count, is_active) VALUES (466, 'AutoAI Pro', 'autoai-pro-6279', 'https://autoai-pro-6279.com', 'Enhance your productivity with AutoAI Pro. Perfect for seamless code & development automation.', 'Creative Studio', 5, 0, 1);
INSERT INTO website_intents (website_id, intent_id) VALUES (466, 5);
INSERT INTO website_intents (website_id, intent_id) VALUES (466, 1);
INSERT INTO website_personas (website_id, persona_id) VALUES (466, 5);
INSERT INTO websites (id, name, slug, url, short_description, purpose, category_id, click_count, is_active) VALUES (467, 'SmartAI', 'smartai-2053', 'https://smartai-2053.com', 'An incredibly advanced AI tool revolutionizing the way you handle code & development. Try SmartAI today.', 'Productivity Engine', 5, 0, 1);
INSERT INTO website_intents (website_id, intent_id) VALUES (467, 5);
INSERT INTO website_personas (website_id, persona_id) VALUES (467, 6);
INSERT INTO websites (id, name, slug, url, short_description, purpose, category_id, click_count, is_active) VALUES (468, 'Syntheify', 'syntheify-9673', 'https://syntheify-9673.com', 'An incredibly advanced AI tool revolutionizing the way you handle code & development. Try Syntheify today.', 'Creative Studio', 5, 0, 1);
INSERT INTO website_intents (website_id, intent_id) VALUES (468, 6);
INSERT INTO website_personas (website_id, persona_id) VALUES (468, 2);
INSERT INTO websites (id, name, slug, url, short_description, purpose, category_id, click_count, is_active) VALUES (469, 'HyperBot', 'hyperbot-5492', 'https://hyperbot-5492.com', 'Enhance your productivity with HyperBot. Perfect for seamless code & development automation.', 'Productivity Engine', 5, 0, 1);
INSERT INTO website_intents (website_id, intent_id) VALUES (469, 5);
INSERT INTO website_intents (website_id, intent_id) VALUES (469, 6);
INSERT INTO website_personas (website_id, persona_id) VALUES (469, 5);
INSERT INTO websites (id, name, slug, url, short_description, purpose, category_id, click_count, is_active) VALUES (470, 'NextBot', 'nextbot-7930', 'https://nextbot-7930.com', 'An incredibly advanced AI tool revolutionizing the way you handle code & development. Try NextBot today.', 'Creative Studio', 5, 0, 1);
INSERT INTO website_intents (website_id, intent_id) VALUES (470, 1);
INSERT INTO website_personas (website_id, persona_id) VALUES (470, 1);
INSERT INTO websites (id, name, slug, url, short_description, purpose, category_id, click_count, is_active) VALUES (471, 'NextFlow', 'nextflow-8453', 'https://nextflow-8453.com', 'An incredibly advanced AI tool revolutionizing the way you handle code & development. Try NextFlow today.', 'Productivity Engine', 5, 0, 1);
INSERT INTO website_intents (website_id, intent_id) VALUES (471, 4);
INSERT INTO website_intents (website_id, intent_id) VALUES (471, 1);
INSERT INTO website_personas (website_id, persona_id) VALUES (471, 2);
INSERT INTO website_personas (website_id, persona_id) VALUES (471, 1);
INSERT INTO websites (id, name, slug, url, short_description, purpose, category_id, click_count, is_active) VALUES (472, 'ProAI', 'proai-8106', 'https://proai-8106.com', 'Enhance your productivity with ProAI. Perfect for seamless code & development automation.', 'Creative Studio', 5, 0, 1);
INSERT INTO website_intents (website_id, intent_id) VALUES (472, 1);
INSERT INTO website_intents (website_id, intent_id) VALUES (472, 3);
INSERT INTO website_personas (website_id, persona_id) VALUES (472, 1);
INSERT INTO website_personas (website_id, persona_id) VALUES (472, 6);
INSERT INTO websites (id, name, slug, url, short_description, purpose, category_id, click_count, is_active) VALUES (473, 'NextAI', 'nextai-2936', 'https://nextai-2936.com', 'An incredibly advanced AI tool revolutionizing the way you handle code & development. Try NextAI today.', 'Productivity Engine', 5, 0, 1);
INSERT INTO website_intents (website_id, intent_id) VALUES (473, 6);
INSERT INTO website_personas (website_id, persona_id) VALUES (473, 5);
INSERT INTO websites (id, name, slug, url, short_description, purpose, category_id, click_count, is_active) VALUES (474, 'GeniGen', 'genigen-1472', 'https://genigen-1472.com', 'An incredibly advanced AI tool revolutionizing the way you handle code & development. Try GeniGen today.', 'Creative Studio', 5, 0, 1);
INSERT INTO website_intents (website_id, intent_id) VALUES (474, 2);
INSERT INTO website_personas (website_id, persona_id) VALUES (474, 3);
INSERT INTO website_personas (website_id, persona_id) VALUES (474, 4);
INSERT INTO websites (id, name, slug, url, short_description, purpose, category_id, click_count, is_active) VALUES (475, 'CogniCraft Pro', 'cognicraft-pro-5756', 'https://cognicraft-pro-5756.com', 'Enhance your productivity with CogniCraft Pro. Perfect for seamless code & development automation.', 'Productivity Engine', 5, 0, 1);
INSERT INTO website_intents (website_id, intent_id) VALUES (475, 1);
INSERT INTO website_intents (website_id, intent_id) VALUES (475, 2);
INSERT INTO website_personas (website_id, persona_id) VALUES (475, 3);
INSERT INTO websites (id, name, slug, url, short_description, purpose, category_id, click_count, is_active) VALUES (476, 'QuickMate Pro', 'quickmate-pro-7660', 'https://quickmate-pro-7660.com', 'An incredibly advanced AI tool revolutionizing the way you handle code & development. Try QuickMate Pro today.', 'Creative Studio', 5, 0, 1);
INSERT INTO website_intents (website_id, intent_id) VALUES (476, 1);
INSERT INTO website_personas (website_id, persona_id) VALUES (476, 6);
INSERT INTO websites (id, name, slug, url, short_description, purpose, category_id, click_count, is_active) VALUES (477, 'AutoFlow', 'autoflow-2601', 'https://autoflow-2601.com', 'An incredibly advanced AI tool revolutionizing the way you handle code & development. Try AutoFlow today.', 'Productivity Engine', 5, 0, 1);
INSERT INTO website_intents (website_id, intent_id) VALUES (477, 4);
INSERT INTO website_intents (website_id, intent_id) VALUES (477, 3);
INSERT INTO website_personas (website_id, persona_id) VALUES (477, 3);
INSERT INTO websites (id, name, slug, url, short_description, purpose, category_id, click_count, is_active) VALUES (478, 'SmartMate', 'smartmate-8539', 'https://smartmate-8539.com', 'Enhance your productivity with SmartMate. Perfect for seamless code & development automation.', 'Creative Studio', 5, 0, 1);
INSERT INTO website_intents (website_id, intent_id) VALUES (478, 4);
INSERT INTO website_intents (website_id, intent_id) VALUES (478, 1);
INSERT INTO website_personas (website_id, persona_id) VALUES (478, 3);
INSERT INTO website_personas (website_id, persona_id) VALUES (478, 6);
INSERT INTO websites (id, name, slug, url, short_description, purpose, category_id, click_count, is_active) VALUES (479, 'CogniCraft', 'cognicraft-8580', 'https://cognicraft-8580.com', 'An incredibly advanced AI tool revolutionizing the way you handle code & development. Try CogniCraft today.', 'Productivity Engine', 5, 0, 1);
INSERT INTO website_intents (website_id, intent_id) VALUES (479, 4);
INSERT INTO website_intents (website_id, intent_id) VALUES (479, 5);
INSERT INTO website_personas (website_id, persona_id) VALUES (479, 3);
INSERT INTO websites (id, name, slug, url, short_description, purpose, category_id, click_count, is_active) VALUES (480, 'Autoify', 'autoify-6954', 'https://autoify-6954.com', 'An incredibly advanced AI tool revolutionizing the way you handle code & development. Try Autoify today.', 'Creative Studio', 5, 0, 1);
INSERT INTO website_intents (website_id, intent_id) VALUES (480, 6);
INSERT INTO website_intents (website_id, intent_id) VALUES (480, 5);
INSERT INTO website_personas (website_id, persona_id) VALUES (480, 5);
INSERT INTO website_personas (website_id, persona_id) VALUES (480, 4);
INSERT INTO websites (id, name, slug, url, short_description, purpose, category_id, click_count, is_active) VALUES (481, 'NextCraft Pro', 'nextcraft-pro-1730', 'https://nextcraft-pro-1730.com', 'Enhance your productivity with NextCraft Pro. Perfect for seamless code & development automation.', 'Productivity Engine', 5, 0, 1);
INSERT INTO website_intents (website_id, intent_id) VALUES (481, 4);
INSERT INTO website_personas (website_id, persona_id) VALUES (481, 6);
INSERT INTO website_personas (website_id, persona_id) VALUES (481, 1);
INSERT INTO websites (id, name, slug, url, short_description, purpose, category_id, click_count, is_active) VALUES (482, 'GeniFlow', 'geniflow-4415', 'https://geniflow-4415.com', 'An incredibly advanced AI tool revolutionizing the way you handle code & development. Try GeniFlow today.', 'Creative Studio', 5, 0, 1);
INSERT INTO website_intents (website_id, intent_id) VALUES (482, 3);
INSERT INTO website_personas (website_id, persona_id) VALUES (482, 3);
INSERT INTO websites (id, name, slug, url, short_description, purpose, category_id, click_count, is_active) VALUES (483, 'DeepBot', 'deepbot-7563', 'https://deepbot-7563.com', 'An incredibly advanced AI tool revolutionizing the way you handle code & development. Try DeepBot today.', 'Productivity Engine', 5, 0, 1);
INSERT INTO website_intents (website_id, intent_id) VALUES (483, 4);
INSERT INTO website_intents (website_id, intent_id) VALUES (483, 1);
INSERT INTO website_personas (website_id, persona_id) VALUES (483, 3);
INSERT INTO websites (id, name, slug, url, short_description, purpose, category_id, click_count, is_active) VALUES (484, 'SyntheBot', 'synthebot-5020', 'https://synthebot-5020.com', 'Enhance your productivity with SyntheBot. Perfect for seamless code & development automation.', 'Creative Studio', 5, 0, 1);
INSERT INTO website_intents (website_id, intent_id) VALUES (484, 4);
INSERT INTO website_personas (website_id, persona_id) VALUES (484, 1);
INSERT INTO websites (id, name, slug, url, short_description, purpose, category_id, click_count, is_active) VALUES (485, 'ProGen', 'progen-2338', 'https://progen-2338.com', 'An incredibly advanced AI tool revolutionizing the way you handle code & development. Try ProGen today.', 'Productivity Engine', 5, 0, 1);
INSERT INTO website_intents (website_id, intent_id) VALUES (485, 3);
INSERT INTO website_intents (website_id, intent_id) VALUES (485, 4);
INSERT INTO website_personas (website_id, persona_id) VALUES (485, 1);
INSERT INTO website_personas (website_id, persona_id) VALUES (485, 6);
INSERT INTO websites (id, name, slug, url, short_description, purpose, category_id, click_count, is_active) VALUES (486, 'SyntheAI', 'syntheai-6725', 'https://syntheai-6725.com', 'An incredibly advanced AI tool revolutionizing the way you handle code & development. Try SyntheAI today.', 'Creative Studio', 5, 0, 1);
INSERT INTO website_intents (website_id, intent_id) VALUES (486, 4);
INSERT INTO website_intents (website_id, intent_id) VALUES (486, 3);
INSERT INTO website_personas (website_id, persona_id) VALUES (486, 3);
INSERT INTO websites (id, name, slug, url, short_description, purpose, category_id, click_count, is_active) VALUES (487, 'AutoBot', 'autobot-3569', 'https://autobot-3569.com', 'Enhance your productivity with AutoBot. Perfect for seamless code & development automation.', 'Productivity Engine', 5, 0, 1);
INSERT INTO website_intents (website_id, intent_id) VALUES (487, 2);
INSERT INTO website_personas (website_id, persona_id) VALUES (487, 5);
INSERT INTO websites (id, name, slug, url, short_description, purpose, category_id, click_count, is_active) VALUES (488, 'CogniFlow', 'cogniflow-6163', 'https://cogniflow-6163.com', 'An incredibly advanced AI tool revolutionizing the way you handle code & development. Try CogniFlow today.', 'Creative Studio', 5, 0, 1);
INSERT INTO website_intents (website_id, intent_id) VALUES (488, 4);
INSERT INTO website_personas (website_id, persona_id) VALUES (488, 6);
INSERT INTO website_personas (website_id, persona_id) VALUES (488, 4);
INSERT INTO websites (id, name, slug, url, short_description, purpose, category_id, click_count, is_active) VALUES (489, 'FlowAI Pro', 'flowai-pro-3571', 'https://flowai-pro-3571.com', 'An incredibly advanced AI tool revolutionizing the way you handle code & development. Try FlowAI Pro today.', 'Productivity Engine', 5, 0, 1);
INSERT INTO website_intents (website_id, intent_id) VALUES (489, 1);
INSERT INTO website_intents (website_id, intent_id) VALUES (489, 2);
INSERT INTO website_personas (website_id, persona_id) VALUES (489, 5);
INSERT INTO websites (id, name, slug, url, short_description, purpose, category_id, click_count, is_active) VALUES (490, 'ZenCraft Pro', 'zencraft-pro-3053', 'https://zencraft-pro-3053.com', 'Enhance your productivity with ZenCraft Pro. Perfect for seamless code & development automation.', 'Creative Studio', 5, 0, 1);
INSERT INTO website_intents (website_id, intent_id) VALUES (490, 5);
INSERT INTO website_personas (website_id, persona_id) VALUES (490, 5);
INSERT INTO websites (id, name, slug, url, short_description, purpose, category_id, click_count, is_active) VALUES (491, 'DeepMind', 'deepmind-3649', 'https://deepmind-3649.com', 'An incredibly advanced AI tool revolutionizing the way you handle code & development. Try DeepMind today.', 'Productivity Engine', 5, 0, 1);
INSERT INTO website_intents (website_id, intent_id) VALUES (491, 4);
INSERT INTO website_intents (website_id, intent_id) VALUES (491, 3);
INSERT INTO website_personas (website_id, persona_id) VALUES (491, 5);
INSERT INTO websites (id, name, slug, url, short_description, purpose, category_id, click_count, is_active) VALUES (492, 'SmartForge Pro', 'smartforge-pro-4184', 'https://smartforge-pro-4184.com', 'An incredibly advanced AI tool revolutionizing the way you handle code & development. Try SmartForge Pro today.', 'Creative Studio', 5, 0, 1);
INSERT INTO website_intents (website_id, intent_id) VALUES (492, 1);
INSERT INTO website_personas (website_id, persona_id) VALUES (492, 4);
INSERT INTO website_personas (website_id, persona_id) VALUES (492, 3);
INSERT INTO websites (id, name, slug, url, short_description, purpose, category_id, click_count, is_active) VALUES (493, 'Proly', 'proly-1365', 'https://proly-1365.com', 'Enhance your productivity with Proly. Perfect for seamless code & development automation.', 'Productivity Engine', 5, 0, 1);
INSERT INTO website_intents (website_id, intent_id) VALUES (493, 6);
INSERT INTO website_personas (website_id, persona_id) VALUES (493, 1);
INSERT INTO websites (id, name, slug, url, short_description, purpose, category_id, click_count, is_active) VALUES (494, 'Autoly Pro', 'autoly-pro-6669', 'https://autoly-pro-6669.com', 'An incredibly advanced AI tool revolutionizing the way you handle code & development. Try Autoly Pro today.', 'Creative Studio', 5, 0, 1);
INSERT INTO website_intents (website_id, intent_id) VALUES (494, 3);
INSERT INTO website_personas (website_id, persona_id) VALUES (494, 5);
INSERT INTO websites (id, name, slug, url, short_description, purpose, category_id, click_count, is_active) VALUES (495, 'Quickify', 'quickify-3318', 'https://quickify-3318.com', 'An incredibly advanced AI tool revolutionizing the way you handle code & development. Try Quickify today.', 'Productivity Engine', 5, 0, 1);
INSERT INTO website_intents (website_id, intent_id) VALUES (495, 3);
INSERT INTO website_intents (website_id, intent_id) VALUES (495, 2);
INSERT INTO website_personas (website_id, persona_id) VALUES (495, 3);
INSERT INTO website_personas (website_id, persona_id) VALUES (495, 4);
INSERT INTO websites (id, name, slug, url, short_description, purpose, category_id, click_count, is_active) VALUES (496, 'VibeBase Pro', 'vibebase-pro-3019', 'https://vibebase-pro-3019.com', 'Enhance your productivity with VibeBase Pro. Perfect for seamless code & development automation.', 'Creative Studio', 5, 0, 1);
INSERT INTO website_intents (website_id, intent_id) VALUES (496, 4);
INSERT INTO website_personas (website_id, persona_id) VALUES (496, 2);
INSERT INTO website_personas (website_id, persona_id) VALUES (496, 1);
INSERT INTO websites (id, name, slug, url, short_description, purpose, category_id, click_count, is_active) VALUES (497, 'Vibely', 'vibely-3427', 'https://vibely-3427.com', 'An incredibly advanced AI tool revolutionizing the way you handle code & development. Try Vibely today.', 'Productivity Engine', 5, 0, 1);
INSERT INTO website_intents (website_id, intent_id) VALUES (497, 3);
INSERT INTO website_intents (website_id, intent_id) VALUES (497, 2);
INSERT INTO website_personas (website_id, persona_id) VALUES (497, 3);
INSERT INTO websites (id, name, slug, url, short_description, purpose, category_id, click_count, is_active) VALUES (498, 'AutoCraft Pro', 'autocraft-pro-5101', 'https://autocraft-pro-5101.com', 'An incredibly advanced AI tool revolutionizing the way you handle code & development. Try AutoCraft Pro today.', 'Creative Studio', 5, 0, 1);
INSERT INTO website_intents (website_id, intent_id) VALUES (498, 4);
INSERT INTO website_intents (website_id, intent_id) VALUES (498, 3);
INSERT INTO website_personas (website_id, persona_id) VALUES (498, 1);
INSERT INTO website_personas (website_id, persona_id) VALUES (498, 6);
INSERT INTO websites (id, name, slug, url, short_description, purpose, category_id, click_count, is_active) VALUES (499, 'ProBot', 'probot-2384', 'https://probot-2384.com', 'Enhance your productivity with ProBot. Perfect for seamless code & development automation.', 'Productivity Engine', 5, 0, 1);
INSERT INTO website_intents (website_id, intent_id) VALUES (499, 2);
INSERT INTO website_personas (website_id, persona_id) VALUES (499, 6);
INSERT INTO websites (id, name, slug, url, short_description, purpose, category_id, click_count, is_active) VALUES (500, 'SyntheAI', 'syntheai-5271', 'https://syntheai-5271.com', 'An incredibly advanced AI tool revolutionizing the way you handle code & development. Try SyntheAI today.', 'Creative Studio', 5, 0, 1);
INSERT INTO website_intents (website_id, intent_id) VALUES (500, 6);
INSERT INTO website_intents (website_id, intent_id) VALUES (500, 5);
INSERT INTO website_personas (website_id, persona_id) VALUES (500, 1);
INSERT INTO websites (id, name, slug, url, short_description, purpose, category_id, click_count, is_active) VALUES (501, 'Nextify', 'nextify-3176', 'https://nextify-3176.com', 'An incredibly advanced AI tool revolutionizing the way you handle code & development. Try Nextify today.', 'Productivity Engine', 5, 0, 1);
INSERT INTO website_intents (website_id, intent_id) VALUES (501, 6);
INSERT INTO website_intents (website_id, intent_id) VALUES (501, 5);
INSERT INTO website_personas (website_id, persona_id) VALUES (501, 5);
INSERT INTO websites (id, name, slug, url, short_description, purpose, category_id, click_count, is_active) VALUES (502, 'HyperCraft Pro', 'hypercraft-pro-6037', 'https://hypercraft-pro-6037.com', 'Enhance your productivity with HyperCraft Pro. Perfect for seamless code & development automation.', 'Creative Studio', 5, 0, 1);
INSERT INTO website_intents (website_id, intent_id) VALUES (502, 1);
INSERT INTO website_personas (website_id, persona_id) VALUES (502, 5);
INSERT INTO websites (id, name, slug, url, short_description, purpose, category_id, click_count, is_active) VALUES (503, 'ZenGen', 'zengen-2490', 'https://zengen-2490.com', 'An incredibly advanced AI tool revolutionizing the way you handle code & development. Try ZenGen today.', 'Productivity Engine', 5, 0, 1);
INSERT INTO website_intents (website_id, intent_id) VALUES (503, 6);
INSERT INTO website_personas (website_id, persona_id) VALUES (503, 3);
INSERT INTO websites (id, name, slug, url, short_description, purpose, category_id, click_count, is_active) VALUES (504, 'ProBot Pro', 'probot-pro-6463', 'https://probot-pro-6463.com', 'An incredibly advanced AI tool revolutionizing the way you handle code & development. Try ProBot Pro today.', 'Creative Studio', 5, 0, 1);
INSERT INTO website_intents (website_id, intent_id) VALUES (504, 6);
INSERT INTO website_personas (website_id, persona_id) VALUES (504, 1);
INSERT INTO websites (id, name, slug, url, short_description, purpose, category_id, click_count, is_active) VALUES (505, 'DeepForge', 'deepforge-541', 'https://deepforge-541.com', 'Enhance your productivity with DeepForge. Perfect for seamless code & development automation.', 'Productivity Engine', 5, 0, 1);
INSERT INTO website_intents (website_id, intent_id) VALUES (505, 5);
INSERT INTO website_personas (website_id, persona_id) VALUES (505, 6);
INSERT INTO website_personas (website_id, persona_id) VALUES (505, 5);
INSERT INTO websites (id, name, slug, url, short_description, purpose, category_id, click_count, is_active) VALUES (506, 'SyntheAI', 'syntheai-7054', 'https://syntheai-7054.com', 'An incredibly advanced AI tool revolutionizing the way you handle code & development. Try SyntheAI today.', 'Creative Studio', 5, 0, 1);
INSERT INTO website_intents (website_id, intent_id) VALUES (506, 3);
INSERT INTO website_personas (website_id, persona_id) VALUES (506, 4);
INSERT INTO website_personas (website_id, persona_id) VALUES (506, 3);
INSERT INTO websites (id, name, slug, url, short_description, purpose, category_id, click_count, is_active) VALUES (507, 'SyntheGen Pro', 'synthegen-pro-4725', 'https://synthegen-pro-4725.com', 'An incredibly advanced AI tool revolutionizing the way you handle code & development. Try SyntheGen Pro today.', 'Productivity Engine', 5, 0, 1);
INSERT INTO website_intents (website_id, intent_id) VALUES (507, 6);
INSERT INTO website_intents (website_id, intent_id) VALUES (507, 1);
INSERT INTO website_personas (website_id, persona_id) VALUES (507, 4);
INSERT INTO website_personas (website_id, persona_id) VALUES (507, 5);
INSERT INTO websites (id, name, slug, url, short_description, purpose, category_id, click_count, is_active) VALUES (508, 'SmartFlow', 'smartflow-3005', 'https://smartflow-3005.com', 'Enhance your productivity with SmartFlow. Perfect for seamless code & development automation.', 'Creative Studio', 5, 0, 1);
INSERT INTO website_intents (website_id, intent_id) VALUES (508, 1);
INSERT INTO website_personas (website_id, persona_id) VALUES (508, 4);
INSERT INTO website_personas (website_id, persona_id) VALUES (508, 5);
INSERT INTO websites (id, name, slug, url, short_description, purpose, category_id, click_count, is_active) VALUES (509, 'Smartify', 'smartify-6856', 'https://smartify-6856.com', 'An incredibly advanced AI tool revolutionizing the way you handle code & development. Try Smartify today.', 'Productivity Engine', 5, 0, 1);
INSERT INTO website_intents (website_id, intent_id) VALUES (509, 5);
INSERT INTO website_intents (website_id, intent_id) VALUES (509, 1);
INSERT INTO website_personas (website_id, persona_id) VALUES (509, 4);
INSERT INTO websites (id, name, slug, url, short_description, purpose, category_id, click_count, is_active) VALUES (510, 'SyntheSync', 'synthesync-1085', 'https://synthesync-1085.com', 'An incredibly advanced AI tool revolutionizing the way you handle code & development. Try SyntheSync today.', 'Creative Studio', 5, 0, 1);
INSERT INTO website_intents (website_id, intent_id) VALUES (510, 4);
INSERT INTO website_personas (website_id, persona_id) VALUES (510, 6);
INSERT INTO websites (id, name, slug, url, short_description, purpose, category_id, click_count, is_active) VALUES (511, 'NextFlow', 'nextflow-4437', 'https://nextflow-4437.com', 'Enhance your productivity with NextFlow. Perfect for seamless code & development automation.', 'Productivity Engine', 5, 0, 1);
INSERT INTO website_intents (website_id, intent_id) VALUES (511, 1);
INSERT INTO website_personas (website_id, persona_id) VALUES (511, 1);
INSERT INTO website_personas (website_id, persona_id) VALUES (511, 6);
INSERT INTO websites (id, name, slug, url, short_description, purpose, category_id, click_count, is_active) VALUES (512, 'Hyperly', 'hyperly-9553', 'https://hyperly-9553.com', 'An incredibly advanced AI tool revolutionizing the way you handle code & development. Try Hyperly today.', 'Creative Studio', 5, 0, 1);
INSERT INTO website_intents (website_id, intent_id) VALUES (512, 4);
INSERT INTO website_intents (website_id, intent_id) VALUES (512, 3);
INSERT INTO website_personas (website_id, persona_id) VALUES (512, 1);
INSERT INTO websites (id, name, slug, url, short_description, purpose, category_id, click_count, is_active) VALUES (513, 'AutoSync', 'autosync-2294', 'https://autosync-2294.com', 'An incredibly advanced AI tool revolutionizing the way you handle code & development. Try AutoSync today.', 'Productivity Engine', 5, 0, 1);
INSERT INTO website_intents (website_id, intent_id) VALUES (513, 5);
INSERT INTO website_intents (website_id, intent_id) VALUES (513, 3);
INSERT INTO website_personas (website_id, persona_id) VALUES (513, 1);
INSERT INTO websites (id, name, slug, url, short_description, purpose, category_id, click_count, is_active) VALUES (514, 'AutoBase', 'autobase-9933', 'https://autobase-9933.com', 'Enhance your productivity with AutoBase. Perfect for seamless code & development automation.', 'Creative Studio', 5, 0, 1);
INSERT INTO website_intents (website_id, intent_id) VALUES (514, 2);
INSERT INTO website_intents (website_id, intent_id) VALUES (514, 6);
INSERT INTO website_personas (website_id, persona_id) VALUES (514, 6);
INSERT INTO website_personas (website_id, persona_id) VALUES (514, 5);
INSERT INTO websites (id, name, slug, url, short_description, purpose, category_id, click_count, is_active) VALUES (515, 'GeniBot', 'genibot-462', 'https://genibot-462.com', 'Enhance your productivity with GeniBot. Perfect for seamless data & dashboard automation.', 'Productivity Engine', 6, 0, 1);
INSERT INTO website_intents (website_id, intent_id) VALUES (515, 3);
INSERT INTO website_personas (website_id, persona_id) VALUES (515, 2);
INSERT INTO website_personas (website_id, persona_id) VALUES (515, 5);
INSERT INTO websites (id, name, slug, url, short_description, purpose, category_id, click_count, is_active) VALUES (516, 'GeniBase', 'genibase-3733', 'https://genibase-3733.com', 'An incredibly advanced AI tool revolutionizing the way you handle data & dashboard. Try GeniBase today.', 'Creative Studio', 6, 0, 1);
INSERT INTO website_intents (website_id, intent_id) VALUES (516, 3);
INSERT INTO website_personas (website_id, persona_id) VALUES (516, 6);
INSERT INTO website_personas (website_id, persona_id) VALUES (516, 3);
INSERT INTO websites (id, name, slug, url, short_description, purpose, category_id, click_count, is_active) VALUES (517, 'VibeFlow', 'vibeflow-2153', 'https://vibeflow-2153.com', 'An incredibly advanced AI tool revolutionizing the way you handle data & dashboard. Try VibeFlow today.', 'Productivity Engine', 6, 0, 1);
INSERT INTO website_intents (website_id, intent_id) VALUES (517, 2);
INSERT INTO website_intents (website_id, intent_id) VALUES (517, 5);
INSERT INTO website_personas (website_id, persona_id) VALUES (517, 2);
INSERT INTO website_personas (website_id, persona_id) VALUES (517, 6);
INSERT INTO websites (id, name, slug, url, short_description, purpose, category_id, click_count, is_active) VALUES (518, 'VibeAI', 'vibeai-9781', 'https://vibeai-9781.com', 'Enhance your productivity with VibeAI. Perfect for seamless data & dashboard automation.', 'Creative Studio', 6, 0, 1);
INSERT INTO website_intents (website_id, intent_id) VALUES (518, 6);
INSERT INTO website_intents (website_id, intent_id) VALUES (518, 3);
INSERT INTO website_personas (website_id, persona_id) VALUES (518, 4);
INSERT INTO website_personas (website_id, persona_id) VALUES (518, 6);
INSERT INTO websites (id, name, slug, url, short_description, purpose, category_id, click_count, is_active) VALUES (519, 'CogniCraft', 'cognicraft-7207', 'https://cognicraft-7207.com', 'An incredibly advanced AI tool revolutionizing the way you handle data & dashboard. Try CogniCraft today.', 'Productivity Engine', 6, 0, 1);
INSERT INTO website_intents (website_id, intent_id) VALUES (519, 2);
INSERT INTO website_intents (website_id, intent_id) VALUES (519, 4);
INSERT INTO website_personas (website_id, persona_id) VALUES (519, 1);
INSERT INTO websites (id, name, slug, url, short_description, purpose, category_id, click_count, is_active) VALUES (520, 'SyntheBase', 'synthebase-1110', 'https://synthebase-1110.com', 'An incredibly advanced AI tool revolutionizing the way you handle data & dashboard. Try SyntheBase today.', 'Creative Studio', 6, 0, 1);
INSERT INTO website_intents (website_id, intent_id) VALUES (520, 4);
INSERT INTO website_personas (website_id, persona_id) VALUES (520, 1);
INSERT INTO website_personas (website_id, persona_id) VALUES (520, 2);
INSERT INTO websites (id, name, slug, url, short_description, purpose, category_id, click_count, is_active) VALUES (521, 'ProBot', 'probot-5296', 'https://probot-5296.com', 'Enhance your productivity with ProBot. Perfect for seamless data & dashboard automation.', 'Productivity Engine', 6, 0, 1);
INSERT INTO website_intents (website_id, intent_id) VALUES (521, 4);
INSERT INTO website_intents (website_id, intent_id) VALUES (521, 1);
INSERT INTO website_personas (website_id, persona_id) VALUES (521, 4);
INSERT INTO website_personas (website_id, persona_id) VALUES (521, 1);
INSERT INTO websites (id, name, slug, url, short_description, purpose, category_id, click_count, is_active) VALUES (522, 'CogniBase Pro', 'cognibase-pro-2553', 'https://cognibase-pro-2553.com', 'An incredibly advanced AI tool revolutionizing the way you handle data & dashboard. Try CogniBase Pro today.', 'Creative Studio', 6, 0, 1);
INSERT INTO website_intents (website_id, intent_id) VALUES (522, 6);
INSERT INTO website_personas (website_id, persona_id) VALUES (522, 3);
INSERT INTO websites (id, name, slug, url, short_description, purpose, category_id, click_count, is_active) VALUES (523, 'SyntheGen', 'synthegen-3353', 'https://synthegen-3353.com', 'An incredibly advanced AI tool revolutionizing the way you handle data & dashboard. Try SyntheGen today.', 'Productivity Engine', 6, 0, 1);
INSERT INTO website_intents (website_id, intent_id) VALUES (523, 6);
INSERT INTO website_intents (website_id, intent_id) VALUES (523, 5);
INSERT INTO website_personas (website_id, persona_id) VALUES (523, 3);
INSERT INTO websites (id, name, slug, url, short_description, purpose, category_id, click_count, is_active) VALUES (524, 'SyntheSync', 'synthesync-7045', 'https://synthesync-7045.com', 'Enhance your productivity with SyntheSync. Perfect for seamless data & dashboard automation.', 'Creative Studio', 6, 0, 1);
INSERT INTO website_intents (website_id, intent_id) VALUES (524, 1);
INSERT INTO website_intents (website_id, intent_id) VALUES (524, 2);
INSERT INTO website_personas (website_id, persona_id) VALUES (524, 5);
INSERT INTO websites (id, name, slug, url, short_description, purpose, category_id, click_count, is_active) VALUES (525, 'CogniGen Pro', 'cognigen-pro-3034', 'https://cognigen-pro-3034.com', 'An incredibly advanced AI tool revolutionizing the way you handle data & dashboard. Try CogniGen Pro today.', 'Productivity Engine', 6, 0, 1);
INSERT INTO website_intents (website_id, intent_id) VALUES (525, 5);
INSERT INTO website_personas (website_id, persona_id) VALUES (525, 3);
INSERT INTO website_personas (website_id, persona_id) VALUES (525, 4);
INSERT INTO websites (id, name, slug, url, short_description, purpose, category_id, click_count, is_active) VALUES (526, 'ZenMate', 'zenmate-7209', 'https://zenmate-7209.com', 'An incredibly advanced AI tool revolutionizing the way you handle data & dashboard. Try ZenMate today.', 'Creative Studio', 6, 0, 1);
INSERT INTO website_intents (website_id, intent_id) VALUES (526, 3);
INSERT INTO website_intents (website_id, intent_id) VALUES (526, 4);
INSERT INTO website_personas (website_id, persona_id) VALUES (526, 6);
INSERT INTO website_personas (website_id, persona_id) VALUES (526, 1);
INSERT INTO websites (id, name, slug, url, short_description, purpose, category_id, click_count, is_active) VALUES (527, 'AutoBot Pro', 'autobot-pro-751', 'https://autobot-pro-751.com', 'Enhance your productivity with AutoBot Pro. Perfect for seamless data & dashboard automation.', 'Productivity Engine', 6, 0, 1);
INSERT INTO website_intents (website_id, intent_id) VALUES (527, 3);
INSERT INTO website_personas (website_id, persona_id) VALUES (527, 1);
INSERT INTO websites (id, name, slug, url, short_description, purpose, category_id, click_count, is_active) VALUES (528, 'QuickMind', 'quickmind-9604', 'https://quickmind-9604.com', 'An incredibly advanced AI tool revolutionizing the way you handle data & dashboard. Try QuickMind today.', 'Creative Studio', 6, 0, 1);
INSERT INTO website_intents (website_id, intent_id) VALUES (528, 3);
INSERT INTO website_intents (website_id, intent_id) VALUES (528, 1);
INSERT INTO website_personas (website_id, persona_id) VALUES (528, 1);
INSERT INTO websites (id, name, slug, url, short_description, purpose, category_id, click_count, is_active) VALUES (529, 'HyperForge Pro', 'hyperforge-pro-3760', 'https://hyperforge-pro-3760.com', 'An incredibly advanced AI tool revolutionizing the way you handle data & dashboard. Try HyperForge Pro today.', 'Productivity Engine', 6, 0, 1);
INSERT INTO website_intents (website_id, intent_id) VALUES (529, 6);
INSERT INTO website_personas (website_id, persona_id) VALUES (529, 5);
INSERT INTO website_personas (website_id, persona_id) VALUES (529, 1);
INSERT INTO websites (id, name, slug, url, short_description, purpose, category_id, click_count, is_active) VALUES (530, 'AutoFlow', 'autoflow-6814', 'https://autoflow-6814.com', 'Enhance your productivity with AutoFlow. Perfect for seamless data & dashboard automation.', 'Creative Studio', 6, 0, 1);
INSERT INTO website_intents (website_id, intent_id) VALUES (530, 1);
INSERT INTO website_personas (website_id, persona_id) VALUES (530, 1);
INSERT INTO website_personas (website_id, persona_id) VALUES (530, 6);
INSERT INTO websites (id, name, slug, url, short_description, purpose, category_id, click_count, is_active) VALUES (531, 'Deepify Pro', 'deepify-pro-2674', 'https://deepify-pro-2674.com', 'An incredibly advanced AI tool revolutionizing the way you handle data & dashboard. Try Deepify Pro today.', 'Productivity Engine', 6, 0, 1);
INSERT INTO website_intents (website_id, intent_id) VALUES (531, 4);
INSERT INTO website_personas (website_id, persona_id) VALUES (531, 1);
INSERT INTO websites (id, name, slug, url, short_description, purpose, category_id, click_count, is_active) VALUES (532, 'Autoly', 'autoly-35', 'https://autoly-35.com', 'An incredibly advanced AI tool revolutionizing the way you handle data & dashboard. Try Autoly today.', 'Creative Studio', 6, 0, 1);
INSERT INTO website_intents (website_id, intent_id) VALUES (532, 3);
INSERT INTO website_intents (website_id, intent_id) VALUES (532, 2);
INSERT INTO website_personas (website_id, persona_id) VALUES (532, 6);
INSERT INTO website_personas (website_id, persona_id) VALUES (532, 3);
INSERT INTO websites (id, name, slug, url, short_description, purpose, category_id, click_count, is_active) VALUES (533, 'ProCraft Pro', 'procraft-pro-7517', 'https://procraft-pro-7517.com', 'Enhance your productivity with ProCraft Pro. Perfect for seamless data & dashboard automation.', 'Productivity Engine', 6, 0, 1);
INSERT INTO website_intents (website_id, intent_id) VALUES (533, 1);
INSERT INTO website_personas (website_id, persona_id) VALUES (533, 5);
INSERT INTO website_personas (website_id, persona_id) VALUES (533, 2);
INSERT INTO websites (id, name, slug, url, short_description, purpose, category_id, click_count, is_active) VALUES (534, 'CogniForge', 'cogniforge-3840', 'https://cogniforge-3840.com', 'An incredibly advanced AI tool revolutionizing the way you handle data & dashboard. Try CogniForge today.', 'Creative Studio', 6, 0, 1);
INSERT INTO website_intents (website_id, intent_id) VALUES (534, 6);
INSERT INTO website_personas (website_id, persona_id) VALUES (534, 1);
INSERT INTO websites (id, name, slug, url, short_description, purpose, category_id, click_count, is_active) VALUES (535, 'AutoForge', 'autoforge-4932', 'https://autoforge-4932.com', 'An incredibly advanced AI tool revolutionizing the way you handle data & dashboard. Try AutoForge today.', 'Productivity Engine', 6, 0, 1);
INSERT INTO website_intents (website_id, intent_id) VALUES (535, 1);
INSERT INTO website_intents (website_id, intent_id) VALUES (535, 6);
INSERT INTO website_personas (website_id, persona_id) VALUES (535, 1);
INSERT INTO website_personas (website_id, persona_id) VALUES (535, 2);
INSERT INTO websites (id, name, slug, url, short_description, purpose, category_id, click_count, is_active) VALUES (536, 'Deeply', 'deeply-2336', 'https://deeply-2336.com', 'Enhance your productivity with Deeply. Perfect for seamless data & dashboard automation.', 'Creative Studio', 6, 0, 1);
INSERT INTO website_intents (website_id, intent_id) VALUES (536, 3);
INSERT INTO website_intents (website_id, intent_id) VALUES (536, 1);
INSERT INTO website_personas (website_id, persona_id) VALUES (536, 3);
INSERT INTO websites (id, name, slug, url, short_description, purpose, category_id, click_count, is_active) VALUES (537, 'AutoSync', 'autosync-9952', 'https://autosync-9952.com', 'An incredibly advanced AI tool revolutionizing the way you handle data & dashboard. Try AutoSync today.', 'Productivity Engine', 6, 0, 1);
INSERT INTO website_intents (website_id, intent_id) VALUES (537, 6);
INSERT INTO website_personas (website_id, persona_id) VALUES (537, 1);
INSERT INTO websites (id, name, slug, url, short_description, purpose, category_id, click_count, is_active) VALUES (538, 'GeniFlow Pro', 'geniflow-pro-3447', 'https://geniflow-pro-3447.com', 'An incredibly advanced AI tool revolutionizing the way you handle data & dashboard. Try GeniFlow Pro today.', 'Creative Studio', 6, 0, 1);
INSERT INTO website_intents (website_id, intent_id) VALUES (538, 1);
INSERT INTO website_intents (website_id, intent_id) VALUES (538, 2);
INSERT INTO website_personas (website_id, persona_id) VALUES (538, 1);
INSERT INTO websites (id, name, slug, url, short_description, purpose, category_id, click_count, is_active) VALUES (539, 'Autoify', 'autoify-4489', 'https://autoify-4489.com', 'Enhance your productivity with Autoify. Perfect for seamless data & dashboard automation.', 'Productivity Engine', 6, 0, 1);
INSERT INTO website_intents (website_id, intent_id) VALUES (539, 4);
INSERT INTO website_intents (website_id, intent_id) VALUES (539, 1);
INSERT INTO website_personas (website_id, persona_id) VALUES (539, 2);
INSERT INTO websites (id, name, slug, url, short_description, purpose, category_id, click_count, is_active) VALUES (540, 'FlowBase', 'flowbase-4872', 'https://flowbase-4872.com', 'An incredibly advanced AI tool revolutionizing the way you handle data & dashboard. Try FlowBase today.', 'Creative Studio', 6, 0, 1);
INSERT INTO website_intents (website_id, intent_id) VALUES (540, 3);
INSERT INTO website_personas (website_id, persona_id) VALUES (540, 2);
INSERT INTO website_personas (website_id, persona_id) VALUES (540, 1);
INSERT INTO websites (id, name, slug, url, short_description, purpose, category_id, click_count, is_active) VALUES (541, 'VibeBot', 'vibebot-8291', 'https://vibebot-8291.com', 'An incredibly advanced AI tool revolutionizing the way you handle data & dashboard. Try VibeBot today.', 'Productivity Engine', 6, 0, 1);
INSERT INTO website_intents (website_id, intent_id) VALUES (541, 3);
INSERT INTO website_personas (website_id, persona_id) VALUES (541, 1);
INSERT INTO websites (id, name, slug, url, short_description, purpose, category_id, click_count, is_active) VALUES (542, 'CogniCraft', 'cognicraft-5044', 'https://cognicraft-5044.com', 'Enhance your productivity with CogniCraft. Perfect for seamless data & dashboard automation.', 'Creative Studio', 6, 0, 1);
INSERT INTO website_intents (website_id, intent_id) VALUES (542, 4);
INSERT INTO website_intents (website_id, intent_id) VALUES (542, 6);
INSERT INTO website_personas (website_id, persona_id) VALUES (542, 1);
INSERT INTO website_personas (website_id, persona_id) VALUES (542, 3);
INSERT INTO websites (id, name, slug, url, short_description, purpose, category_id, click_count, is_active) VALUES (543, 'Hyperly', 'hyperly-1005', 'https://hyperly-1005.com', 'An incredibly advanced AI tool revolutionizing the way you handle data & dashboard. Try Hyperly today.', 'Productivity Engine', 6, 0, 1);
INSERT INTO website_intents (website_id, intent_id) VALUES (543, 5);
INSERT INTO website_personas (website_id, persona_id) VALUES (543, 1);
INSERT INTO website_personas (website_id, persona_id) VALUES (543, 2);
INSERT INTO websites (id, name, slug, url, short_description, purpose, category_id, click_count, is_active) VALUES (544, 'GeniSync', 'genisync-6054', 'https://genisync-6054.com', 'An incredibly advanced AI tool revolutionizing the way you handle data & dashboard. Try GeniSync today.', 'Creative Studio', 6, 0, 1);
INSERT INTO website_intents (website_id, intent_id) VALUES (544, 4);
INSERT INTO website_intents (website_id, intent_id) VALUES (544, 6);
INSERT INTO website_personas (website_id, persona_id) VALUES (544, 1);
INSERT INTO website_personas (website_id, persona_id) VALUES (544, 2);
INSERT INTO websites (id, name, slug, url, short_description, purpose, category_id, click_count, is_active) VALUES (545, 'QuickCraft', 'quickcraft-6945', 'https://quickcraft-6945.com', 'Enhance your productivity with QuickCraft. Perfect for seamless data & dashboard automation.', 'Productivity Engine', 6, 0, 1);
INSERT INTO website_intents (website_id, intent_id) VALUES (545, 1);
INSERT INTO website_intents (website_id, intent_id) VALUES (545, 3);
INSERT INTO website_personas (website_id, persona_id) VALUES (545, 1);
INSERT INTO websites (id, name, slug, url, short_description, purpose, category_id, click_count, is_active) VALUES (546, 'Synthely', 'synthely-9037', 'https://synthely-9037.com', 'An incredibly advanced AI tool revolutionizing the way you handle data & dashboard. Try Synthely today.', 'Creative Studio', 6, 0, 1);
INSERT INTO website_intents (website_id, intent_id) VALUES (546, 1);
INSERT INTO website_personas (website_id, persona_id) VALUES (546, 5);
INSERT INTO websites (id, name, slug, url, short_description, purpose, category_id, click_count, is_active) VALUES (547, 'VibeForge Pro', 'vibeforge-pro-4761', 'https://vibeforge-pro-4761.com', 'An incredibly advanced AI tool revolutionizing the way you handle data & dashboard. Try VibeForge Pro today.', 'Productivity Engine', 6, 0, 1);
INSERT INTO website_intents (website_id, intent_id) VALUES (547, 2);
INSERT INTO website_personas (website_id, persona_id) VALUES (547, 5);
INSERT INTO website_personas (website_id, persona_id) VALUES (547, 4);
INSERT INTO websites (id, name, slug, url, short_description, purpose, category_id, click_count, is_active) VALUES (548, 'SyntheFlow', 'syntheflow-1698', 'https://syntheflow-1698.com', 'Enhance your productivity with SyntheFlow. Perfect for seamless data & dashboard automation.', 'Creative Studio', 6, 0, 1);
INSERT INTO website_intents (website_id, intent_id) VALUES (548, 3);
INSERT INTO website_personas (website_id, persona_id) VALUES (548, 2);
INSERT INTO websites (id, name, slug, url, short_description, purpose, category_id, click_count, is_active) VALUES (549, 'AutoMind', 'automind-32', 'https://automind-32.com', 'An incredibly advanced AI tool revolutionizing the way you handle data & dashboard. Try AutoMind today.', 'Productivity Engine', 6, 0, 1);
INSERT INTO website_intents (website_id, intent_id) VALUES (549, 6);
INSERT INTO website_intents (website_id, intent_id) VALUES (549, 5);
INSERT INTO website_personas (website_id, persona_id) VALUES (549, 4);
INSERT INTO websites (id, name, slug, url, short_description, purpose, category_id, click_count, is_active) VALUES (550, 'VibeCraft', 'vibecraft-1153', 'https://vibecraft-1153.com', 'An incredibly advanced AI tool revolutionizing the way you handle data & dashboard. Try VibeCraft today.', 'Creative Studio', 6, 0, 1);
INSERT INTO website_intents (website_id, intent_id) VALUES (550, 5);
INSERT INTO website_intents (website_id, intent_id) VALUES (550, 4);
INSERT INTO website_personas (website_id, persona_id) VALUES (550, 5);
INSERT INTO website_personas (website_id, persona_id) VALUES (550, 4);
INSERT INTO websites (id, name, slug, url, short_description, purpose, category_id, click_count, is_active) VALUES (551, 'DeepGen', 'deepgen-6724', 'https://deepgen-6724.com', 'Enhance your productivity with DeepGen. Perfect for seamless data & dashboard automation.', 'Productivity Engine', 6, 0, 1);
INSERT INTO website_intents (website_id, intent_id) VALUES (551, 2);
INSERT INTO website_personas (website_id, persona_id) VALUES (551, 5);
INSERT INTO website_personas (website_id, persona_id) VALUES (551, 2);
INSERT INTO websites (id, name, slug, url, short_description, purpose, category_id, click_count, is_active) VALUES (552, 'Vibely Pro', 'vibely-pro-5634', 'https://vibely-pro-5634.com', 'An incredibly advanced AI tool revolutionizing the way you handle data & dashboard. Try Vibely Pro today.', 'Creative Studio', 6, 0, 1);
INSERT INTO website_intents (website_id, intent_id) VALUES (552, 1);
INSERT INTO website_intents (website_id, intent_id) VALUES (552, 4);
INSERT INTO website_personas (website_id, persona_id) VALUES (552, 1);
INSERT INTO websites (id, name, slug, url, short_description, purpose, category_id, click_count, is_active) VALUES (553, 'Synthely', 'synthely-8676', 'https://synthely-8676.com', 'An incredibly advanced AI tool revolutionizing the way you handle data & dashboard. Try Synthely today.', 'Productivity Engine', 6, 0, 1);
INSERT INTO website_intents (website_id, intent_id) VALUES (553, 1);
INSERT INTO website_intents (website_id, intent_id) VALUES (553, 2);
INSERT INTO website_personas (website_id, persona_id) VALUES (553, 1);
INSERT INTO websites (id, name, slug, url, short_description, purpose, category_id, click_count, is_active) VALUES (554, 'Synthely Pro', 'synthely-pro-4169', 'https://synthely-pro-4169.com', 'Enhance your productivity with Synthely Pro. Perfect for seamless data & dashboard automation.', 'Creative Studio', 6, 0, 1);
INSERT INTO website_intents (website_id, intent_id) VALUES (554, 6);
INSERT INTO website_intents (website_id, intent_id) VALUES (554, 4);
INSERT INTO website_personas (website_id, persona_id) VALUES (554, 1);
INSERT INTO websites (id, name, slug, url, short_description, purpose, category_id, click_count, is_active) VALUES (555, 'NextAI Pro', 'nextai-pro-4448', 'https://nextai-pro-4448.com', 'An incredibly advanced AI tool revolutionizing the way you handle data & dashboard. Try NextAI Pro today.', 'Productivity Engine', 6, 0, 1);
INSERT INTO website_intents (website_id, intent_id) VALUES (555, 3);
INSERT INTO website_intents (website_id, intent_id) VALUES (555, 2);
INSERT INTO website_personas (website_id, persona_id) VALUES (555, 5);
INSERT INTO website_personas (website_id, persona_id) VALUES (555, 3);
INSERT INTO websites (id, name, slug, url, short_description, purpose, category_id, click_count, is_active) VALUES (556, 'ZenSync', 'zensync-6501', 'https://zensync-6501.com', 'An incredibly advanced AI tool revolutionizing the way you handle data & dashboard. Try ZenSync today.', 'Creative Studio', 6, 0, 1);
INSERT INTO website_intents (website_id, intent_id) VALUES (556, 2);
INSERT INTO website_personas (website_id, persona_id) VALUES (556, 1);
INSERT INTO website_personas (website_id, persona_id) VALUES (556, 3);
INSERT INTO websites (id, name, slug, url, short_description, purpose, category_id, click_count, is_active) VALUES (557, 'DeepSync', 'deepsync-2118', 'https://deepsync-2118.com', 'Enhance your productivity with DeepSync. Perfect for seamless data & dashboard automation.', 'Productivity Engine', 6, 0, 1);
INSERT INTO website_intents (website_id, intent_id) VALUES (557, 2);
INSERT INTO website_intents (website_id, intent_id) VALUES (557, 4);
INSERT INTO website_personas (website_id, persona_id) VALUES (557, 4);
INSERT INTO website_personas (website_id, persona_id) VALUES (557, 3);
INSERT INTO websites (id, name, slug, url, short_description, purpose, category_id, click_count, is_active) VALUES (558, 'HyperBot Pro', 'hyperbot-pro-8049', 'https://hyperbot-pro-8049.com', 'An incredibly advanced AI tool revolutionizing the way you handle data & dashboard. Try HyperBot Pro today.', 'Creative Studio', 6, 0, 1);
INSERT INTO website_intents (website_id, intent_id) VALUES (558, 1);
INSERT INTO website_intents (website_id, intent_id) VALUES (558, 5);
INSERT INTO website_personas (website_id, persona_id) VALUES (558, 6);
INSERT INTO website_personas (website_id, persona_id) VALUES (558, 5);
INSERT INTO websites (id, name, slug, url, short_description, purpose, category_id, click_count, is_active) VALUES (559, 'VibeAI', 'vibeai-9908', 'https://vibeai-9908.com', 'An incredibly advanced AI tool revolutionizing the way you handle data & dashboard. Try VibeAI today.', 'Productivity Engine', 6, 0, 1);
INSERT INTO website_intents (website_id, intent_id) VALUES (559, 5);
INSERT INTO website_personas (website_id, persona_id) VALUES (559, 4);
INSERT INTO website_personas (website_id, persona_id) VALUES (559, 6);
INSERT INTO websites (id, name, slug, url, short_description, purpose, category_id, click_count, is_active) VALUES (560, 'CogniFlow', 'cogniflow-616', 'https://cogniflow-616.com', 'Enhance your productivity with CogniFlow. Perfect for seamless data & dashboard automation.', 'Creative Studio', 6, 0, 1);
INSERT INTO website_intents (website_id, intent_id) VALUES (560, 2);
INSERT INTO website_intents (website_id, intent_id) VALUES (560, 4);
INSERT INTO website_personas (website_id, persona_id) VALUES (560, 1);
INSERT INTO websites (id, name, slug, url, short_description, purpose, category_id, click_count, is_active) VALUES (561, 'SyntheMind', 'synthemind-7924', 'https://synthemind-7924.com', 'An incredibly advanced AI tool revolutionizing the way you handle data & dashboard. Try SyntheMind today.', 'Productivity Engine', 6, 0, 1);
INSERT INTO website_intents (website_id, intent_id) VALUES (561, 5);
INSERT INTO website_intents (website_id, intent_id) VALUES (561, 6);
INSERT INTO website_personas (website_id, persona_id) VALUES (561, 4);
INSERT INTO websites (id, name, slug, url, short_description, purpose, category_id, click_count, is_active) VALUES (562, 'QuickCraft', 'quickcraft-7466', 'https://quickcraft-7466.com', 'An incredibly advanced AI tool revolutionizing the way you handle data & dashboard. Try QuickCraft today.', 'Creative Studio', 6, 0, 1);
INSERT INTO website_intents (website_id, intent_id) VALUES (562, 4);
INSERT INTO website_personas (website_id, persona_id) VALUES (562, 5);
INSERT INTO websites (id, name, slug, url, short_description, purpose, category_id, click_count, is_active) VALUES (563, 'Hyperify', 'hyperify-3308', 'https://hyperify-3308.com', 'Enhance your productivity with Hyperify. Perfect for seamless data & dashboard automation.', 'Productivity Engine', 6, 0, 1);
INSERT INTO website_intents (website_id, intent_id) VALUES (563, 2);
INSERT INTO website_intents (website_id, intent_id) VALUES (563, 3);
INSERT INTO website_personas (website_id, persona_id) VALUES (563, 5);
INSERT INTO websites (id, name, slug, url, short_description, purpose, category_id, click_count, is_active) VALUES (564, 'SyntheForge Pro', 'syntheforge-pro-7250', 'https://syntheforge-pro-7250.com', 'An incredibly advanced AI tool revolutionizing the way you handle data & dashboard. Try SyntheForge Pro today.', 'Creative Studio', 6, 0, 1);
INSERT INTO website_intents (website_id, intent_id) VALUES (564, 6);
INSERT INTO website_personas (website_id, persona_id) VALUES (564, 3);
INSERT INTO website_personas (website_id, persona_id) VALUES (564, 2);
INSERT INTO websites (id, name, slug, url, short_description, purpose, category_id, click_count, is_active) VALUES (565, 'HyperAI', 'hyperai-3360', 'https://hyperai-3360.com', 'An incredibly advanced AI tool revolutionizing the way you handle data & dashboard. Try HyperAI today.', 'Productivity Engine', 6, 0, 1);
INSERT INTO website_intents (website_id, intent_id) VALUES (565, 6);
INSERT INTO website_intents (website_id, intent_id) VALUES (565, 5);
INSERT INTO website_personas (website_id, persona_id) VALUES (565, 5);
INSERT INTO websites (id, name, slug, url, short_description, purpose, category_id, click_count, is_active) VALUES (566, 'CogniSync', 'cognisync-6522', 'https://cognisync-6522.com', 'Enhance your productivity with CogniSync. Perfect for seamless data & dashboard automation.', 'Creative Studio', 6, 0, 1);
INSERT INTO website_intents (website_id, intent_id) VALUES (566, 5);
INSERT INTO website_personas (website_id, persona_id) VALUES (566, 3);
INSERT INTO website_personas (website_id, persona_id) VALUES (566, 1);
INSERT INTO websites (id, name, slug, url, short_description, purpose, category_id, click_count, is_active) VALUES (567, 'FlowBot', 'flowbot-1347', 'https://flowbot-1347.com', 'An incredibly advanced AI tool revolutionizing the way you handle data & dashboard. Try FlowBot today.', 'Productivity Engine', 6, 0, 1);
INSERT INTO website_intents (website_id, intent_id) VALUES (567, 6);
INSERT INTO website_personas (website_id, persona_id) VALUES (567, 2);
INSERT INTO websites (id, name, slug, url, short_description, purpose, category_id, click_count, is_active) VALUES (568, 'GeniSync', 'genisync-7865', 'https://genisync-7865.com', 'An incredibly advanced AI tool revolutionizing the way you handle data & dashboard. Try GeniSync today.', 'Creative Studio', 6, 0, 1);
INSERT INTO website_intents (website_id, intent_id) VALUES (568, 3);
INSERT INTO website_intents (website_id, intent_id) VALUES (568, 2);
INSERT INTO website_personas (website_id, persona_id) VALUES (568, 4);
INSERT INTO websites (id, name, slug, url, short_description, purpose, category_id, click_count, is_active) VALUES (569, 'HyperBot Pro', 'hyperbot-pro-9558', 'https://hyperbot-pro-9558.com', 'Enhance your productivity with HyperBot Pro. Perfect for seamless data & dashboard automation.', 'Productivity Engine', 6, 0, 1);
INSERT INTO website_intents (website_id, intent_id) VALUES (569, 4);
INSERT INTO website_personas (website_id, persona_id) VALUES (569, 5);
INSERT INTO websites (id, name, slug, url, short_description, purpose, category_id, click_count, is_active) VALUES (570, 'CogniAI', 'cogniai-8956', 'https://cogniai-8956.com', 'An incredibly advanced AI tool revolutionizing the way you handle data & dashboard. Try CogniAI today.', 'Creative Studio', 6, 0, 1);
INSERT INTO website_intents (website_id, intent_id) VALUES (570, 3);
INSERT INTO website_intents (website_id, intent_id) VALUES (570, 5);
INSERT INTO website_personas (website_id, persona_id) VALUES (570, 3);
INSERT INTO websites (id, name, slug, url, short_description, purpose, category_id, click_count, is_active) VALUES (571, 'VibeMind Pro', 'vibemind-pro-9001', 'https://vibemind-pro-9001.com', 'An incredibly advanced AI tool revolutionizing the way you handle data & dashboard. Try VibeMind Pro today.', 'Productivity Engine', 6, 0, 1);
INSERT INTO website_intents (website_id, intent_id) VALUES (571, 1);
INSERT INTO website_intents (website_id, intent_id) VALUES (571, 2);
INSERT INTO website_personas (website_id, persona_id) VALUES (571, 4);
INSERT INTO website_personas (website_id, persona_id) VALUES (571, 2);
INSERT INTO websites (id, name, slug, url, short_description, purpose, category_id, click_count, is_active) VALUES (572, 'CogniMate', 'cognimate-5377', 'https://cognimate-5377.com', 'Enhance your productivity with CogniMate. Perfect for seamless data & dashboard automation.', 'Creative Studio', 6, 0, 1);
INSERT INTO website_intents (website_id, intent_id) VALUES (572, 1);
INSERT INTO website_intents (website_id, intent_id) VALUES (572, 2);
INSERT INTO website_personas (website_id, persona_id) VALUES (572, 6);
INSERT INTO websites (id, name, slug, url, short_description, purpose, category_id, click_count, is_active) VALUES (573, 'NextBot Pro', 'nextbot-pro-1216', 'https://nextbot-pro-1216.com', 'An incredibly advanced AI tool revolutionizing the way you handle data & dashboard. Try NextBot Pro today.', 'Productivity Engine', 6, 0, 1);
INSERT INTO website_intents (website_id, intent_id) VALUES (573, 1);
INSERT INTO website_personas (website_id, persona_id) VALUES (573, 4);
INSERT INTO websites (id, name, slug, url, short_description, purpose, category_id, click_count, is_active) VALUES (574, 'SmartMate Pro', 'smartmate-pro-8434', 'https://smartmate-pro-8434.com', 'An incredibly advanced AI tool revolutionizing the way you handle data & dashboard. Try SmartMate Pro today.', 'Creative Studio', 6, 0, 1);
INSERT INTO website_intents (website_id, intent_id) VALUES (574, 3);
INSERT INTO website_intents (website_id, intent_id) VALUES (574, 2);
INSERT INTO website_personas (website_id, persona_id) VALUES (574, 6);
INSERT INTO website_personas (website_id, persona_id) VALUES (574, 2);
INSERT INTO websites (id, name, slug, url, short_description, purpose, category_id, click_count, is_active) VALUES (575, 'ZenCraft', 'zencraft-89', 'https://zencraft-89.com', 'Enhance your productivity with ZenCraft. Perfect for seamless data & dashboard automation.', 'Productivity Engine', 6, 0, 1);
INSERT INTO website_intents (website_id, intent_id) VALUES (575, 1);
INSERT INTO website_intents (website_id, intent_id) VALUES (575, 2);
INSERT INTO website_personas (website_id, persona_id) VALUES (575, 5);
INSERT INTO website_personas (website_id, persona_id) VALUES (575, 4);
INSERT INTO websites (id, name, slug, url, short_description, purpose, category_id, click_count, is_active) VALUES (576, 'ZenForge', 'zenforge-1247', 'https://zenforge-1247.com', 'An incredibly advanced AI tool revolutionizing the way you handle data & dashboard. Try ZenForge today.', 'Creative Studio', 6, 0, 1);
INSERT INTO website_intents (website_id, intent_id) VALUES (576, 6);
INSERT INTO website_intents (website_id, intent_id) VALUES (576, 1);
INSERT INTO website_personas (website_id, persona_id) VALUES (576, 3);
INSERT INTO website_personas (website_id, persona_id) VALUES (576, 2);
INSERT INTO websites (id, name, slug, url, short_description, purpose, category_id, click_count, is_active) VALUES (577, 'FlowMind', 'flowmind-4422', 'https://flowmind-4422.com', 'An incredibly advanced AI tool revolutionizing the way you handle data & dashboard. Try FlowMind today.', 'Productivity Engine', 6, 0, 1);
INSERT INTO website_intents (website_id, intent_id) VALUES (577, 1);
INSERT INTO website_personas (website_id, persona_id) VALUES (577, 1);
INSERT INTO websites (id, name, slug, url, short_description, purpose, category_id, click_count, is_active) VALUES (578, 'NextSync', 'nextsync-4661', 'https://nextsync-4661.com', 'Enhance your productivity with NextSync. Perfect for seamless data & dashboard automation.', 'Creative Studio', 6, 0, 1);
INSERT INTO website_intents (website_id, intent_id) VALUES (578, 5);
INSERT INTO website_personas (website_id, persona_id) VALUES (578, 1);
INSERT INTO websites (id, name, slug, url, short_description, purpose, category_id, click_count, is_active) VALUES (579, 'HyperMind Pro', 'hypermind-pro-8911', 'https://hypermind-pro-8911.com', 'An incredibly advanced AI tool revolutionizing the way you handle data & dashboard. Try HyperMind Pro today.', 'Productivity Engine', 6, 0, 1);
INSERT INTO website_intents (website_id, intent_id) VALUES (579, 4);
INSERT INTO website_intents (website_id, intent_id) VALUES (579, 3);
INSERT INTO website_personas (website_id, persona_id) VALUES (579, 4);
INSERT INTO website_personas (website_id, persona_id) VALUES (579, 1);
INSERT INTO websites (id, name, slug, url, short_description, purpose, category_id, click_count, is_active) VALUES (580, 'Vibely Pro', 'vibely-pro-992', 'https://vibely-pro-992.com', 'An incredibly advanced AI tool revolutionizing the way you handle data & dashboard. Try Vibely Pro today.', 'Creative Studio', 6, 0, 1);
INSERT INTO website_intents (website_id, intent_id) VALUES (580, 4);
INSERT INTO website_personas (website_id, persona_id) VALUES (580, 1);
INSERT INTO website_personas (website_id, persona_id) VALUES (580, 6);
INSERT INTO websites (id, name, slug, url, short_description, purpose, category_id, click_count, is_active) VALUES (581, 'DeepCraft', 'deepcraft-8264', 'https://deepcraft-8264.com', 'Enhance your productivity with DeepCraft. Perfect for seamless data & dashboard automation.', 'Productivity Engine', 6, 0, 1);
INSERT INTO website_intents (website_id, intent_id) VALUES (581, 6);
INSERT INTO website_intents (website_id, intent_id) VALUES (581, 3);
INSERT INTO website_personas (website_id, persona_id) VALUES (581, 5);
INSERT INTO website_personas (website_id, persona_id) VALUES (581, 1);
INSERT INTO websites (id, name, slug, url, short_description, purpose, category_id, click_count, is_active) VALUES (582, 'VibeMate Pro', 'vibemate-pro-4220', 'https://vibemate-pro-4220.com', 'An incredibly advanced AI tool revolutionizing the way you handle data & dashboard. Try VibeMate Pro today.', 'Creative Studio', 6, 0, 1);
INSERT INTO website_intents (website_id, intent_id) VALUES (582, 5);
INSERT INTO website_intents (website_id, intent_id) VALUES (582, 4);
INSERT INTO website_personas (website_id, persona_id) VALUES (582, 4);
INSERT INTO website_personas (website_id, persona_id) VALUES (582, 1);
INSERT INTO websites (id, name, slug, url, short_description, purpose, category_id, click_count, is_active) VALUES (583, 'GeniAI Pro', 'geniai-pro-1664', 'https://geniai-pro-1664.com', 'An incredibly advanced AI tool revolutionizing the way you handle data & dashboard. Try GeniAI Pro today.', 'Productivity Engine', 6, 0, 1);
INSERT INTO website_intents (website_id, intent_id) VALUES (583, 1);
INSERT INTO website_intents (website_id, intent_id) VALUES (583, 4);
INSERT INTO website_personas (website_id, persona_id) VALUES (583, 4);
INSERT INTO website_personas (website_id, persona_id) VALUES (583, 1);
INSERT INTO websites (id, name, slug, url, short_description, purpose, category_id, click_count, is_active) VALUES (584, 'ProFlow', 'proflow-1303', 'https://proflow-1303.com', 'Enhance your productivity with ProFlow. Perfect for seamless data & dashboard automation.', 'Creative Studio', 6, 0, 1);
INSERT INTO website_intents (website_id, intent_id) VALUES (584, 6);
INSERT INTO website_intents (website_id, intent_id) VALUES (584, 3);
INSERT INTO website_personas (website_id, persona_id) VALUES (584, 5);
INSERT INTO website_personas (website_id, persona_id) VALUES (584, 4);
INSERT INTO websites (id, name, slug, url, short_description, purpose, category_id, click_count, is_active) VALUES (585, 'QuickBase', 'quickbase-6701', 'https://quickbase-6701.com', 'An incredibly advanced AI tool revolutionizing the way you handle data & dashboard. Try QuickBase today.', 'Productivity Engine', 6, 0, 1);
INSERT INTO website_intents (website_id, intent_id) VALUES (585, 6);
INSERT INTO website_intents (website_id, intent_id) VALUES (585, 5);
INSERT INTO website_personas (website_id, persona_id) VALUES (585, 6);
INSERT INTO website_personas (website_id, persona_id) VALUES (585, 4);
INSERT INTO websites (id, name, slug, url, short_description, purpose, category_id, click_count, is_active) VALUES (586, 'GeniCraft Pro', 'genicraft-pro-9919', 'https://genicraft-pro-9919.com', 'An incredibly advanced AI tool revolutionizing the way you handle data & dashboard. Try GeniCraft Pro today.', 'Creative Studio', 6, 0, 1);
INSERT INTO website_intents (website_id, intent_id) VALUES (586, 2);
INSERT INTO website_intents (website_id, intent_id) VALUES (586, 1);
INSERT INTO website_personas (website_id, persona_id) VALUES (586, 4);
INSERT INTO websites (id, name, slug, url, short_description, purpose, category_id, click_count, is_active) VALUES (587, 'ProFlow', 'proflow-2283', 'https://proflow-2283.com', 'Enhance your productivity with ProFlow. Perfect for seamless data & dashboard automation.', 'Productivity Engine', 6, 0, 1);
INSERT INTO website_intents (website_id, intent_id) VALUES (587, 6);
INSERT INTO website_personas (website_id, persona_id) VALUES (587, 3);
INSERT INTO websites (id, name, slug, url, short_description, purpose, category_id, click_count, is_active) VALUES (588, 'VibeForge', 'vibeforge-3721', 'https://vibeforge-3721.com', 'An incredibly advanced AI tool revolutionizing the way you handle data & dashboard. Try VibeForge today.', 'Creative Studio', 6, 0, 1);
INSERT INTO website_intents (website_id, intent_id) VALUES (588, 1);
INSERT INTO website_personas (website_id, persona_id) VALUES (588, 1);
INSERT INTO website_personas (website_id, persona_id) VALUES (588, 4);
INSERT INTO websites (id, name, slug, url, short_description, purpose, category_id, click_count, is_active) VALUES (589, 'HyperGen', 'hypergen-5116', 'https://hypergen-5116.com', 'An incredibly advanced AI tool revolutionizing the way you handle data & dashboard. Try HyperGen today.', 'Productivity Engine', 6, 0, 1);
INSERT INTO website_intents (website_id, intent_id) VALUES (589, 3);
INSERT INTO website_intents (website_id, intent_id) VALUES (589, 2);
INSERT INTO website_personas (website_id, persona_id) VALUES (589, 1);
INSERT INTO websites (id, name, slug, url, short_description, purpose, category_id, click_count, is_active) VALUES (590, 'SmartCraft', 'smartcraft-5711', 'https://smartcraft-5711.com', 'Enhance your productivity with SmartCraft. Perfect for seamless data & dashboard automation.', 'Creative Studio', 6, 0, 1);
INSERT INTO website_intents (website_id, intent_id) VALUES (590, 6);
INSERT INTO website_personas (website_id, persona_id) VALUES (590, 2);
INSERT INTO websites (id, name, slug, url, short_description, purpose, category_id, click_count, is_active) VALUES (591, 'Hyperly', 'hyperly-8417', 'https://hyperly-8417.com', 'An incredibly advanced AI tool revolutionizing the way you handle data & dashboard. Try Hyperly today.', 'Productivity Engine', 6, 0, 1);
INSERT INTO website_intents (website_id, intent_id) VALUES (591, 6);
INSERT INTO website_intents (website_id, intent_id) VALUES (591, 5);
INSERT INTO website_personas (website_id, persona_id) VALUES (591, 5);
INSERT INTO websites (id, name, slug, url, short_description, purpose, category_id, click_count, is_active) VALUES (592, 'AutoSync', 'autosync-1795', 'https://autosync-1795.com', 'An incredibly advanced AI tool revolutionizing the way you handle data & dashboard. Try AutoSync today.', 'Creative Studio', 6, 0, 1);
INSERT INTO website_intents (website_id, intent_id) VALUES (592, 1);
INSERT INTO website_intents (website_id, intent_id) VALUES (592, 2);
INSERT INTO website_personas (website_id, persona_id) VALUES (592, 4);
INSERT INTO websites (id, name, slug, url, short_description, purpose, category_id, click_count, is_active) VALUES (593, 'CogniMind Pro', 'cognimind-pro-6670', 'https://cognimind-pro-6670.com', 'Enhance your productivity with CogniMind Pro. Perfect for seamless data & dashboard automation.', 'Productivity Engine', 6, 0, 1);
INSERT INTO website_intents (website_id, intent_id) VALUES (593, 1);
INSERT INTO website_personas (website_id, persona_id) VALUES (593, 4);
INSERT INTO websites (id, name, slug, url, short_description, purpose, category_id, click_count, is_active) VALUES (594, 'Syntheify Pro', 'syntheify-pro-883', 'https://syntheify-pro-883.com', 'An incredibly advanced AI tool revolutionizing the way you handle data & dashboard. Try Syntheify Pro today.', 'Creative Studio', 6, 0, 1);
INSERT INTO website_intents (website_id, intent_id) VALUES (594, 5);
INSERT INTO website_intents (website_id, intent_id) VALUES (594, 4);
INSERT INTO website_personas (website_id, persona_id) VALUES (594, 1);
INSERT INTO websites (id, name, slug, url, short_description, purpose, category_id, click_count, is_active) VALUES (595, 'Deepify', 'deepify-7278', 'https://deepify-7278.com', 'An incredibly advanced AI tool revolutionizing the way you handle data & dashboard. Try Deepify today.', 'Productivity Engine', 6, 0, 1);
INSERT INTO website_intents (website_id, intent_id) VALUES (595, 5);
INSERT INTO website_personas (website_id, persona_id) VALUES (595, 1);
INSERT INTO websites (id, name, slug, url, short_description, purpose, category_id, click_count, is_active) VALUES (596, 'QuickBase', 'quickbase-7736', 'https://quickbase-7736.com', 'Enhance your productivity with QuickBase. Perfect for seamless data & dashboard automation.', 'Creative Studio', 6, 0, 1);
INSERT INTO website_intents (website_id, intent_id) VALUES (596, 1);
INSERT INTO website_intents (website_id, intent_id) VALUES (596, 2);
INSERT INTO website_personas (website_id, persona_id) VALUES (596, 5);
INSERT INTO websites (id, name, slug, url, short_description, purpose, category_id, click_count, is_active) VALUES (597, 'FlowFlow', 'flowflow-4506', 'https://flowflow-4506.com', 'An incredibly advanced AI tool revolutionizing the way you handle data & dashboard. Try FlowFlow today.', 'Productivity Engine', 6, 0, 1);
INSERT INTO website_intents (website_id, intent_id) VALUES (597, 4);
INSERT INTO website_personas (website_id, persona_id) VALUES (597, 5);
INSERT INTO website_personas (website_id, persona_id) VALUES (597, 3);
INSERT INTO websites (id, name, slug, url, short_description, purpose, category_id, click_count, is_active) VALUES (598, 'Hyperly', 'hyperly-8966', 'https://hyperly-8966.com', 'An incredibly advanced AI tool revolutionizing the way you handle data & dashboard. Try Hyperly today.', 'Creative Studio', 6, 0, 1);
INSERT INTO website_intents (website_id, intent_id) VALUES (598, 4);
INSERT INTO website_personas (website_id, persona_id) VALUES (598, 6);
INSERT INTO website_personas (website_id, persona_id) VALUES (598, 4);
INSERT INTO websites (id, name, slug, url, short_description, purpose, category_id, click_count, is_active) VALUES (599, 'NextAI', 'nextai-4842', 'https://nextai-4842.com', 'Enhance your productivity with NextAI. Perfect for seamless data & dashboard automation.', 'Productivity Engine', 6, 0, 1);
INSERT INTO website_intents (website_id, intent_id) VALUES (599, 6);
INSERT INTO website_intents (website_id, intent_id) VALUES (599, 4);
INSERT INTO website_personas (website_id, persona_id) VALUES (599, 1);
INSERT INTO website_personas (website_id, persona_id) VALUES (599, 6);
INSERT INTO websites (id, name, slug, url, short_description, purpose, category_id, click_count, is_active) VALUES (600, 'HyperFlow', 'hyperflow-5819', 'https://hyperflow-5819.com', 'An incredibly advanced AI tool revolutionizing the way you handle data & dashboard. Try HyperFlow today.', 'Creative Studio', 6, 0, 1);
INSERT INTO website_intents (website_id, intent_id) VALUES (600, 4);
INSERT INTO website_intents (website_id, intent_id) VALUES (600, 3);
INSERT INTO website_personas (website_id, persona_id) VALUES (600, 4);
INSERT INTO website_personas (website_id, persona_id) VALUES (600, 2);
INSERT INTO websites (id, name, slug, url, short_description, purpose, category_id, click_count, is_active) VALUES (601, 'VibeSync Pro', 'vibesync-pro-9674', 'https://vibesync-pro-9674.com', 'An incredibly advanced AI tool revolutionizing the way you handle data & dashboard. Try VibeSync Pro today.', 'Productivity Engine', 6, 0, 1);
INSERT INTO website_intents (website_id, intent_id) VALUES (601, 5);
INSERT INTO website_personas (website_id, persona_id) VALUES (601, 4);
INSERT INTO website_personas (website_id, persona_id) VALUES (601, 1);
INSERT INTO websites (id, name, slug, url, short_description, purpose, category_id, click_count, is_active) VALUES (602, 'FlowMind Pro', 'flowmind-pro-8372', 'https://flowmind-pro-8372.com', 'Enhance your productivity with FlowMind Pro. Perfect for seamless data & dashboard automation.', 'Creative Studio', 6, 0, 1);
INSERT INTO website_intents (website_id, intent_id) VALUES (602, 5);
INSERT INTO website_intents (website_id, intent_id) VALUES (602, 6);
INSERT INTO website_personas (website_id, persona_id) VALUES (602, 6);
INSERT INTO websites (id, name, slug, url, short_description, purpose, category_id, click_count, is_active) VALUES (603, 'QuickAI', 'quickai-2669', 'https://quickai-2669.com', 'An incredibly advanced AI tool revolutionizing the way you handle data & dashboard. Try QuickAI today.', 'Productivity Engine', 6, 0, 1);
INSERT INTO website_intents (website_id, intent_id) VALUES (603, 3);
INSERT INTO website_intents (website_id, intent_id) VALUES (603, 2);
INSERT INTO website_personas (website_id, persona_id) VALUES (603, 5);
INSERT INTO websites (id, name, slug, url, short_description, purpose, category_id, click_count, is_active) VALUES (604, 'NextSync Pro', 'nextsync-pro-5231', 'https://nextsync-pro-5231.com', 'An incredibly advanced AI tool revolutionizing the way you handle data & dashboard. Try NextSync Pro today.', 'Creative Studio', 6, 0, 1);
INSERT INTO website_intents (website_id, intent_id) VALUES (604, 4);
INSERT INTO website_intents (website_id, intent_id) VALUES (604, 1);
INSERT INTO website_personas (website_id, persona_id) VALUES (604, 3);
INSERT INTO website_personas (website_id, persona_id) VALUES (604, 2);
INSERT INTO websites (id, name, slug, url, short_description, purpose, category_id, click_count, is_active) VALUES (605, 'NextFlow', 'nextflow-76', 'https://nextflow-76.com', 'Enhance your productivity with NextFlow. Perfect for seamless data & dashboard automation.', 'Productivity Engine', 6, 0, 1);
INSERT INTO website_intents (website_id, intent_id) VALUES (605, 2);
INSERT INTO website_intents (website_id, intent_id) VALUES (605, 1);
INSERT INTO website_personas (website_id, persona_id) VALUES (605, 1);
INSERT INTO websites (id, name, slug, url, short_description, purpose, category_id, click_count, is_active) VALUES (606, 'ProBase', 'probase-8659', 'https://probase-8659.com', 'An incredibly advanced AI tool revolutionizing the way you handle data & dashboard. Try ProBase today.', 'Creative Studio', 6, 0, 1);
INSERT INTO website_intents (website_id, intent_id) VALUES (606, 1);
INSERT INTO website_intents (website_id, intent_id) VALUES (606, 3);
INSERT INTO website_personas (website_id, persona_id) VALUES (606, 5);
INSERT INTO websites (id, name, slug, url, short_description, purpose, category_id, click_count, is_active) VALUES (607, 'NextAI', 'nextai-3532', 'https://nextai-3532.com', 'An incredibly advanced AI tool revolutionizing the way you handle data & dashboard. Try NextAI today.', 'Productivity Engine', 6, 0, 1);
INSERT INTO website_intents (website_id, intent_id) VALUES (607, 6);
INSERT INTO website_personas (website_id, persona_id) VALUES (607, 3);
INSERT INTO website_personas (website_id, persona_id) VALUES (607, 1);
INSERT INTO websites (id, name, slug, url, short_description, purpose, category_id, click_count, is_active) VALUES (608, 'FlowForge Pro', 'flowforge-pro-300', 'https://flowforge-pro-300.com', 'Enhance your productivity with FlowForge Pro. Perfect for seamless data & dashboard automation.', 'Creative Studio', 6, 0, 1);
INSERT INTO website_intents (website_id, intent_id) VALUES (608, 4);
INSERT INTO website_personas (website_id, persona_id) VALUES (608, 1);
INSERT INTO websites (id, name, slug, url, short_description, purpose, category_id, click_count, is_active) VALUES (609, 'AutoCraft', 'autocraft-8850', 'https://autocraft-8850.com', 'An incredibly advanced AI tool revolutionizing the way you handle data & dashboard. Try AutoCraft today.', 'Productivity Engine', 6, 0, 1);
INSERT INTO website_intents (website_id, intent_id) VALUES (609, 2);
INSERT INTO website_intents (website_id, intent_id) VALUES (609, 6);
INSERT INTO website_personas (website_id, persona_id) VALUES (609, 4);
INSERT INTO websites (id, name, slug, url, short_description, purpose, category_id, click_count, is_active) VALUES (610, 'Zenify Pro', 'zenify-pro-2995', 'https://zenify-pro-2995.com', 'An incredibly advanced AI tool revolutionizing the way you handle data & dashboard. Try Zenify Pro today.', 'Creative Studio', 6, 0, 1);
INSERT INTO website_intents (website_id, intent_id) VALUES (610, 2);
INSERT INTO website_personas (website_id, persona_id) VALUES (610, 1);
INSERT INTO website_personas (website_id, persona_id) VALUES (610, 4);
INSERT INTO websites (id, name, slug, url, short_description, purpose, category_id, click_count, is_active) VALUES (611, 'Zenly Pro', 'zenly-pro-477', 'https://zenly-pro-477.com', 'Enhance your productivity with Zenly Pro. Perfect for seamless data & dashboard automation.', 'Productivity Engine', 6, 0, 1);
INSERT INTO website_intents (website_id, intent_id) VALUES (611, 1);
INSERT INTO website_intents (website_id, intent_id) VALUES (611, 6);
INSERT INTO website_personas (website_id, persona_id) VALUES (611, 2);
INSERT INTO websites (id, name, slug, url, short_description, purpose, category_id, click_count, is_active) VALUES (612, 'CogniMind', 'cognimind-8730', 'https://cognimind-8730.com', 'An incredibly advanced AI tool revolutionizing the way you handle data & dashboard. Try CogniMind today.', 'Creative Studio', 6, 0, 1);
INSERT INTO website_intents (website_id, intent_id) VALUES (612, 4);
INSERT INTO website_personas (website_id, persona_id) VALUES (612, 5);
INSERT INTO websites (id, name, slug, url, short_description, purpose, category_id, click_count, is_active) VALUES (613, 'VibeAI Pro', 'vibeai-pro-4631', 'https://vibeai-pro-4631.com', 'An incredibly advanced AI tool revolutionizing the way you handle data & dashboard. Try VibeAI Pro today.', 'Productivity Engine', 6, 0, 1);
INSERT INTO website_intents (website_id, intent_id) VALUES (613, 1);
INSERT INTO website_intents (website_id, intent_id) VALUES (613, 2);
INSERT INTO website_personas (website_id, persona_id) VALUES (613, 1);
INSERT INTO website_personas (website_id, persona_id) VALUES (613, 2);
INSERT INTO websites (id, name, slug, url, short_description, purpose, category_id, click_count, is_active) VALUES (614, 'AutoForge', 'autoforge-8769', 'https://autoforge-8769.com', 'Enhance your productivity with AutoForge. Perfect for seamless data & dashboard automation.', 'Creative Studio', 6, 0, 1);
INSERT INTO website_intents (website_id, intent_id) VALUES (614, 2);
INSERT INTO website_personas (website_id, persona_id) VALUES (614, 3);
INSERT INTO website_personas (website_id, persona_id) VALUES (614, 6);
INSERT INTO websites (id, name, slug, url, short_description, purpose, category_id, click_count, is_active) VALUES (615, 'Quickly', 'quickly-1245', 'https://quickly-1245.com', 'Enhance your productivity with Quickly. Perfect for seamless marketing & growth automation.', 'Productivity Engine', 7, 0, 1);
INSERT INTO website_intents (website_id, intent_id) VALUES (615, 1);
INSERT INTO website_intents (website_id, intent_id) VALUES (615, 2);
INSERT INTO website_personas (website_id, persona_id) VALUES (615, 3);
INSERT INTO websites (id, name, slug, url, short_description, purpose, category_id, click_count, is_active) VALUES (616, 'FlowFlow Pro', 'flowflow-pro-8229', 'https://flowflow-pro-8229.com', 'An incredibly advanced AI tool revolutionizing the way you handle marketing & growth. Try FlowFlow Pro today.', 'Creative Studio', 7, 0, 1);
INSERT INTO website_intents (website_id, intent_id) VALUES (616, 1);
INSERT INTO website_intents (website_id, intent_id) VALUES (616, 6);
INSERT INTO website_personas (website_id, persona_id) VALUES (616, 3);
INSERT INTO website_personas (website_id, persona_id) VALUES (616, 2);
INSERT INTO websites (id, name, slug, url, short_description, purpose, category_id, click_count, is_active) VALUES (617, 'DeepMate', 'deepmate-3416', 'https://deepmate-3416.com', 'An incredibly advanced AI tool revolutionizing the way you handle marketing & growth. Try DeepMate today.', 'Productivity Engine', 7, 0, 1);
INSERT INTO website_intents (website_id, intent_id) VALUES (617, 1);
INSERT INTO website_intents (website_id, intent_id) VALUES (617, 4);
INSERT INTO website_personas (website_id, persona_id) VALUES (617, 2);
INSERT INTO website_personas (website_id, persona_id) VALUES (617, 4);
INSERT INTO websites (id, name, slug, url, short_description, purpose, category_id, click_count, is_active) VALUES (618, 'Zenify', 'zenify-1661', 'https://zenify-1661.com', 'Enhance your productivity with Zenify. Perfect for seamless marketing & growth automation.', 'Creative Studio', 7, 0, 1);
INSERT INTO website_intents (website_id, intent_id) VALUES (618, 2);
INSERT INTO website_intents (website_id, intent_id) VALUES (618, 4);
INSERT INTO website_personas (website_id, persona_id) VALUES (618, 2);
INSERT INTO websites (id, name, slug, url, short_description, purpose, category_id, click_count, is_active) VALUES (619, 'HyperAI Pro', 'hyperai-pro-7721', 'https://hyperai-pro-7721.com', 'An incredibly advanced AI tool revolutionizing the way you handle marketing & growth. Try HyperAI Pro today.', 'Productivity Engine', 7, 0, 1);
INSERT INTO website_intents (website_id, intent_id) VALUES (619, 6);
INSERT INTO website_personas (website_id, persona_id) VALUES (619, 5);
INSERT INTO website_personas (website_id, persona_id) VALUES (619, 4);
INSERT INTO websites (id, name, slug, url, short_description, purpose, category_id, click_count, is_active) VALUES (620, 'VibeBase', 'vibebase-9509', 'https://vibebase-9509.com', 'An incredibly advanced AI tool revolutionizing the way you handle marketing & growth. Try VibeBase today.', 'Creative Studio', 7, 0, 1);
INSERT INTO website_intents (website_id, intent_id) VALUES (620, 5);
INSERT INTO website_personas (website_id, persona_id) VALUES (620, 4);
INSERT INTO website_personas (website_id, persona_id) VALUES (620, 3);
INSERT INTO websites (id, name, slug, url, short_description, purpose, category_id, click_count, is_active) VALUES (621, 'DeepAI Pro', 'deepai-pro-3894', 'https://deepai-pro-3894.com', 'Enhance your productivity with DeepAI Pro. Perfect for seamless marketing & growth automation.', 'Productivity Engine', 7, 0, 1);
INSERT INTO website_intents (website_id, intent_id) VALUES (621, 2);
INSERT INTO website_intents (website_id, intent_id) VALUES (621, 1);
INSERT INTO website_personas (website_id, persona_id) VALUES (621, 4);
INSERT INTO website_personas (website_id, persona_id) VALUES (621, 3);
INSERT INTO websites (id, name, slug, url, short_description, purpose, category_id, click_count, is_active) VALUES (622, 'ProMind', 'promind-2834', 'https://promind-2834.com', 'An incredibly advanced AI tool revolutionizing the way you handle marketing & growth. Try ProMind today.', 'Creative Studio', 7, 0, 1);
INSERT INTO website_intents (website_id, intent_id) VALUES (622, 6);
INSERT INTO website_personas (website_id, persona_id) VALUES (622, 5);
INSERT INTO website_personas (website_id, persona_id) VALUES (622, 6);
INSERT INTO websites (id, name, slug, url, short_description, purpose, category_id, click_count, is_active) VALUES (623, 'QuickCraft', 'quickcraft-1160', 'https://quickcraft-1160.com', 'An incredibly advanced AI tool revolutionizing the way you handle marketing & growth. Try QuickCraft today.', 'Productivity Engine', 7, 0, 1);
INSERT INTO website_intents (website_id, intent_id) VALUES (623, 1);
INSERT INTO website_personas (website_id, persona_id) VALUES (623, 5);
INSERT INTO website_personas (website_id, persona_id) VALUES (623, 2);
INSERT INTO websites (id, name, slug, url, short_description, purpose, category_id, click_count, is_active) VALUES (624, 'GeniForge', 'geniforge-3594', 'https://geniforge-3594.com', 'Enhance your productivity with GeniForge. Perfect for seamless marketing & growth automation.', 'Creative Studio', 7, 0, 1);
INSERT INTO website_intents (website_id, intent_id) VALUES (624, 1);
INSERT INTO website_personas (website_id, persona_id) VALUES (624, 6);
INSERT INTO websites (id, name, slug, url, short_description, purpose, category_id, click_count, is_active) VALUES (625, 'Cogniify Pro', 'cogniify-pro-1399', 'https://cogniify-pro-1399.com', 'An incredibly advanced AI tool revolutionizing the way you handle marketing & growth. Try Cogniify Pro today.', 'Productivity Engine', 7, 0, 1);
INSERT INTO website_intents (website_id, intent_id) VALUES (625, 1);
INSERT INTO website_personas (website_id, persona_id) VALUES (625, 1);
INSERT INTO website_personas (website_id, persona_id) VALUES (625, 4);
INSERT INTO websites (id, name, slug, url, short_description, purpose, category_id, click_count, is_active) VALUES (626, 'AutoForge Pro', 'autoforge-pro-9632', 'https://autoforge-pro-9632.com', 'An incredibly advanced AI tool revolutionizing the way you handle marketing & growth. Try AutoForge Pro today.', 'Creative Studio', 7, 0, 1);
INSERT INTO website_intents (website_id, intent_id) VALUES (626, 1);
INSERT INTO website_personas (website_id, persona_id) VALUES (626, 2);
INSERT INTO website_personas (website_id, persona_id) VALUES (626, 3);
INSERT INTO websites (id, name, slug, url, short_description, purpose, category_id, click_count, is_active) VALUES (627, 'NextCraft', 'nextcraft-3107', 'https://nextcraft-3107.com', 'Enhance your productivity with NextCraft. Perfect for seamless marketing & growth automation.', 'Productivity Engine', 7, 0, 1);
INSERT INTO website_intents (website_id, intent_id) VALUES (627, 1);
INSERT INTO website_personas (website_id, persona_id) VALUES (627, 6);
INSERT INTO websites (id, name, slug, url, short_description, purpose, category_id, click_count, is_active) VALUES (628, 'AutoForge', 'autoforge-4255', 'https://autoforge-4255.com', 'An incredibly advanced AI tool revolutionizing the way you handle marketing & growth. Try AutoForge today.', 'Creative Studio', 7, 0, 1);
INSERT INTO website_intents (website_id, intent_id) VALUES (628, 1);
INSERT INTO website_personas (website_id, persona_id) VALUES (628, 1);
INSERT INTO websites (id, name, slug, url, short_description, purpose, category_id, click_count, is_active) VALUES (629, 'SmartFlow', 'smartflow-6209', 'https://smartflow-6209.com', 'An incredibly advanced AI tool revolutionizing the way you handle marketing & growth. Try SmartFlow today.', 'Productivity Engine', 7, 0, 1);
INSERT INTO website_intents (website_id, intent_id) VALUES (629, 1);
INSERT INTO website_personas (website_id, persona_id) VALUES (629, 4);
INSERT INTO website_personas (website_id, persona_id) VALUES (629, 3);
INSERT INTO websites (id, name, slug, url, short_description, purpose, category_id, click_count, is_active) VALUES (630, 'NextForge Pro', 'nextforge-pro-9193', 'https://nextforge-pro-9193.com', 'Enhance your productivity with NextForge Pro. Perfect for seamless marketing & growth automation.', 'Creative Studio', 7, 0, 1);
INSERT INTO website_intents (website_id, intent_id) VALUES (630, 4);
INSERT INTO website_personas (website_id, persona_id) VALUES (630, 1);
INSERT INTO website_personas (website_id, persona_id) VALUES (630, 2);
INSERT INTO websites (id, name, slug, url, short_description, purpose, category_id, click_count, is_active) VALUES (631, 'FlowFlow Pro', 'flowflow-pro-9447', 'https://flowflow-pro-9447.com', 'An incredibly advanced AI tool revolutionizing the way you handle marketing & growth. Try FlowFlow Pro today.', 'Productivity Engine', 7, 0, 1);
INSERT INTO website_intents (website_id, intent_id) VALUES (631, 1);
INSERT INTO website_intents (website_id, intent_id) VALUES (631, 6);
INSERT INTO website_personas (website_id, persona_id) VALUES (631, 4);
INSERT INTO websites (id, name, slug, url, short_description, purpose, category_id, click_count, is_active) VALUES (632, 'ProSync', 'prosync-1001', 'https://prosync-1001.com', 'An incredibly advanced AI tool revolutionizing the way you handle marketing & growth. Try ProSync today.', 'Creative Studio', 7, 0, 1);
INSERT INTO website_intents (website_id, intent_id) VALUES (632, 1);
INSERT INTO website_personas (website_id, persona_id) VALUES (632, 1);
INSERT INTO website_personas (website_id, persona_id) VALUES (632, 3);
INSERT INTO websites (id, name, slug, url, short_description, purpose, category_id, click_count, is_active) VALUES (633, 'AutoForge', 'autoforge-7566', 'https://autoforge-7566.com', 'Enhance your productivity with AutoForge. Perfect for seamless marketing & growth automation.', 'Productivity Engine', 7, 0, 1);
INSERT INTO website_intents (website_id, intent_id) VALUES (633, 6);
INSERT INTO website_intents (website_id, intent_id) VALUES (633, 1);
INSERT INTO website_personas (website_id, persona_id) VALUES (633, 4);
INSERT INTO websites (id, name, slug, url, short_description, purpose, category_id, click_count, is_active) VALUES (634, 'ZenMind', 'zenmind-3613', 'https://zenmind-3613.com', 'An incredibly advanced AI tool revolutionizing the way you handle marketing & growth. Try ZenMind today.', 'Creative Studio', 7, 0, 1);
INSERT INTO website_intents (website_id, intent_id) VALUES (634, 1);
INSERT INTO website_personas (website_id, persona_id) VALUES (634, 5);
INSERT INTO websites (id, name, slug, url, short_description, purpose, category_id, click_count, is_active) VALUES (635, 'CogniBase', 'cognibase-7165', 'https://cognibase-7165.com', 'An incredibly advanced AI tool revolutionizing the way you handle marketing & growth. Try CogniBase today.', 'Productivity Engine', 7, 0, 1);
INSERT INTO website_intents (website_id, intent_id) VALUES (635, 4);
INSERT INTO website_intents (website_id, intent_id) VALUES (635, 2);
INSERT INTO website_personas (website_id, persona_id) VALUES (635, 3);
INSERT INTO website_personas (website_id, persona_id) VALUES (635, 4);
INSERT INTO websites (id, name, slug, url, short_description, purpose, category_id, click_count, is_active) VALUES (636, 'CogniMate Pro', 'cognimate-pro-248', 'https://cognimate-pro-248.com', 'Enhance your productivity with CogniMate Pro. Perfect for seamless marketing & growth automation.', 'Creative Studio', 7, 0, 1);
INSERT INTO website_intents (website_id, intent_id) VALUES (636, 1);
INSERT INTO website_personas (website_id, persona_id) VALUES (636, 1);
INSERT INTO website_personas (website_id, persona_id) VALUES (636, 5);
INSERT INTO websites (id, name, slug, url, short_description, purpose, category_id, click_count, is_active) VALUES (637, 'SmartAI', 'smartai-2092', 'https://smartai-2092.com', 'An incredibly advanced AI tool revolutionizing the way you handle marketing & growth. Try SmartAI today.', 'Productivity Engine', 7, 0, 1);
INSERT INTO website_intents (website_id, intent_id) VALUES (637, 4);
INSERT INTO website_personas (website_id, persona_id) VALUES (637, 1);
INSERT INTO website_personas (website_id, persona_id) VALUES (637, 2);
INSERT INTO websites (id, name, slug, url, short_description, purpose, category_id, click_count, is_active) VALUES (638, 'SyntheCraft', 'synthecraft-120', 'https://synthecraft-120.com', 'An incredibly advanced AI tool revolutionizing the way you handle marketing & growth. Try SyntheCraft today.', 'Creative Studio', 7, 0, 1);
INSERT INTO website_intents (website_id, intent_id) VALUES (638, 3);
INSERT INTO website_personas (website_id, persona_id) VALUES (638, 6);
INSERT INTO websites (id, name, slug, url, short_description, purpose, category_id, click_count, is_active) VALUES (639, 'GeniFlow', 'geniflow-1452', 'https://geniflow-1452.com', 'Enhance your productivity with GeniFlow. Perfect for seamless marketing & growth automation.', 'Productivity Engine', 7, 0, 1);
INSERT INTO website_intents (website_id, intent_id) VALUES (639, 4);
INSERT INTO website_intents (website_id, intent_id) VALUES (639, 2);
INSERT INTO website_personas (website_id, persona_id) VALUES (639, 1);
INSERT INTO websites (id, name, slug, url, short_description, purpose, category_id, click_count, is_active) VALUES (640, 'CogniCraft Pro', 'cognicraft-pro-9712', 'https://cognicraft-pro-9712.com', 'An incredibly advanced AI tool revolutionizing the way you handle marketing & growth. Try CogniCraft Pro today.', 'Creative Studio', 7, 0, 1);
INSERT INTO website_intents (website_id, intent_id) VALUES (640, 3);
INSERT INTO website_intents (website_id, intent_id) VALUES (640, 2);
INSERT INTO website_personas (website_id, persona_id) VALUES (640, 1);
INSERT INTO website_personas (website_id, persona_id) VALUES (640, 2);
INSERT INTO websites (id, name, slug, url, short_description, purpose, category_id, click_count, is_active) VALUES (641, 'ZenGen', 'zengen-9950', 'https://zengen-9950.com', 'An incredibly advanced AI tool revolutionizing the way you handle marketing & growth. Try ZenGen today.', 'Productivity Engine', 7, 0, 1);
INSERT INTO website_intents (website_id, intent_id) VALUES (641, 5);
INSERT INTO website_personas (website_id, persona_id) VALUES (641, 5);
INSERT INTO website_personas (website_id, persona_id) VALUES (641, 1);
INSERT INTO websites (id, name, slug, url, short_description, purpose, category_id, click_count, is_active) VALUES (642, 'CogniBot', 'cognibot-1930', 'https://cognibot-1930.com', 'Enhance your productivity with CogniBot. Perfect for seamless marketing & growth automation.', 'Creative Studio', 7, 0, 1);
INSERT INTO website_intents (website_id, intent_id) VALUES (642, 4);
INSERT INTO website_personas (website_id, persona_id) VALUES (642, 5);
INSERT INTO website_personas (website_id, persona_id) VALUES (642, 4);
INSERT INTO websites (id, name, slug, url, short_description, purpose, category_id, click_count, is_active) VALUES (643, 'DeepMate', 'deepmate-3233', 'https://deepmate-3233.com', 'An incredibly advanced AI tool revolutionizing the way you handle marketing & growth. Try DeepMate today.', 'Productivity Engine', 7, 0, 1);
INSERT INTO website_intents (website_id, intent_id) VALUES (643, 4);
INSERT INTO website_personas (website_id, persona_id) VALUES (643, 5);
INSERT INTO website_personas (website_id, persona_id) VALUES (643, 2);
INSERT INTO websites (id, name, slug, url, short_description, purpose, category_id, click_count, is_active) VALUES (644, 'DeepCraft Pro', 'deepcraft-pro-2899', 'https://deepcraft-pro-2899.com', 'An incredibly advanced AI tool revolutionizing the way you handle marketing & growth. Try DeepCraft Pro today.', 'Creative Studio', 7, 0, 1);
INSERT INTO website_intents (website_id, intent_id) VALUES (644, 5);
INSERT INTO website_intents (website_id, intent_id) VALUES (644, 2);
INSERT INTO website_personas (website_id, persona_id) VALUES (644, 6);
INSERT INTO website_personas (website_id, persona_id) VALUES (644, 1);
INSERT INTO websites (id, name, slug, url, short_description, purpose, category_id, click_count, is_active) VALUES (645, 'SmartBase', 'smartbase-1293', 'https://smartbase-1293.com', 'Enhance your productivity with SmartBase. Perfect for seamless marketing & growth automation.', 'Productivity Engine', 7, 0, 1);
INSERT INTO website_intents (website_id, intent_id) VALUES (645, 3);
INSERT INTO website_intents (website_id, intent_id) VALUES (645, 2);
INSERT INTO website_personas (website_id, persona_id) VALUES (645, 2);
INSERT INTO website_personas (website_id, persona_id) VALUES (645, 1);
INSERT INTO websites (id, name, slug, url, short_description, purpose, category_id, click_count, is_active) VALUES (646, 'NextBase Pro', 'nextbase-pro-5852', 'https://nextbase-pro-5852.com', 'An incredibly advanced AI tool revolutionizing the way you handle marketing & growth. Try NextBase Pro today.', 'Creative Studio', 7, 0, 1);
INSERT INTO website_intents (website_id, intent_id) VALUES (646, 6);
INSERT INTO website_intents (website_id, intent_id) VALUES (646, 5);
INSERT INTO website_personas (website_id, persona_id) VALUES (646, 4);
INSERT INTO website_personas (website_id, persona_id) VALUES (646, 6);
INSERT INTO websites (id, name, slug, url, short_description, purpose, category_id, click_count, is_active) VALUES (647, 'HyperForge', 'hyperforge-6658', 'https://hyperforge-6658.com', 'An incredibly advanced AI tool revolutionizing the way you handle marketing & growth. Try HyperForge today.', 'Productivity Engine', 7, 0, 1);
INSERT INTO website_intents (website_id, intent_id) VALUES (647, 6);
INSERT INTO website_personas (website_id, persona_id) VALUES (647, 3);
INSERT INTO website_personas (website_id, persona_id) VALUES (647, 4);
INSERT INTO websites (id, name, slug, url, short_description, purpose, category_id, click_count, is_active) VALUES (648, 'Cogniify', 'cogniify-5215', 'https://cogniify-5215.com', 'Enhance your productivity with Cogniify. Perfect for seamless marketing & growth automation.', 'Creative Studio', 7, 0, 1);
INSERT INTO website_intents (website_id, intent_id) VALUES (648, 4);
INSERT INTO website_personas (website_id, persona_id) VALUES (648, 1);
INSERT INTO website_personas (website_id, persona_id) VALUES (648, 5);
INSERT INTO websites (id, name, slug, url, short_description, purpose, category_id, click_count, is_active) VALUES (649, 'SyntheBot', 'synthebot-5534', 'https://synthebot-5534.com', 'An incredibly advanced AI tool revolutionizing the way you handle marketing & growth. Try SyntheBot today.', 'Productivity Engine', 7, 0, 1);
INSERT INTO website_intents (website_id, intent_id) VALUES (649, 3);
INSERT INTO website_intents (website_id, intent_id) VALUES (649, 6);
INSERT INTO website_personas (website_id, persona_id) VALUES (649, 4);
INSERT INTO websites (id, name, slug, url, short_description, purpose, category_id, click_count, is_active) VALUES (650, 'CogniMind', 'cognimind-6853', 'https://cognimind-6853.com', 'An incredibly advanced AI tool revolutionizing the way you handle marketing & growth. Try CogniMind today.', 'Creative Studio', 7, 0, 1);
INSERT INTO website_intents (website_id, intent_id) VALUES (650, 2);
INSERT INTO website_intents (website_id, intent_id) VALUES (650, 6);
INSERT INTO website_personas (website_id, persona_id) VALUES (650, 3);
INSERT INTO websites (id, name, slug, url, short_description, purpose, category_id, click_count, is_active) VALUES (651, 'FlowMate', 'flowmate-6642', 'https://flowmate-6642.com', 'Enhance your productivity with FlowMate. Perfect for seamless marketing & growth automation.', 'Productivity Engine', 7, 0, 1);
INSERT INTO website_intents (website_id, intent_id) VALUES (651, 4);
INSERT INTO website_intents (website_id, intent_id) VALUES (651, 6);
INSERT INTO website_personas (website_id, persona_id) VALUES (651, 4);
INSERT INTO websites (id, name, slug, url, short_description, purpose, category_id, click_count, is_active) VALUES (652, 'ProMind', 'promind-1140', 'https://promind-1140.com', 'An incredibly advanced AI tool revolutionizing the way you handle marketing & growth. Try ProMind today.', 'Creative Studio', 7, 0, 1);
INSERT INTO website_intents (website_id, intent_id) VALUES (652, 6);
INSERT INTO website_personas (website_id, persona_id) VALUES (652, 1);
INSERT INTO websites (id, name, slug, url, short_description, purpose, category_id, click_count, is_active) VALUES (653, 'Flowly', 'flowly-2218', 'https://flowly-2218.com', 'An incredibly advanced AI tool revolutionizing the way you handle marketing & growth. Try Flowly today.', 'Productivity Engine', 7, 0, 1);
INSERT INTO website_intents (website_id, intent_id) VALUES (653, 1);
INSERT INTO website_personas (website_id, persona_id) VALUES (653, 5);
INSERT INTO website_personas (website_id, persona_id) VALUES (653, 4);
INSERT INTO websites (id, name, slug, url, short_description, purpose, category_id, click_count, is_active) VALUES (654, 'HyperMind Pro', 'hypermind-pro-2249', 'https://hypermind-pro-2249.com', 'Enhance your productivity with HyperMind Pro. Perfect for seamless marketing & growth automation.', 'Creative Studio', 7, 0, 1);
INSERT INTO website_intents (website_id, intent_id) VALUES (654, 3);
INSERT INTO website_intents (website_id, intent_id) VALUES (654, 4);
INSERT INTO website_personas (website_id, persona_id) VALUES (654, 3);
INSERT INTO websites (id, name, slug, url, short_description, purpose, category_id, click_count, is_active) VALUES (655, 'Geniify', 'geniify-4463', 'https://geniify-4463.com', 'An incredibly advanced AI tool revolutionizing the way you handle marketing & growth. Try Geniify today.', 'Productivity Engine', 7, 0, 1);
INSERT INTO website_intents (website_id, intent_id) VALUES (655, 2);
INSERT INTO website_personas (website_id, persona_id) VALUES (655, 4);
INSERT INTO website_personas (website_id, persona_id) VALUES (655, 1);
INSERT INTO websites (id, name, slug, url, short_description, purpose, category_id, click_count, is_active) VALUES (656, 'QuickMind', 'quickmind-9869', 'https://quickmind-9869.com', 'An incredibly advanced AI tool revolutionizing the way you handle marketing & growth. Try QuickMind today.', 'Creative Studio', 7, 0, 1);
INSERT INTO website_intents (website_id, intent_id) VALUES (656, 6);
INSERT INTO website_intents (website_id, intent_id) VALUES (656, 2);
INSERT INTO website_personas (website_id, persona_id) VALUES (656, 2);
INSERT INTO websites (id, name, slug, url, short_description, purpose, category_id, click_count, is_active) VALUES (657, 'HyperCraft', 'hypercraft-2396', 'https://hypercraft-2396.com', 'Enhance your productivity with HyperCraft. Perfect for seamless marketing & growth automation.', 'Productivity Engine', 7, 0, 1);
INSERT INTO website_intents (website_id, intent_id) VALUES (657, 5);
INSERT INTO website_intents (website_id, intent_id) VALUES (657, 4);
INSERT INTO website_personas (website_id, persona_id) VALUES (657, 1);
INSERT INTO website_personas (website_id, persona_id) VALUES (657, 2);
INSERT INTO websites (id, name, slug, url, short_description, purpose, category_id, click_count, is_active) VALUES (658, 'Deepify Pro', 'deepify-pro-439', 'https://deepify-pro-439.com', 'An incredibly advanced AI tool revolutionizing the way you handle marketing & growth. Try Deepify Pro today.', 'Creative Studio', 7, 0, 1);
INSERT INTO website_intents (website_id, intent_id) VALUES (658, 6);
INSERT INTO website_intents (website_id, intent_id) VALUES (658, 4);
INSERT INTO website_personas (website_id, persona_id) VALUES (658, 4);
INSERT INTO website_personas (website_id, persona_id) VALUES (658, 1);
INSERT INTO websites (id, name, slug, url, short_description, purpose, category_id, click_count, is_active) VALUES (659, 'NextCraft', 'nextcraft-3405', 'https://nextcraft-3405.com', 'An incredibly advanced AI tool revolutionizing the way you handle marketing & growth. Try NextCraft today.', 'Productivity Engine', 7, 0, 1);
INSERT INTO website_intents (website_id, intent_id) VALUES (659, 3);
INSERT INTO website_personas (website_id, persona_id) VALUES (659, 4);
INSERT INTO website_personas (website_id, persona_id) VALUES (659, 6);
INSERT INTO websites (id, name, slug, url, short_description, purpose, category_id, click_count, is_active) VALUES (660, 'NextMind', 'nextmind-7482', 'https://nextmind-7482.com', 'Enhance your productivity with NextMind. Perfect for seamless marketing & growth automation.', 'Creative Studio', 7, 0, 1);
INSERT INTO website_intents (website_id, intent_id) VALUES (660, 3);
INSERT INTO website_personas (website_id, persona_id) VALUES (660, 1);
INSERT INTO website_personas (website_id, persona_id) VALUES (660, 2);
INSERT INTO websites (id, name, slug, url, short_description, purpose, category_id, click_count, is_active) VALUES (661, 'NextGen', 'nextgen-8440', 'https://nextgen-8440.com', 'An incredibly advanced AI tool revolutionizing the way you handle marketing & growth. Try NextGen today.', 'Productivity Engine', 7, 0, 1);
INSERT INTO website_intents (website_id, intent_id) VALUES (661, 3);
INSERT INTO website_personas (website_id, persona_id) VALUES (661, 3);
INSERT INTO websites (id, name, slug, url, short_description, purpose, category_id, click_count, is_active) VALUES (662, 'Proly', 'proly-2208', 'https://proly-2208.com', 'An incredibly advanced AI tool revolutionizing the way you handle marketing & growth. Try Proly today.', 'Creative Studio', 7, 0, 1);
INSERT INTO website_intents (website_id, intent_id) VALUES (662, 1);
INSERT INTO website_personas (website_id, persona_id) VALUES (662, 1);
INSERT INTO websites (id, name, slug, url, short_description, purpose, category_id, click_count, is_active) VALUES (663, 'FlowFlow', 'flowflow-8636', 'https://flowflow-8636.com', 'Enhance your productivity with FlowFlow. Perfect for seamless marketing & growth automation.', 'Productivity Engine', 7, 0, 1);
INSERT INTO website_intents (website_id, intent_id) VALUES (663, 4);
INSERT INTO website_personas (website_id, persona_id) VALUES (663, 2);
INSERT INTO websites (id, name, slug, url, short_description, purpose, category_id, click_count, is_active) VALUES (664, 'VibeForge', 'vibeforge-642', 'https://vibeforge-642.com', 'An incredibly advanced AI tool revolutionizing the way you handle marketing & growth. Try VibeForge today.', 'Creative Studio', 7, 0, 1);
INSERT INTO website_intents (website_id, intent_id) VALUES (664, 3);
INSERT INTO website_personas (website_id, persona_id) VALUES (664, 5);
INSERT INTO websites (id, name, slug, url, short_description, purpose, category_id, click_count, is_active) VALUES (665, 'NextAI', 'nextai-3763', 'https://nextai-3763.com', 'An incredibly advanced AI tool revolutionizing the way you handle marketing & growth. Try NextAI today.', 'Productivity Engine', 7, 0, 1);
INSERT INTO website_intents (website_id, intent_id) VALUES (665, 5);
INSERT INTO website_personas (website_id, persona_id) VALUES (665, 2);
INSERT INTO websites (id, name, slug, url, short_description, purpose, category_id, click_count, is_active) VALUES (666, 'Nextify', 'nextify-5722', 'https://nextify-5722.com', 'Enhance your productivity with Nextify. Perfect for seamless marketing & growth automation.', 'Creative Studio', 7, 0, 1);
INSERT INTO website_intents (website_id, intent_id) VALUES (666, 2);
INSERT INTO website_personas (website_id, persona_id) VALUES (666, 1);
INSERT INTO websites (id, name, slug, url, short_description, purpose, category_id, click_count, is_active) VALUES (667, 'Cogniify', 'cogniify-7803', 'https://cogniify-7803.com', 'An incredibly advanced AI tool revolutionizing the way you handle marketing & growth. Try Cogniify today.', 'Productivity Engine', 7, 0, 1);
INSERT INTO website_intents (website_id, intent_id) VALUES (667, 4);
INSERT INTO website_intents (website_id, intent_id) VALUES (667, 6);
INSERT INTO website_personas (website_id, persona_id) VALUES (667, 3);
INSERT INTO website_personas (website_id, persona_id) VALUES (667, 6);
INSERT INTO websites (id, name, slug, url, short_description, purpose, category_id, click_count, is_active) VALUES (668, 'DeepCraft', 'deepcraft-9856', 'https://deepcraft-9856.com', 'An incredibly advanced AI tool revolutionizing the way you handle marketing & growth. Try DeepCraft today.', 'Creative Studio', 7, 0, 1);
INSERT INTO website_intents (website_id, intent_id) VALUES (668, 4);
INSERT INTO website_personas (website_id, persona_id) VALUES (668, 2);
INSERT INTO website_personas (website_id, persona_id) VALUES (668, 3);
INSERT INTO websites (id, name, slug, url, short_description, purpose, category_id, click_count, is_active) VALUES (669, 'HyperCraft', 'hypercraft-8217', 'https://hypercraft-8217.com', 'Enhance your productivity with HyperCraft. Perfect for seamless marketing & growth automation.', 'Productivity Engine', 7, 0, 1);
INSERT INTO website_intents (website_id, intent_id) VALUES (669, 6);
INSERT INTO website_personas (website_id, persona_id) VALUES (669, 3);
INSERT INTO website_personas (website_id, persona_id) VALUES (669, 1);
INSERT INTO websites (id, name, slug, url, short_description, purpose, category_id, click_count, is_active) VALUES (670, 'ZenForge', 'zenforge-8625', 'https://zenforge-8625.com', 'An incredibly advanced AI tool revolutionizing the way you handle marketing & growth. Try ZenForge today.', 'Creative Studio', 7, 0, 1);
INSERT INTO website_intents (website_id, intent_id) VALUES (670, 2);
INSERT INTO website_intents (website_id, intent_id) VALUES (670, 4);
INSERT INTO website_personas (website_id, persona_id) VALUES (670, 4);
INSERT INTO website_personas (website_id, persona_id) VALUES (670, 2);
INSERT INTO websites (id, name, slug, url, short_description, purpose, category_id, click_count, is_active) VALUES (671, 'NextCraft', 'nextcraft-7685', 'https://nextcraft-7685.com', 'An incredibly advanced AI tool revolutionizing the way you handle marketing & growth. Try NextCraft today.', 'Productivity Engine', 7, 0, 1);
INSERT INTO website_intents (website_id, intent_id) VALUES (671, 4);
INSERT INTO website_personas (website_id, persona_id) VALUES (671, 2);
INSERT INTO websites (id, name, slug, url, short_description, purpose, category_id, click_count, is_active) VALUES (672, 'HyperFlow', 'hyperflow-219', 'https://hyperflow-219.com', 'Enhance your productivity with HyperFlow. Perfect for seamless marketing & growth automation.', 'Creative Studio', 7, 0, 1);
INSERT INTO website_intents (website_id, intent_id) VALUES (672, 4);
INSERT INTO website_intents (website_id, intent_id) VALUES (672, 1);
INSERT INTO website_personas (website_id, persona_id) VALUES (672, 1);
INSERT INTO website_personas (website_id, persona_id) VALUES (672, 2);
INSERT INTO websites (id, name, slug, url, short_description, purpose, category_id, click_count, is_active) VALUES (673, 'QuickBase', 'quickbase-7449', 'https://quickbase-7449.com', 'An incredibly advanced AI tool revolutionizing the way you handle marketing & growth. Try QuickBase today.', 'Productivity Engine', 7, 0, 1);
INSERT INTO website_intents (website_id, intent_id) VALUES (673, 4);
INSERT INTO website_intents (website_id, intent_id) VALUES (673, 3);
INSERT INTO website_personas (website_id, persona_id) VALUES (673, 5);
INSERT INTO websites (id, name, slug, url, short_description, purpose, category_id, click_count, is_active) VALUES (674, 'QuickFlow Pro', 'quickflow-pro-2400', 'https://quickflow-pro-2400.com', 'An incredibly advanced AI tool revolutionizing the way you handle marketing & growth. Try QuickFlow Pro today.', 'Creative Studio', 7, 0, 1);
INSERT INTO website_intents (website_id, intent_id) VALUES (674, 3);
INSERT INTO website_personas (website_id, persona_id) VALUES (674, 1);
INSERT INTO websites (id, name, slug, url, short_description, purpose, category_id, click_count, is_active) VALUES (675, 'Quickly', 'quickly-9697', 'https://quickly-9697.com', 'Enhance your productivity with Quickly. Perfect for seamless marketing & growth automation.', 'Productivity Engine', 7, 0, 1);
INSERT INTO website_intents (website_id, intent_id) VALUES (675, 6);
INSERT INTO website_intents (website_id, intent_id) VALUES (675, 5);
INSERT INTO website_personas (website_id, persona_id) VALUES (675, 1);
INSERT INTO websites (id, name, slug, url, short_description, purpose, category_id, click_count, is_active) VALUES (676, 'HyperBot', 'hyperbot-6588', 'https://hyperbot-6588.com', 'An incredibly advanced AI tool revolutionizing the way you handle marketing & growth. Try HyperBot today.', 'Creative Studio', 7, 0, 1);
INSERT INTO website_intents (website_id, intent_id) VALUES (676, 5);
INSERT INTO website_personas (website_id, persona_id) VALUES (676, 3);
INSERT INTO website_personas (website_id, persona_id) VALUES (676, 2);
INSERT INTO websites (id, name, slug, url, short_description, purpose, category_id, click_count, is_active) VALUES (677, 'CogniForge', 'cogniforge-6892', 'https://cogniforge-6892.com', 'An incredibly advanced AI tool revolutionizing the way you handle marketing & growth. Try CogniForge today.', 'Productivity Engine', 7, 0, 1);
INSERT INTO website_intents (website_id, intent_id) VALUES (677, 3);
INSERT INTO website_intents (website_id, intent_id) VALUES (677, 2);
INSERT INTO website_personas (website_id, persona_id) VALUES (677, 1);
INSERT INTO websites (id, name, slug, url, short_description, purpose, category_id, click_count, is_active) VALUES (678, 'QuickBot', 'quickbot-6058', 'https://quickbot-6058.com', 'Enhance your productivity with QuickBot. Perfect for seamless marketing & growth automation.', 'Creative Studio', 7, 0, 1);
INSERT INTO website_intents (website_id, intent_id) VALUES (678, 3);
INSERT INTO website_personas (website_id, persona_id) VALUES (678, 1);
INSERT INTO websites (id, name, slug, url, short_description, purpose, category_id, click_count, is_active) VALUES (679, 'FlowMind', 'flowmind-2959', 'https://flowmind-2959.com', 'An incredibly advanced AI tool revolutionizing the way you handle marketing & growth. Try FlowMind today.', 'Productivity Engine', 7, 0, 1);
INSERT INTO website_intents (website_id, intent_id) VALUES (679, 1);
INSERT INTO website_personas (website_id, persona_id) VALUES (679, 4);
INSERT INTO websites (id, name, slug, url, short_description, purpose, category_id, click_count, is_active) VALUES (680, 'SmartGen', 'smartgen-9287', 'https://smartgen-9287.com', 'An incredibly advanced AI tool revolutionizing the way you handle marketing & growth. Try SmartGen today.', 'Creative Studio', 7, 0, 1);
INSERT INTO website_intents (website_id, intent_id) VALUES (680, 6);
INSERT INTO website_intents (website_id, intent_id) VALUES (680, 5);
INSERT INTO website_personas (website_id, persona_id) VALUES (680, 5);
INSERT INTO websites (id, name, slug, url, short_description, purpose, category_id, click_count, is_active) VALUES (681, 'GeniForge', 'geniforge-7275', 'https://geniforge-7275.com', 'Enhance your productivity with GeniForge. Perfect for seamless marketing & growth automation.', 'Productivity Engine', 7, 0, 1);
INSERT INTO website_intents (website_id, intent_id) VALUES (681, 1);
INSERT INTO website_personas (website_id, persona_id) VALUES (681, 3);
INSERT INTO website_personas (website_id, persona_id) VALUES (681, 4);
INSERT INTO websites (id, name, slug, url, short_description, purpose, category_id, click_count, is_active) VALUES (682, 'ZenFlow', 'zenflow-5488', 'https://zenflow-5488.com', 'An incredibly advanced AI tool revolutionizing the way you handle marketing & growth. Try ZenFlow today.', 'Creative Studio', 7, 0, 1);
INSERT INTO website_intents (website_id, intent_id) VALUES (682, 1);
INSERT INTO website_intents (website_id, intent_id) VALUES (682, 2);
INSERT INTO website_personas (website_id, persona_id) VALUES (682, 6);
INSERT INTO websites (id, name, slug, url, short_description, purpose, category_id, click_count, is_active) VALUES (683, 'QuickBase', 'quickbase-60', 'https://quickbase-60.com', 'An incredibly advanced AI tool revolutionizing the way you handle marketing & growth. Try QuickBase today.', 'Productivity Engine', 7, 0, 1);
INSERT INTO website_intents (website_id, intent_id) VALUES (683, 6);
INSERT INTO website_personas (website_id, persona_id) VALUES (683, 1);
INSERT INTO website_personas (website_id, persona_id) VALUES (683, 6);
INSERT INTO websites (id, name, slug, url, short_description, purpose, category_id, click_count, is_active) VALUES (684, 'ProAI Pro', 'proai-pro-1036', 'https://proai-pro-1036.com', 'Enhance your productivity with ProAI Pro. Perfect for seamless marketing & growth automation.', 'Creative Studio', 7, 0, 1);
INSERT INTO website_intents (website_id, intent_id) VALUES (684, 3);
INSERT INTO website_intents (website_id, intent_id) VALUES (684, 1);
INSERT INTO website_personas (website_id, persona_id) VALUES (684, 1);
INSERT INTO website_personas (website_id, persona_id) VALUES (684, 6);
INSERT INTO websites (id, name, slug, url, short_description, purpose, category_id, click_count, is_active) VALUES (685, 'HyperForge', 'hyperforge-4842', 'https://hyperforge-4842.com', 'An incredibly advanced AI tool revolutionizing the way you handle marketing & growth. Try HyperForge today.', 'Productivity Engine', 7, 0, 1);
INSERT INTO website_intents (website_id, intent_id) VALUES (685, 4);
INSERT INTO website_personas (website_id, persona_id) VALUES (685, 3);
INSERT INTO websites (id, name, slug, url, short_description, purpose, category_id, click_count, is_active) VALUES (686, 'AutoBot', 'autobot-5978', 'https://autobot-5978.com', 'An incredibly advanced AI tool revolutionizing the way you handle marketing & growth. Try AutoBot today.', 'Creative Studio', 7, 0, 1);
INSERT INTO website_intents (website_id, intent_id) VALUES (686, 2);
INSERT INTO website_intents (website_id, intent_id) VALUES (686, 1);
INSERT INTO website_personas (website_id, persona_id) VALUES (686, 6);
INSERT INTO websites (id, name, slug, url, short_description, purpose, category_id, click_count, is_active) VALUES (687, 'ProGen Pro', 'progen-pro-6086', 'https://progen-pro-6086.com', 'Enhance your productivity with ProGen Pro. Perfect for seamless marketing & growth automation.', 'Productivity Engine', 7, 0, 1);
INSERT INTO website_intents (website_id, intent_id) VALUES (687, 2);
INSERT INTO website_personas (website_id, persona_id) VALUES (687, 3);
INSERT INTO website_personas (website_id, persona_id) VALUES (687, 5);
INSERT INTO websites (id, name, slug, url, short_description, purpose, category_id, click_count, is_active) VALUES (688, 'QuickBase', 'quickbase-8180', 'https://quickbase-8180.com', 'An incredibly advanced AI tool revolutionizing the way you handle marketing & growth. Try QuickBase today.', 'Creative Studio', 7, 0, 1);
INSERT INTO website_intents (website_id, intent_id) VALUES (688, 1);
INSERT INTO website_intents (website_id, intent_id) VALUES (688, 2);
INSERT INTO website_personas (website_id, persona_id) VALUES (688, 3);
INSERT INTO website_personas (website_id, persona_id) VALUES (688, 5);
INSERT INTO websites (id, name, slug, url, short_description, purpose, category_id, click_count, is_active) VALUES (689, 'SmartBot', 'smartbot-4046', 'https://smartbot-4046.com', 'An incredibly advanced AI tool revolutionizing the way you handle marketing & growth. Try SmartBot today.', 'Productivity Engine', 7, 0, 1);
INSERT INTO website_intents (website_id, intent_id) VALUES (689, 3);
INSERT INTO website_intents (website_id, intent_id) VALUES (689, 6);
INSERT INTO website_personas (website_id, persona_id) VALUES (689, 2);
INSERT INTO websites (id, name, slug, url, short_description, purpose, category_id, click_count, is_active) VALUES (690, 'AutoAI', 'autoai-5147', 'https://autoai-5147.com', 'Enhance your productivity with AutoAI. Perfect for seamless marketing & growth automation.', 'Creative Studio', 7, 0, 1);
INSERT INTO website_intents (website_id, intent_id) VALUES (690, 6);
INSERT INTO website_personas (website_id, persona_id) VALUES (690, 4);
INSERT INTO websites (id, name, slug, url, short_description, purpose, category_id, click_count, is_active) VALUES (691, 'NextMate', 'nextmate-5857', 'https://nextmate-5857.com', 'An incredibly advanced AI tool revolutionizing the way you handle marketing & growth. Try NextMate today.', 'Productivity Engine', 7, 0, 1);
INSERT INTO website_intents (website_id, intent_id) VALUES (691, 4);
INSERT INTO website_personas (website_id, persona_id) VALUES (691, 4);
INSERT INTO website_personas (website_id, persona_id) VALUES (691, 3);
INSERT INTO websites (id, name, slug, url, short_description, purpose, category_id, click_count, is_active) VALUES (692, 'GeniBase', 'genibase-5633', 'https://genibase-5633.com', 'An incredibly advanced AI tool revolutionizing the way you handle marketing & growth. Try GeniBase today.', 'Creative Studio', 7, 0, 1);
INSERT INTO website_intents (website_id, intent_id) VALUES (692, 3);
INSERT INTO website_intents (website_id, intent_id) VALUES (692, 2);
INSERT INTO website_personas (website_id, persona_id) VALUES (692, 1);
INSERT INTO website_personas (website_id, persona_id) VALUES (692, 2);
INSERT INTO websites (id, name, slug, url, short_description, purpose, category_id, click_count, is_active) VALUES (693, 'GeniSync', 'genisync-3411', 'https://genisync-3411.com', 'Enhance your productivity with GeniSync. Perfect for seamless marketing & growth automation.', 'Productivity Engine', 7, 0, 1);
INSERT INTO website_intents (website_id, intent_id) VALUES (693, 1);
INSERT INTO website_intents (website_id, intent_id) VALUES (693, 2);
INSERT INTO website_personas (website_id, persona_id) VALUES (693, 4);
INSERT INTO websites (id, name, slug, url, short_description, purpose, category_id, click_count, is_active) VALUES (694, 'SyntheSync', 'synthesync-2711', 'https://synthesync-2711.com', 'An incredibly advanced AI tool revolutionizing the way you handle marketing & growth. Try SyntheSync today.', 'Creative Studio', 7, 0, 1);
INSERT INTO website_intents (website_id, intent_id) VALUES (694, 1);
INSERT INTO website_intents (website_id, intent_id) VALUES (694, 2);
INSERT INTO website_personas (website_id, persona_id) VALUES (694, 5);
INSERT INTO website_personas (website_id, persona_id) VALUES (694, 4);
INSERT INTO websites (id, name, slug, url, short_description, purpose, category_id, click_count, is_active) VALUES (695, 'VibeBase Pro', 'vibebase-pro-3062', 'https://vibebase-pro-3062.com', 'An incredibly advanced AI tool revolutionizing the way you handle marketing & growth. Try VibeBase Pro today.', 'Productivity Engine', 7, 0, 1);
INSERT INTO website_intents (website_id, intent_id) VALUES (695, 2);
INSERT INTO website_personas (website_id, persona_id) VALUES (695, 1);
INSERT INTO websites (id, name, slug, url, short_description, purpose, category_id, click_count, is_active) VALUES (696, 'QuickForge', 'quickforge-8443', 'https://quickforge-8443.com', 'Enhance your productivity with QuickForge. Perfect for seamless marketing & growth automation.', 'Creative Studio', 7, 0, 1);
INSERT INTO website_intents (website_id, intent_id) VALUES (696, 1);
INSERT INTO website_intents (website_id, intent_id) VALUES (696, 5);
INSERT INTO website_personas (website_id, persona_id) VALUES (696, 3);
INSERT INTO websites (id, name, slug, url, short_description, purpose, category_id, click_count, is_active) VALUES (697, 'HyperGen Pro', 'hypergen-pro-4232', 'https://hypergen-pro-4232.com', 'An incredibly advanced AI tool revolutionizing the way you handle marketing & growth. Try HyperGen Pro today.', 'Productivity Engine', 7, 0, 1);
INSERT INTO website_intents (website_id, intent_id) VALUES (697, 6);
INSERT INTO website_personas (website_id, persona_id) VALUES (697, 3);
INSERT INTO website_personas (website_id, persona_id) VALUES (697, 4);
INSERT INTO websites (id, name, slug, url, short_description, purpose, category_id, click_count, is_active) VALUES (698, 'GeniGen', 'genigen-6064', 'https://genigen-6064.com', 'An incredibly advanced AI tool revolutionizing the way you handle marketing & growth. Try GeniGen today.', 'Creative Studio', 7, 0, 1);
INSERT INTO website_intents (website_id, intent_id) VALUES (698, 3);
INSERT INTO website_personas (website_id, persona_id) VALUES (698, 5);
INSERT INTO website_personas (website_id, persona_id) VALUES (698, 3);
INSERT INTO websites (id, name, slug, url, short_description, purpose, category_id, click_count, is_active) VALUES (699, 'ProBase', 'probase-4507', 'https://probase-4507.com', 'Enhance your productivity with ProBase. Perfect for seamless marketing & growth automation.', 'Productivity Engine', 7, 0, 1);
INSERT INTO website_intents (website_id, intent_id) VALUES (699, 3);
INSERT INTO website_intents (website_id, intent_id) VALUES (699, 2);
INSERT INTO website_personas (website_id, persona_id) VALUES (699, 6);
INSERT INTO websites (id, name, slug, url, short_description, purpose, category_id, click_count, is_active) VALUES (700, 'ZenFlow', 'zenflow-3954', 'https://zenflow-3954.com', 'An incredibly advanced AI tool revolutionizing the way you handle marketing & growth. Try ZenFlow today.', 'Creative Studio', 7, 0, 1);
INSERT INTO website_intents (website_id, intent_id) VALUES (700, 1);
INSERT INTO website_intents (website_id, intent_id) VALUES (700, 4);
INSERT INTO website_personas (website_id, persona_id) VALUES (700, 6);
INSERT INTO websites (id, name, slug, url, short_description, purpose, category_id, click_count, is_active) VALUES (701, 'ProBase', 'probase-3311', 'https://probase-3311.com', 'An incredibly advanced AI tool revolutionizing the way you handle marketing & growth. Try ProBase today.', 'Productivity Engine', 7, 0, 1);
INSERT INTO website_intents (website_id, intent_id) VALUES (701, 5);
INSERT INTO website_personas (website_id, persona_id) VALUES (701, 4);
INSERT INTO websites (id, name, slug, url, short_description, purpose, category_id, click_count, is_active) VALUES (702, 'NextSync Pro', 'nextsync-pro-1355', 'https://nextsync-pro-1355.com', 'Enhance your productivity with NextSync Pro. Perfect for seamless marketing & growth automation.', 'Creative Studio', 7, 0, 1);
INSERT INTO website_intents (website_id, intent_id) VALUES (702, 2);
INSERT INTO website_personas (website_id, persona_id) VALUES (702, 6);
INSERT INTO website_personas (website_id, persona_id) VALUES (702, 2);
INSERT INTO websites (id, name, slug, url, short_description, purpose, category_id, click_count, is_active) VALUES (703, 'VibeCraft', 'vibecraft-3329', 'https://vibecraft-3329.com', 'An incredibly advanced AI tool revolutionizing the way you handle marketing & growth. Try VibeCraft today.', 'Productivity Engine', 7, 0, 1);
INSERT INTO website_intents (website_id, intent_id) VALUES (703, 3);
INSERT INTO website_intents (website_id, intent_id) VALUES (703, 5);
INSERT INTO website_personas (website_id, persona_id) VALUES (703, 5);
INSERT INTO website_personas (website_id, persona_id) VALUES (703, 4);
INSERT INTO websites (id, name, slug, url, short_description, purpose, category_id, click_count, is_active) VALUES (704, 'CogniAI', 'cogniai-3065', 'https://cogniai-3065.com', 'An incredibly advanced AI tool revolutionizing the way you handle marketing & growth. Try CogniAI today.', 'Creative Studio', 7, 0, 1);
INSERT INTO website_intents (website_id, intent_id) VALUES (704, 4);
INSERT INTO website_intents (website_id, intent_id) VALUES (704, 5);
INSERT INTO website_personas (website_id, persona_id) VALUES (704, 4);
INSERT INTO website_personas (website_id, persona_id) VALUES (704, 1);
INSERT INTO websites (id, name, slug, url, short_description, purpose, category_id, click_count, is_active) VALUES (705, 'NextBase', 'nextbase-7995', 'https://nextbase-7995.com', 'Enhance your productivity with NextBase. Perfect for seamless marketing & growth automation.', 'Productivity Engine', 7, 0, 1);
INSERT INTO website_intents (website_id, intent_id) VALUES (705, 1);
INSERT INTO website_personas (website_id, persona_id) VALUES (705, 1);
INSERT INTO websites (id, name, slug, url, short_description, purpose, category_id, click_count, is_active) VALUES (706, 'CogniForge', 'cogniforge-9034', 'https://cogniforge-9034.com', 'An incredibly advanced AI tool revolutionizing the way you handle marketing & growth. Try CogniForge today.', 'Creative Studio', 7, 0, 1);
INSERT INTO website_intents (website_id, intent_id) VALUES (706, 6);
INSERT INTO website_intents (website_id, intent_id) VALUES (706, 4);
INSERT INTO website_personas (website_id, persona_id) VALUES (706, 1);
INSERT INTO websites (id, name, slug, url, short_description, purpose, category_id, click_count, is_active) VALUES (707, 'ZenSync', 'zensync-1985', 'https://zensync-1985.com', 'An incredibly advanced AI tool revolutionizing the way you handle marketing & growth. Try ZenSync today.', 'Productivity Engine', 7, 0, 1);
INSERT INTO website_intents (website_id, intent_id) VALUES (707, 1);
INSERT INTO website_intents (website_id, intent_id) VALUES (707, 4);
INSERT INTO website_personas (website_id, persona_id) VALUES (707, 3);
INSERT INTO websites (id, name, slug, url, short_description, purpose, category_id, click_count, is_active) VALUES (708, 'CogniBase', 'cognibase-4849', 'https://cognibase-4849.com', 'Enhance your productivity with CogniBase. Perfect for seamless marketing & growth automation.', 'Creative Studio', 7, 0, 1);
INSERT INTO website_intents (website_id, intent_id) VALUES (708, 2);
INSERT INTO website_personas (website_id, persona_id) VALUES (708, 1);
INSERT INTO website_personas (website_id, persona_id) VALUES (708, 2);
INSERT INTO websites (id, name, slug, url, short_description, purpose, category_id, click_count, is_active) VALUES (709, 'VibeBot', 'vibebot-2340', 'https://vibebot-2340.com', 'An incredibly advanced AI tool revolutionizing the way you handle marketing & growth. Try VibeBot today.', 'Productivity Engine', 7, 0, 1);
INSERT INTO website_intents (website_id, intent_id) VALUES (709, 3);
INSERT INTO website_intents (website_id, intent_id) VALUES (709, 4);
INSERT INTO website_personas (website_id, persona_id) VALUES (709, 4);
INSERT INTO website_personas (website_id, persona_id) VALUES (709, 2);
INSERT INTO websites (id, name, slug, url, short_description, purpose, category_id, click_count, is_active) VALUES (710, 'SmartForge', 'smartforge-4857', 'https://smartforge-4857.com', 'An incredibly advanced AI tool revolutionizing the way you handle marketing & growth. Try SmartForge today.', 'Creative Studio', 7, 0, 1);
INSERT INTO website_intents (website_id, intent_id) VALUES (710, 6);
INSERT INTO website_personas (website_id, persona_id) VALUES (710, 2);
INSERT INTO websites (id, name, slug, url, short_description, purpose, category_id, click_count, is_active) VALUES (711, 'DeepBase', 'deepbase-8260', 'https://deepbase-8260.com', 'Enhance your productivity with DeepBase. Perfect for seamless marketing & growth automation.', 'Productivity Engine', 7, 0, 1);
INSERT INTO website_intents (website_id, intent_id) VALUES (711, 2);
INSERT INTO website_intents (website_id, intent_id) VALUES (711, 4);
INSERT INTO website_personas (website_id, persona_id) VALUES (711, 4);
INSERT INTO websites (id, name, slug, url, short_description, purpose, category_id, click_count, is_active) VALUES (712, 'CogniMate', 'cognimate-293', 'https://cognimate-293.com', 'An incredibly advanced AI tool revolutionizing the way you handle marketing & growth. Try CogniMate today.', 'Creative Studio', 7, 0, 1);
INSERT INTO website_intents (website_id, intent_id) VALUES (712, 1);
INSERT INTO website_intents (website_id, intent_id) VALUES (712, 2);
INSERT INTO website_personas (website_id, persona_id) VALUES (712, 4);
INSERT INTO websites (id, name, slug, url, short_description, purpose, category_id, click_count, is_active) VALUES (713, 'QuickForge', 'quickforge-3874', 'https://quickforge-3874.com', 'An incredibly advanced AI tool revolutionizing the way you handle marketing & growth. Try QuickForge today.', 'Productivity Engine', 7, 0, 1);
INSERT INTO website_intents (website_id, intent_id) VALUES (713, 1);
INSERT INTO website_intents (website_id, intent_id) VALUES (713, 2);
INSERT INTO website_personas (website_id, persona_id) VALUES (713, 4);
INSERT INTO websites (id, name, slug, url, short_description, purpose, category_id, click_count, is_active) VALUES (714, 'CogniForge', 'cogniforge-6840', 'https://cogniforge-6840.com', 'Enhance your productivity with CogniForge. Perfect for seamless marketing & growth automation.', 'Creative Studio', 7, 0, 1);
INSERT INTO website_intents (website_id, intent_id) VALUES (714, 5);
INSERT INTO website_personas (website_id, persona_id) VALUES (714, 3);
INSERT INTO websites (id, name, slug, url, short_description, purpose, category_id, click_count, is_active) VALUES (715, 'AutoMate', 'automate-1624', 'https://automate-1624.com', 'Enhance your productivity with AutoMate. Perfect for seamless automation & agent automation.', 'Productivity Engine', 8, 0, 1);
INSERT INTO website_intents (website_id, intent_id) VALUES (715, 4);
INSERT INTO website_intents (website_id, intent_id) VALUES (715, 1);
INSERT INTO website_personas (website_id, persona_id) VALUES (715, 1);
INSERT INTO website_personas (website_id, persona_id) VALUES (715, 4);
INSERT INTO websites (id, name, slug, url, short_description, purpose, category_id, click_count, is_active) VALUES (716, 'ZenMate', 'zenmate-4815', 'https://zenmate-4815.com', 'An incredibly advanced AI tool revolutionizing the way you handle automation & agent. Try ZenMate today.', 'Creative Studio', 8, 0, 1);
INSERT INTO website_intents (website_id, intent_id) VALUES (716, 1);
INSERT INTO website_intents (website_id, intent_id) VALUES (716, 4);
INSERT INTO website_personas (website_id, persona_id) VALUES (716, 2);
INSERT INTO websites (id, name, slug, url, short_description, purpose, category_id, click_count, is_active) VALUES (717, 'Smartify', 'smartify-9263', 'https://smartify-9263.com', 'An incredibly advanced AI tool revolutionizing the way you handle automation & agent. Try Smartify today.', 'Productivity Engine', 8, 0, 1);
INSERT INTO website_intents (website_id, intent_id) VALUES (717, 3);
INSERT INTO website_personas (website_id, persona_id) VALUES (717, 1);
INSERT INTO website_personas (website_id, persona_id) VALUES (717, 2);
INSERT INTO websites (id, name, slug, url, short_description, purpose, category_id, click_count, is_active) VALUES (718, 'SmartGen', 'smartgen-1633', 'https://smartgen-1633.com', 'Enhance your productivity with SmartGen. Perfect for seamless automation & agent automation.', 'Creative Studio', 8, 0, 1);
INSERT INTO website_intents (website_id, intent_id) VALUES (718, 2);
INSERT INTO website_personas (website_id, persona_id) VALUES (718, 4);
INSERT INTO websites (id, name, slug, url, short_description, purpose, category_id, click_count, is_active) VALUES (719, 'NextCraft', 'nextcraft-7828', 'https://nextcraft-7828.com', 'An incredibly advanced AI tool revolutionizing the way you handle automation & agent. Try NextCraft today.', 'Productivity Engine', 8, 0, 1);
INSERT INTO website_intents (website_id, intent_id) VALUES (719, 4);
INSERT INTO website_personas (website_id, persona_id) VALUES (719, 1);
INSERT INTO website_personas (website_id, persona_id) VALUES (719, 2);
INSERT INTO websites (id, name, slug, url, short_description, purpose, category_id, click_count, is_active) VALUES (720, 'ProFlow Pro', 'proflow-pro-5423', 'https://proflow-pro-5423.com', 'An incredibly advanced AI tool revolutionizing the way you handle automation & agent. Try ProFlow Pro today.', 'Creative Studio', 8, 0, 1);
INSERT INTO website_intents (website_id, intent_id) VALUES (720, 4);
INSERT INTO website_intents (website_id, intent_id) VALUES (720, 3);
INSERT INTO website_personas (website_id, persona_id) VALUES (720, 1);
INSERT INTO websites (id, name, slug, url, short_description, purpose, category_id, click_count, is_active) VALUES (721, 'SyntheMate', 'synthemate-7860', 'https://synthemate-7860.com', 'Enhance your productivity with SyntheMate. Perfect for seamless automation & agent automation.', 'Productivity Engine', 8, 0, 1);
INSERT INTO website_intents (website_id, intent_id) VALUES (721, 3);
INSERT INTO website_personas (website_id, persona_id) VALUES (721, 2);
INSERT INTO websites (id, name, slug, url, short_description, purpose, category_id, click_count, is_active) VALUES (722, 'QuickAI', 'quickai-7265', 'https://quickai-7265.com', 'An incredibly advanced AI tool revolutionizing the way you handle automation & agent. Try QuickAI today.', 'Creative Studio', 8, 0, 1);
INSERT INTO website_intents (website_id, intent_id) VALUES (722, 1);
INSERT INTO website_intents (website_id, intent_id) VALUES (722, 2);
INSERT INTO website_personas (website_id, persona_id) VALUES (722, 1);
INSERT INTO website_personas (website_id, persona_id) VALUES (722, 5);
INSERT INTO websites (id, name, slug, url, short_description, purpose, category_id, click_count, is_active) VALUES (723, 'AutoFlow Pro', 'autoflow-pro-3968', 'https://autoflow-pro-3968.com', 'An incredibly advanced AI tool revolutionizing the way you handle automation & agent. Try AutoFlow Pro today.', 'Productivity Engine', 8, 0, 1);
INSERT INTO website_intents (website_id, intent_id) VALUES (723, 4);
INSERT INTO website_personas (website_id, persona_id) VALUES (723, 1);
INSERT INTO website_personas (website_id, persona_id) VALUES (723, 2);
INSERT INTO websites (id, name, slug, url, short_description, purpose, category_id, click_count, is_active) VALUES (724, 'NextBot', 'nextbot-2359', 'https://nextbot-2359.com', 'Enhance your productivity with NextBot. Perfect for seamless automation & agent automation.', 'Creative Studio', 8, 0, 1);
INSERT INTO website_intents (website_id, intent_id) VALUES (724, 1);
INSERT INTO website_personas (website_id, persona_id) VALUES (724, 6);
INSERT INTO websites (id, name, slug, url, short_description, purpose, category_id, click_count, is_active) VALUES (725, 'NextAI', 'nextai-5777', 'https://nextai-5777.com', 'An incredibly advanced AI tool revolutionizing the way you handle automation & agent. Try NextAI today.', 'Productivity Engine', 8, 0, 1);
INSERT INTO website_intents (website_id, intent_id) VALUES (725, 1);
INSERT INTO website_intents (website_id, intent_id) VALUES (725, 5);
INSERT INTO website_personas (website_id, persona_id) VALUES (725, 5);
INSERT INTO website_personas (website_id, persona_id) VALUES (725, 4);
INSERT INTO websites (id, name, slug, url, short_description, purpose, category_id, click_count, is_active) VALUES (726, 'Vibeify', 'vibeify-6566', 'https://vibeify-6566.com', 'An incredibly advanced AI tool revolutionizing the way you handle automation & agent. Try Vibeify today.', 'Creative Studio', 8, 0, 1);
INSERT INTO website_intents (website_id, intent_id) VALUES (726, 2);
INSERT INTO website_personas (website_id, persona_id) VALUES (726, 1);
INSERT INTO websites (id, name, slug, url, short_description, purpose, category_id, click_count, is_active) VALUES (727, 'GeniAI', 'geniai-9917', 'https://geniai-9917.com', 'Enhance your productivity with GeniAI. Perfect for seamless automation & agent automation.', 'Productivity Engine', 8, 0, 1);
INSERT INTO website_intents (website_id, intent_id) VALUES (727, 3);
INSERT INTO website_intents (website_id, intent_id) VALUES (727, 2);
INSERT INTO website_personas (website_id, persona_id) VALUES (727, 1);
INSERT INTO website_personas (website_id, persona_id) VALUES (727, 3);
INSERT INTO websites (id, name, slug, url, short_description, purpose, category_id, click_count, is_active) VALUES (728, 'VibeBot', 'vibebot-9682', 'https://vibebot-9682.com', 'An incredibly advanced AI tool revolutionizing the way you handle automation & agent. Try VibeBot today.', 'Creative Studio', 8, 0, 1);
INSERT INTO website_intents (website_id, intent_id) VALUES (728, 6);
INSERT INTO website_intents (website_id, intent_id) VALUES (728, 5);
INSERT INTO website_personas (website_id, persona_id) VALUES (728, 1);
INSERT INTO website_personas (website_id, persona_id) VALUES (728, 2);
INSERT INTO websites (id, name, slug, url, short_description, purpose, category_id, click_count, is_active) VALUES (729, 'ProMate', 'promate-8394', 'https://promate-8394.com', 'An incredibly advanced AI tool revolutionizing the way you handle automation & agent. Try ProMate today.', 'Productivity Engine', 8, 0, 1);
INSERT INTO website_intents (website_id, intent_id) VALUES (729, 2);
INSERT INTO website_personas (website_id, persona_id) VALUES (729, 1);
INSERT INTO website_personas (website_id, persona_id) VALUES (729, 4);
INSERT INTO websites (id, name, slug, url, short_description, purpose, category_id, click_count, is_active) VALUES (730, 'VibeBot', 'vibebot-4401', 'https://vibebot-4401.com', 'Enhance your productivity with VibeBot. Perfect for seamless automation & agent automation.', 'Creative Studio', 8, 0, 1);
INSERT INTO website_intents (website_id, intent_id) VALUES (730, 5);
INSERT INTO website_personas (website_id, persona_id) VALUES (730, 1);
INSERT INTO websites (id, name, slug, url, short_description, purpose, category_id, click_count, is_active) VALUES (731, 'Deepify', 'deepify-1426', 'https://deepify-1426.com', 'An incredibly advanced AI tool revolutionizing the way you handle automation & agent. Try Deepify today.', 'Productivity Engine', 8, 0, 1);
INSERT INTO website_intents (website_id, intent_id) VALUES (731, 1);
INSERT INTO website_intents (website_id, intent_id) VALUES (731, 2);
INSERT INTO website_personas (website_id, persona_id) VALUES (731, 4);
INSERT INTO websites (id, name, slug, url, short_description, purpose, category_id, click_count, is_active) VALUES (732, 'Nextly', 'nextly-5466', 'https://nextly-5466.com', 'An incredibly advanced AI tool revolutionizing the way you handle automation & agent. Try Nextly today.', 'Creative Studio', 8, 0, 1);
INSERT INTO website_intents (website_id, intent_id) VALUES (732, 2);
INSERT INTO website_personas (website_id, persona_id) VALUES (732, 1);
INSERT INTO websites (id, name, slug, url, short_description, purpose, category_id, click_count, is_active) VALUES (733, 'NextSync', 'nextsync-9595', 'https://nextsync-9595.com', 'Enhance your productivity with NextSync. Perfect for seamless automation & agent automation.', 'Productivity Engine', 8, 0, 1);
INSERT INTO website_intents (website_id, intent_id) VALUES (733, 4);
INSERT INTO website_intents (website_id, intent_id) VALUES (733, 1);
INSERT INTO website_personas (website_id, persona_id) VALUES (733, 4);
INSERT INTO websites (id, name, slug, url, short_description, purpose, category_id, click_count, is_active) VALUES (734, 'Nextify', 'nextify-4963', 'https://nextify-4963.com', 'An incredibly advanced AI tool revolutionizing the way you handle automation & agent. Try Nextify today.', 'Creative Studio', 8, 0, 1);
INSERT INTO website_intents (website_id, intent_id) VALUES (734, 2);
INSERT INTO website_intents (website_id, intent_id) VALUES (734, 1);
INSERT INTO website_personas (website_id, persona_id) VALUES (734, 5);
INSERT INTO websites (id, name, slug, url, short_description, purpose, category_id, click_count, is_active) VALUES (735, 'GeniBase', 'genibase-4789', 'https://genibase-4789.com', 'An incredibly advanced AI tool revolutionizing the way you handle automation & agent. Try GeniBase today.', 'Productivity Engine', 8, 0, 1);
INSERT INTO website_intents (website_id, intent_id) VALUES (735, 1);
INSERT INTO website_intents (website_id, intent_id) VALUES (735, 2);
INSERT INTO website_personas (website_id, persona_id) VALUES (735, 6);
INSERT INTO website_personas (website_id, persona_id) VALUES (735, 5);
INSERT INTO websites (id, name, slug, url, short_description, purpose, category_id, click_count, is_active) VALUES (736, 'QuickAI Pro', 'quickai-pro-9825', 'https://quickai-pro-9825.com', 'Enhance your productivity with QuickAI Pro. Perfect for seamless automation & agent automation.', 'Creative Studio', 8, 0, 1);
INSERT INTO website_intents (website_id, intent_id) VALUES (736, 3);
INSERT INTO website_personas (website_id, persona_id) VALUES (736, 2);
INSERT INTO websites (id, name, slug, url, short_description, purpose, category_id, click_count, is_active) VALUES (737, 'Genily', 'genily-3176', 'https://genily-3176.com', 'An incredibly advanced AI tool revolutionizing the way you handle automation & agent. Try Genily today.', 'Productivity Engine', 8, 0, 1);
INSERT INTO website_intents (website_id, intent_id) VALUES (737, 3);
INSERT INTO website_personas (website_id, persona_id) VALUES (737, 6);
INSERT INTO website_personas (website_id, persona_id) VALUES (737, 4);
INSERT INTO websites (id, name, slug, url, short_description, purpose, category_id, click_count, is_active) VALUES (738, 'ProGen', 'progen-5198', 'https://progen-5198.com', 'An incredibly advanced AI tool revolutionizing the way you handle automation & agent. Try ProGen today.', 'Creative Studio', 8, 0, 1);
INSERT INTO website_intents (website_id, intent_id) VALUES (738, 4);
INSERT INTO website_intents (website_id, intent_id) VALUES (738, 3);
INSERT INTO website_personas (website_id, persona_id) VALUES (738, 3);
INSERT INTO website_personas (website_id, persona_id) VALUES (738, 4);
INSERT INTO websites (id, name, slug, url, short_description, purpose, category_id, click_count, is_active) VALUES (739, 'FlowCraft Pro', 'flowcraft-pro-2309', 'https://flowcraft-pro-2309.com', 'Enhance your productivity with FlowCraft Pro. Perfect for seamless automation & agent automation.', 'Productivity Engine', 8, 0, 1);
INSERT INTO website_intents (website_id, intent_id) VALUES (739, 1);
INSERT INTO website_personas (website_id, persona_id) VALUES (739, 6);
INSERT INTO website_personas (website_id, persona_id) VALUES (739, 3);
INSERT INTO websites (id, name, slug, url, short_description, purpose, category_id, click_count, is_active) VALUES (740, 'AutoFlow Pro', 'autoflow-pro-2388', 'https://autoflow-pro-2388.com', 'An incredibly advanced AI tool revolutionizing the way you handle automation & agent. Try AutoFlow Pro today.', 'Creative Studio', 8, 0, 1);
INSERT INTO website_intents (website_id, intent_id) VALUES (740, 5);
INSERT INTO website_intents (website_id, intent_id) VALUES (740, 1);
INSERT INTO website_personas (website_id, persona_id) VALUES (740, 2);
INSERT INTO website_personas (website_id, persona_id) VALUES (740, 5);
INSERT INTO websites (id, name, slug, url, short_description, purpose, category_id, click_count, is_active) VALUES (741, 'Syntheify Pro', 'syntheify-pro-6738', 'https://syntheify-pro-6738.com', 'An incredibly advanced AI tool revolutionizing the way you handle automation & agent. Try Syntheify Pro today.', 'Productivity Engine', 8, 0, 1);
INSERT INTO website_intents (website_id, intent_id) VALUES (741, 1);
INSERT INTO website_personas (website_id, persona_id) VALUES (741, 4);
INSERT INTO website_personas (website_id, persona_id) VALUES (741, 1);
INSERT INTO websites (id, name, slug, url, short_description, purpose, category_id, click_count, is_active) VALUES (742, 'CogniGen', 'cognigen-457', 'https://cognigen-457.com', 'Enhance your productivity with CogniGen. Perfect for seamless automation & agent automation.', 'Creative Studio', 8, 0, 1);
INSERT INTO website_intents (website_id, intent_id) VALUES (742, 4);
INSERT INTO website_intents (website_id, intent_id) VALUES (742, 3);
INSERT INTO website_personas (website_id, persona_id) VALUES (742, 2);
INSERT INTO websites (id, name, slug, url, short_description, purpose, category_id, click_count, is_active) VALUES (743, 'GeniGen', 'genigen-6926', 'https://genigen-6926.com', 'An incredibly advanced AI tool revolutionizing the way you handle automation & agent. Try GeniGen today.', 'Productivity Engine', 8, 0, 1);
INSERT INTO website_intents (website_id, intent_id) VALUES (743, 1);
INSERT INTO website_personas (website_id, persona_id) VALUES (743, 1);
INSERT INTO websites (id, name, slug, url, short_description, purpose, category_id, click_count, is_active) VALUES (744, 'GeniGen', 'genigen-6031', 'https://genigen-6031.com', 'An incredibly advanced AI tool revolutionizing the way you handle automation & agent. Try GeniGen today.', 'Creative Studio', 8, 0, 1);
INSERT INTO website_intents (website_id, intent_id) VALUES (744, 4);
INSERT INTO website_personas (website_id, persona_id) VALUES (744, 6);
INSERT INTO websites (id, name, slug, url, short_description, purpose, category_id, click_count, is_active) VALUES (745, 'Nextify', 'nextify-5079', 'https://nextify-5079.com', 'Enhance your productivity with Nextify. Perfect for seamless automation & agent automation.', 'Productivity Engine', 8, 0, 1);
INSERT INTO website_intents (website_id, intent_id) VALUES (745, 3);
INSERT INTO website_personas (website_id, persona_id) VALUES (745, 5);
INSERT INTO website_personas (website_id, persona_id) VALUES (745, 6);
INSERT INTO websites (id, name, slug, url, short_description, purpose, category_id, click_count, is_active) VALUES (746, 'DeepSync', 'deepsync-5438', 'https://deepsync-5438.com', 'An incredibly advanced AI tool revolutionizing the way you handle automation & agent. Try DeepSync today.', 'Creative Studio', 8, 0, 1);
INSERT INTO website_intents (website_id, intent_id) VALUES (746, 1);
INSERT INTO website_personas (website_id, persona_id) VALUES (746, 6);
INSERT INTO website_personas (website_id, persona_id) VALUES (746, 1);
INSERT INTO websites (id, name, slug, url, short_description, purpose, category_id, click_count, is_active) VALUES (747, 'HyperAI', 'hyperai-3606', 'https://hyperai-3606.com', 'An incredibly advanced AI tool revolutionizing the way you handle automation & agent. Try HyperAI today.', 'Productivity Engine', 8, 0, 1);
INSERT INTO website_intents (website_id, intent_id) VALUES (747, 4);
INSERT INTO website_intents (website_id, intent_id) VALUES (747, 2);
INSERT INTO website_personas (website_id, persona_id) VALUES (747, 4);
INSERT INTO website_personas (website_id, persona_id) VALUES (747, 3);
INSERT INTO websites (id, name, slug, url, short_description, purpose, category_id, click_count, is_active) VALUES (748, 'ZenMate', 'zenmate-6228', 'https://zenmate-6228.com', 'Enhance your productivity with ZenMate. Perfect for seamless automation & agent automation.', 'Creative Studio', 8, 0, 1);
INSERT INTO website_intents (website_id, intent_id) VALUES (748, 1);
INSERT INTO website_intents (website_id, intent_id) VALUES (748, 2);
INSERT INTO website_personas (website_id, persona_id) VALUES (748, 4);
INSERT INTO website_personas (website_id, persona_id) VALUES (748, 6);
INSERT INTO websites (id, name, slug, url, short_description, purpose, category_id, click_count, is_active) VALUES (749, 'VibeGen', 'vibegen-831', 'https://vibegen-831.com', 'An incredibly advanced AI tool revolutionizing the way you handle automation & agent. Try VibeGen today.', 'Productivity Engine', 8, 0, 1);
INSERT INTO website_intents (website_id, intent_id) VALUES (749, 1);
INSERT INTO website_intents (website_id, intent_id) VALUES (749, 2);
INSERT INTO website_personas (website_id, persona_id) VALUES (749, 6);
INSERT INTO website_personas (website_id, persona_id) VALUES (749, 5);
INSERT INTO websites (id, name, slug, url, short_description, purpose, category_id, click_count, is_active) VALUES (750, 'AutoBot', 'autobot-6267', 'https://autobot-6267.com', 'An incredibly advanced AI tool revolutionizing the way you handle automation & agent. Try AutoBot today.', 'Creative Studio', 8, 0, 1);
INSERT INTO website_intents (website_id, intent_id) VALUES (750, 2);
INSERT INTO website_personas (website_id, persona_id) VALUES (750, 5);
INSERT INTO website_personas (website_id, persona_id) VALUES (750, 4);
INSERT INTO websites (id, name, slug, url, short_description, purpose, category_id, click_count, is_active) VALUES (751, 'Hyperify Pro', 'hyperify-pro-6477', 'https://hyperify-pro-6477.com', 'Enhance your productivity with Hyperify Pro. Perfect for seamless automation & agent automation.', 'Productivity Engine', 8, 0, 1);
INSERT INTO website_intents (website_id, intent_id) VALUES (751, 5);
INSERT INTO website_personas (website_id, persona_id) VALUES (751, 2);
INSERT INTO website_personas (website_id, persona_id) VALUES (751, 6);
INSERT INTO websites (id, name, slug, url, short_description, purpose, category_id, click_count, is_active) VALUES (752, 'GeniBase', 'genibase-3422', 'https://genibase-3422.com', 'An incredibly advanced AI tool revolutionizing the way you handle automation & agent. Try GeniBase today.', 'Creative Studio', 8, 0, 1);
INSERT INTO website_intents (website_id, intent_id) VALUES (752, 4);
INSERT INTO website_personas (website_id, persona_id) VALUES (752, 5);
INSERT INTO website_personas (website_id, persona_id) VALUES (752, 6);
INSERT INTO websites (id, name, slug, url, short_description, purpose, category_id, click_count, is_active) VALUES (753, 'SmartGen Pro', 'smartgen-pro-8432', 'https://smartgen-pro-8432.com', 'An incredibly advanced AI tool revolutionizing the way you handle automation & agent. Try SmartGen Pro today.', 'Productivity Engine', 8, 0, 1);
INSERT INTO website_intents (website_id, intent_id) VALUES (753, 3);
INSERT INTO website_intents (website_id, intent_id) VALUES (753, 6);
INSERT INTO website_personas (website_id, persona_id) VALUES (753, 1);
INSERT INTO website_personas (website_id, persona_id) VALUES (753, 4);
INSERT INTO websites (id, name, slug, url, short_description, purpose, category_id, click_count, is_active) VALUES (754, 'VibeMind', 'vibemind-3882', 'https://vibemind-3882.com', 'Enhance your productivity with VibeMind. Perfect for seamless automation & agent automation.', 'Creative Studio', 8, 0, 1);
INSERT INTO website_intents (website_id, intent_id) VALUES (754, 6);
INSERT INTO website_intents (website_id, intent_id) VALUES (754, 3);
INSERT INTO website_personas (website_id, persona_id) VALUES (754, 1);
INSERT INTO websites (id, name, slug, url, short_description, purpose, category_id, click_count, is_active) VALUES (755, 'DeepFlow', 'deepflow-455', 'https://deepflow-455.com', 'An incredibly advanced AI tool revolutionizing the way you handle automation & agent. Try DeepFlow today.', 'Productivity Engine', 8, 0, 1);
INSERT INTO website_intents (website_id, intent_id) VALUES (755, 1);
INSERT INTO website_personas (website_id, persona_id) VALUES (755, 1);
INSERT INTO website_personas (website_id, persona_id) VALUES (755, 2);
INSERT INTO websites (id, name, slug, url, short_description, purpose, category_id, click_count, is_active) VALUES (756, 'FlowBot', 'flowbot-1363', 'https://flowbot-1363.com', 'An incredibly advanced AI tool revolutionizing the way you handle automation & agent. Try FlowBot today.', 'Creative Studio', 8, 0, 1);
INSERT INTO website_intents (website_id, intent_id) VALUES (756, 2);
INSERT INTO website_personas (website_id, persona_id) VALUES (756, 4);
INSERT INTO website_personas (website_id, persona_id) VALUES (756, 3);
INSERT INTO websites (id, name, slug, url, short_description, purpose, category_id, click_count, is_active) VALUES (757, 'SmartGen', 'smartgen-8350', 'https://smartgen-8350.com', 'Enhance your productivity with SmartGen. Perfect for seamless automation & agent automation.', 'Productivity Engine', 8, 0, 1);
INSERT INTO website_intents (website_id, intent_id) VALUES (757, 4);
INSERT INTO website_intents (website_id, intent_id) VALUES (757, 3);
INSERT INTO website_personas (website_id, persona_id) VALUES (757, 2);
INSERT INTO website_personas (website_id, persona_id) VALUES (757, 5);
INSERT INTO websites (id, name, slug, url, short_description, purpose, category_id, click_count, is_active) VALUES (758, 'GeniGen', 'genigen-9398', 'https://genigen-9398.com', 'An incredibly advanced AI tool revolutionizing the way you handle automation & agent. Try GeniGen today.', 'Creative Studio', 8, 0, 1);
INSERT INTO website_intents (website_id, intent_id) VALUES (758, 5);
INSERT INTO website_personas (website_id, persona_id) VALUES (758, 4);
INSERT INTO website_personas (website_id, persona_id) VALUES (758, 1);
INSERT INTO websites (id, name, slug, url, short_description, purpose, category_id, click_count, is_active) VALUES (759, 'SmartAI', 'smartai-9999', 'https://smartai-9999.com', 'An incredibly advanced AI tool revolutionizing the way you handle automation & agent. Try SmartAI today.', 'Productivity Engine', 8, 0, 1);
INSERT INTO website_intents (website_id, intent_id) VALUES (759, 4);
INSERT INTO website_personas (website_id, persona_id) VALUES (759, 3);
INSERT INTO websites (id, name, slug, url, short_description, purpose, category_id, click_count, is_active) VALUES (760, 'FlowGen', 'flowgen-3264', 'https://flowgen-3264.com', 'Enhance your productivity with FlowGen. Perfect for seamless automation & agent automation.', 'Creative Studio', 8, 0, 1);
INSERT INTO website_intents (website_id, intent_id) VALUES (760, 5);
INSERT INTO website_personas (website_id, persona_id) VALUES (760, 3);
INSERT INTO websites (id, name, slug, url, short_description, purpose, category_id, click_count, is_active) VALUES (761, 'VibeForge', 'vibeforge-9671', 'https://vibeforge-9671.com', 'An incredibly advanced AI tool revolutionizing the way you handle automation & agent. Try VibeForge today.', 'Productivity Engine', 8, 0, 1);
INSERT INTO website_intents (website_id, intent_id) VALUES (761, 3);
INSERT INTO website_personas (website_id, persona_id) VALUES (761, 6);
INSERT INTO websites (id, name, slug, url, short_description, purpose, category_id, click_count, is_active) VALUES (762, 'SmartAI Pro', 'smartai-pro-8467', 'https://smartai-pro-8467.com', 'An incredibly advanced AI tool revolutionizing the way you handle automation & agent. Try SmartAI Pro today.', 'Creative Studio', 8, 0, 1);
INSERT INTO website_intents (website_id, intent_id) VALUES (762, 1);
INSERT INTO website_intents (website_id, intent_id) VALUES (762, 4);
INSERT INTO website_personas (website_id, persona_id) VALUES (762, 4);
INSERT INTO websites (id, name, slug, url, short_description, purpose, category_id, click_count, is_active) VALUES (763, 'SyntheAI', 'syntheai-5732', 'https://syntheai-5732.com', 'Enhance your productivity with SyntheAI. Perfect for seamless automation & agent automation.', 'Productivity Engine', 8, 0, 1);
INSERT INTO website_intents (website_id, intent_id) VALUES (763, 1);
INSERT INTO website_intents (website_id, intent_id) VALUES (763, 2);
INSERT INTO website_personas (website_id, persona_id) VALUES (763, 4);
INSERT INTO websites (id, name, slug, url, short_description, purpose, category_id, click_count, is_active) VALUES (764, 'AutoAI Pro', 'autoai-pro-726', 'https://autoai-pro-726.com', 'An incredibly advanced AI tool revolutionizing the way you handle automation & agent. Try AutoAI Pro today.', 'Creative Studio', 8, 0, 1);
INSERT INTO website_intents (website_id, intent_id) VALUES (764, 6);
INSERT INTO website_intents (website_id, intent_id) VALUES (764, 2);
INSERT INTO website_personas (website_id, persona_id) VALUES (764, 3);
INSERT INTO website_personas (website_id, persona_id) VALUES (764, 6);
INSERT INTO websites (id, name, slug, url, short_description, purpose, category_id, click_count, is_active) VALUES (765, 'Vibely', 'vibely-755', 'https://vibely-755.com', 'An incredibly advanced AI tool revolutionizing the way you handle automation & agent. Try Vibely today.', 'Productivity Engine', 8, 0, 1);
INSERT INTO website_intents (website_id, intent_id) VALUES (765, 6);
INSERT INTO website_intents (website_id, intent_id) VALUES (765, 2);
INSERT INTO website_personas (website_id, persona_id) VALUES (765, 1);
INSERT INTO website_personas (website_id, persona_id) VALUES (765, 2);
INSERT INTO websites (id, name, slug, url, short_description, purpose, category_id, click_count, is_active) VALUES (766, 'DeepMate', 'deepmate-4780', 'https://deepmate-4780.com', 'Enhance your productivity with DeepMate. Perfect for seamless automation & agent automation.', 'Creative Studio', 8, 0, 1);
INSERT INTO website_intents (website_id, intent_id) VALUES (766, 1);
INSERT INTO website_intents (website_id, intent_id) VALUES (766, 2);
INSERT INTO website_personas (website_id, persona_id) VALUES (766, 6);
INSERT INTO websites (id, name, slug, url, short_description, purpose, category_id, click_count, is_active) VALUES (767, 'Quickly', 'quickly-9941', 'https://quickly-9941.com', 'An incredibly advanced AI tool revolutionizing the way you handle automation & agent. Try Quickly today.', 'Productivity Engine', 8, 0, 1);
INSERT INTO website_intents (website_id, intent_id) VALUES (767, 2);
INSERT INTO website_intents (website_id, intent_id) VALUES (767, 6);
INSERT INTO website_personas (website_id, persona_id) VALUES (767, 2);
INSERT INTO websites (id, name, slug, url, short_description, purpose, category_id, click_count, is_active) VALUES (768, 'FlowMate', 'flowmate-2797', 'https://flowmate-2797.com', 'An incredibly advanced AI tool revolutionizing the way you handle automation & agent. Try FlowMate today.', 'Creative Studio', 8, 0, 1);
INSERT INTO website_intents (website_id, intent_id) VALUES (768, 4);
INSERT INTO website_personas (website_id, persona_id) VALUES (768, 1);
INSERT INTO websites (id, name, slug, url, short_description, purpose, category_id, click_count, is_active) VALUES (769, 'HyperBase', 'hyperbase-5603', 'https://hyperbase-5603.com', 'Enhance your productivity with HyperBase. Perfect for seamless automation & agent automation.', 'Productivity Engine', 8, 0, 1);
INSERT INTO website_intents (website_id, intent_id) VALUES (769, 5);
INSERT INTO website_personas (website_id, persona_id) VALUES (769, 1);
INSERT INTO websites (id, name, slug, url, short_description, purpose, category_id, click_count, is_active) VALUES (770, 'GeniGen Pro', 'genigen-pro-8859', 'https://genigen-pro-8859.com', 'An incredibly advanced AI tool revolutionizing the way you handle automation & agent. Try GeniGen Pro today.', 'Creative Studio', 8, 0, 1);
INSERT INTO website_intents (website_id, intent_id) VALUES (770, 3);
INSERT INTO website_intents (website_id, intent_id) VALUES (770, 4);
INSERT INTO website_personas (website_id, persona_id) VALUES (770, 5);
INSERT INTO websites (id, name, slug, url, short_description, purpose, category_id, click_count, is_active) VALUES (771, 'ProFlow Pro', 'proflow-pro-8264', 'https://proflow-pro-8264.com', 'An incredibly advanced AI tool revolutionizing the way you handle automation & agent. Try ProFlow Pro today.', 'Productivity Engine', 8, 0, 1);
INSERT INTO website_intents (website_id, intent_id) VALUES (771, 1);
INSERT INTO website_intents (website_id, intent_id) VALUES (771, 2);
INSERT INTO website_personas (website_id, persona_id) VALUES (771, 3);
INSERT INTO websites (id, name, slug, url, short_description, purpose, category_id, click_count, is_active) VALUES (772, 'VibeForge Pro', 'vibeforge-pro-8725', 'https://vibeforge-pro-8725.com', 'Enhance your productivity with VibeForge Pro. Perfect for seamless automation & agent automation.', 'Creative Studio', 8, 0, 1);
INSERT INTO website_intents (website_id, intent_id) VALUES (772, 1);
INSERT INTO website_intents (website_id, intent_id) VALUES (772, 6);
INSERT INTO website_personas (website_id, persona_id) VALUES (772, 1);
INSERT INTO websites (id, name, slug, url, short_description, purpose, category_id, click_count, is_active) VALUES (773, 'ZenForge Pro', 'zenforge-pro-7357', 'https://zenforge-pro-7357.com', 'An incredibly advanced AI tool revolutionizing the way you handle automation & agent. Try ZenForge Pro today.', 'Productivity Engine', 8, 0, 1);
INSERT INTO website_intents (website_id, intent_id) VALUES (773, 4);
INSERT INTO website_personas (website_id, persona_id) VALUES (773, 1);
INSERT INTO websites (id, name, slug, url, short_description, purpose, category_id, click_count, is_active) VALUES (774, 'Quickify', 'quickify-1119', 'https://quickify-1119.com', 'An incredibly advanced AI tool revolutionizing the way you handle automation & agent. Try Quickify today.', 'Creative Studio', 8, 0, 1);
INSERT INTO website_intents (website_id, intent_id) VALUES (774, 4);
INSERT INTO website_personas (website_id, persona_id) VALUES (774, 1);
INSERT INTO websites (id, name, slug, url, short_description, purpose, category_id, click_count, is_active) VALUES (775, 'ZenBot', 'zenbot-9916', 'https://zenbot-9916.com', 'Enhance your productivity with ZenBot. Perfect for seamless automation & agent automation.', 'Productivity Engine', 8, 0, 1);
INSERT INTO website_intents (website_id, intent_id) VALUES (775, 1);
INSERT INTO website_personas (website_id, persona_id) VALUES (775, 1);
INSERT INTO website_personas (website_id, persona_id) VALUES (775, 2);
INSERT INTO websites (id, name, slug, url, short_description, purpose, category_id, click_count, is_active) VALUES (776, 'Deepify', 'deepify-535', 'https://deepify-535.com', 'An incredibly advanced AI tool revolutionizing the way you handle automation & agent. Try Deepify today.', 'Creative Studio', 8, 0, 1);
INSERT INTO website_intents (website_id, intent_id) VALUES (776, 3);
INSERT INTO website_personas (website_id, persona_id) VALUES (776, 6);
INSERT INTO websites (id, name, slug, url, short_description, purpose, category_id, click_count, is_active) VALUES (777, 'CogniBot Pro', 'cognibot-pro-1801', 'https://cognibot-pro-1801.com', 'An incredibly advanced AI tool revolutionizing the way you handle automation & agent. Try CogniBot Pro today.', 'Productivity Engine', 8, 0, 1);
INSERT INTO website_intents (website_id, intent_id) VALUES (777, 6);
INSERT INTO website_intents (website_id, intent_id) VALUES (777, 5);
INSERT INTO website_personas (website_id, persona_id) VALUES (777, 4);
INSERT INTO website_personas (website_id, persona_id) VALUES (777, 5);
INSERT INTO websites (id, name, slug, url, short_description, purpose, category_id, click_count, is_active) VALUES (778, 'Nextify Pro', 'nextify-pro-9667', 'https://nextify-pro-9667.com', 'Enhance your productivity with Nextify Pro. Perfect for seamless automation & agent automation.', 'Creative Studio', 8, 0, 1);
INSERT INTO website_intents (website_id, intent_id) VALUES (778, 1);
INSERT INTO website_personas (website_id, persona_id) VALUES (778, 5);
INSERT INTO websites (id, name, slug, url, short_description, purpose, category_id, click_count, is_active) VALUES (779, 'FlowBase', 'flowbase-1161', 'https://flowbase-1161.com', 'An incredibly advanced AI tool revolutionizing the way you handle automation & agent. Try FlowBase today.', 'Productivity Engine', 8, 0, 1);
INSERT INTO website_intents (website_id, intent_id) VALUES (779, 6);
INSERT INTO website_intents (website_id, intent_id) VALUES (779, 5);
INSERT INTO website_personas (website_id, persona_id) VALUES (779, 4);
INSERT INTO website_personas (website_id, persona_id) VALUES (779, 1);
INSERT INTO websites (id, name, slug, url, short_description, purpose, category_id, click_count, is_active) VALUES (780, 'ProBase Pro', 'probase-pro-400', 'https://probase-pro-400.com', 'An incredibly advanced AI tool revolutionizing the way you handle automation & agent. Try ProBase Pro today.', 'Creative Studio', 8, 0, 1);
INSERT INTO website_intents (website_id, intent_id) VALUES (780, 4);
INSERT INTO website_intents (website_id, intent_id) VALUES (780, 3);
INSERT INTO website_personas (website_id, persona_id) VALUES (780, 1);
INSERT INTO website_personas (website_id, persona_id) VALUES (780, 4);
INSERT INTO websites (id, name, slug, url, short_description, purpose, category_id, click_count, is_active) VALUES (781, 'Vibely', 'vibely-6964', 'https://vibely-6964.com', 'Enhance your productivity with Vibely. Perfect for seamless automation & agent automation.', 'Productivity Engine', 8, 0, 1);
INSERT INTO website_intents (website_id, intent_id) VALUES (781, 5);
INSERT INTO website_intents (website_id, intent_id) VALUES (781, 2);
INSERT INTO website_personas (website_id, persona_id) VALUES (781, 1);
INSERT INTO website_personas (website_id, persona_id) VALUES (781, 5);
INSERT INTO websites (id, name, slug, url, short_description, purpose, category_id, click_count, is_active) VALUES (782, 'FlowAI Pro', 'flowai-pro-9023', 'https://flowai-pro-9023.com', 'An incredibly advanced AI tool revolutionizing the way you handle automation & agent. Try FlowAI Pro today.', 'Creative Studio', 8, 0, 1);
INSERT INTO website_intents (website_id, intent_id) VALUES (782, 5);
INSERT INTO website_intents (website_id, intent_id) VALUES (782, 4);
INSERT INTO website_personas (website_id, persona_id) VALUES (782, 1);
INSERT INTO websites (id, name, slug, url, short_description, purpose, category_id, click_count, is_active) VALUES (783, 'ProForge Pro', 'proforge-pro-6075', 'https://proforge-pro-6075.com', 'An incredibly advanced AI tool revolutionizing the way you handle automation & agent. Try ProForge Pro today.', 'Productivity Engine', 8, 0, 1);
INSERT INTO website_intents (website_id, intent_id) VALUES (783, 4);
INSERT INTO website_personas (website_id, persona_id) VALUES (783, 5);
INSERT INTO websites (id, name, slug, url, short_description, purpose, category_id, click_count, is_active) VALUES (784, 'CogniBase', 'cognibase-7863', 'https://cognibase-7863.com', 'Enhance your productivity with CogniBase. Perfect for seamless automation & agent automation.', 'Creative Studio', 8, 0, 1);
INSERT INTO website_intents (website_id, intent_id) VALUES (784, 6);
INSERT INTO website_personas (website_id, persona_id) VALUES (784, 1);
INSERT INTO website_personas (website_id, persona_id) VALUES (784, 4);
INSERT INTO websites (id, name, slug, url, short_description, purpose, category_id, click_count, is_active) VALUES (785, 'VibeMind', 'vibemind-9335', 'https://vibemind-9335.com', 'An incredibly advanced AI tool revolutionizing the way you handle automation & agent. Try VibeMind today.', 'Productivity Engine', 8, 0, 1);
INSERT INTO website_intents (website_id, intent_id) VALUES (785, 6);
INSERT INTO website_intents (website_id, intent_id) VALUES (785, 3);
INSERT INTO website_personas (website_id, persona_id) VALUES (785, 4);
INSERT INTO website_personas (website_id, persona_id) VALUES (785, 6);
INSERT INTO websites (id, name, slug, url, short_description, purpose, category_id, click_count, is_active) VALUES (786, 'Vibeify', 'vibeify-9060', 'https://vibeify-9060.com', 'An incredibly advanced AI tool revolutionizing the way you handle automation & agent. Try Vibeify today.', 'Creative Studio', 8, 0, 1);
INSERT INTO website_intents (website_id, intent_id) VALUES (786, 5);
INSERT INTO website_personas (website_id, persona_id) VALUES (786, 1);
INSERT INTO website_personas (website_id, persona_id) VALUES (786, 5);
INSERT INTO websites (id, name, slug, url, short_description, purpose, category_id, click_count, is_active) VALUES (787, 'ProSync', 'prosync-3968', 'https://prosync-3968.com', 'Enhance your productivity with ProSync. Perfect for seamless automation & agent automation.', 'Productivity Engine', 8, 0, 1);
INSERT INTO website_intents (website_id, intent_id) VALUES (787, 2);
INSERT INTO website_intents (website_id, intent_id) VALUES (787, 1);
INSERT INTO website_personas (website_id, persona_id) VALUES (787, 1);
INSERT INTO websites (id, name, slug, url, short_description, purpose, category_id, click_count, is_active) VALUES (788, 'NextBase', 'nextbase-6455', 'https://nextbase-6455.com', 'An incredibly advanced AI tool revolutionizing the way you handle automation & agent. Try NextBase today.', 'Creative Studio', 8, 0, 1);
INSERT INTO website_intents (website_id, intent_id) VALUES (788, 1);
INSERT INTO website_personas (website_id, persona_id) VALUES (788, 2);
INSERT INTO websites (id, name, slug, url, short_description, purpose, category_id, click_count, is_active) VALUES (789, 'SyntheBase Pro', 'synthebase-pro-8033', 'https://synthebase-pro-8033.com', 'An incredibly advanced AI tool revolutionizing the way you handle automation & agent. Try SyntheBase Pro today.', 'Productivity Engine', 8, 0, 1);
INSERT INTO website_intents (website_id, intent_id) VALUES (789, 4);
INSERT INTO website_intents (website_id, intent_id) VALUES (789, 3);
INSERT INTO website_personas (website_id, persona_id) VALUES (789, 3);
INSERT INTO websites (id, name, slug, url, short_description, purpose, category_id, click_count, is_active) VALUES (790, 'Smartly', 'smartly-812', 'https://smartly-812.com', 'Enhance your productivity with Smartly. Perfect for seamless automation & agent automation.', 'Creative Studio', 8, 0, 1);
INSERT INTO website_intents (website_id, intent_id) VALUES (790, 3);
INSERT INTO website_intents (website_id, intent_id) VALUES (790, 2);
INSERT INTO website_personas (website_id, persona_id) VALUES (790, 4);
INSERT INTO websites (id, name, slug, url, short_description, purpose, category_id, click_count, is_active) VALUES (791, 'Synthely Pro', 'synthely-pro-6274', 'https://synthely-pro-6274.com', 'An incredibly advanced AI tool revolutionizing the way you handle automation & agent. Try Synthely Pro today.', 'Productivity Engine', 8, 0, 1);
INSERT INTO website_intents (website_id, intent_id) VALUES (791, 6);
INSERT INTO website_personas (website_id, persona_id) VALUES (791, 3);
INSERT INTO websites (id, name, slug, url, short_description, purpose, category_id, click_count, is_active) VALUES (792, 'QuickAI Pro', 'quickai-pro-576', 'https://quickai-pro-576.com', 'An incredibly advanced AI tool revolutionizing the way you handle automation & agent. Try QuickAI Pro today.', 'Creative Studio', 8, 0, 1);
INSERT INTO website_intents (website_id, intent_id) VALUES (792, 1);
INSERT INTO website_personas (website_id, persona_id) VALUES (792, 2);
INSERT INTO websites (id, name, slug, url, short_description, purpose, category_id, click_count, is_active) VALUES (793, 'VibeAI', 'vibeai-1395', 'https://vibeai-1395.com', 'Enhance your productivity with VibeAI. Perfect for seamless automation & agent automation.', 'Productivity Engine', 8, 0, 1);
INSERT INTO website_intents (website_id, intent_id) VALUES (793, 4);
INSERT INTO website_intents (website_id, intent_id) VALUES (793, 6);
INSERT INTO website_personas (website_id, persona_id) VALUES (793, 1);
INSERT INTO website_personas (website_id, persona_id) VALUES (793, 2);
INSERT INTO websites (id, name, slug, url, short_description, purpose, category_id, click_count, is_active) VALUES (794, 'VibeFlow', 'vibeflow-4875', 'https://vibeflow-4875.com', 'An incredibly advanced AI tool revolutionizing the way you handle automation & agent. Try VibeFlow today.', 'Creative Studio', 8, 0, 1);
INSERT INTO website_intents (website_id, intent_id) VALUES (794, 2);
INSERT INTO website_personas (website_id, persona_id) VALUES (794, 5);
INSERT INTO website_personas (website_id, persona_id) VALUES (794, 2);
INSERT INTO websites (id, name, slug, url, short_description, purpose, category_id, click_count, is_active) VALUES (795, 'FlowBot', 'flowbot-3511', 'https://flowbot-3511.com', 'An incredibly advanced AI tool revolutionizing the way you handle automation & agent. Try FlowBot today.', 'Productivity Engine', 8, 0, 1);
INSERT INTO website_intents (website_id, intent_id) VALUES (795, 4);
INSERT INTO website_personas (website_id, persona_id) VALUES (795, 5);
INSERT INTO websites (id, name, slug, url, short_description, purpose, category_id, click_count, is_active) VALUES (796, 'CogniGen Pro', 'cognigen-pro-3008', 'https://cognigen-pro-3008.com', 'Enhance your productivity with CogniGen Pro. Perfect for seamless automation & agent automation.', 'Creative Studio', 8, 0, 1);
INSERT INTO website_intents (website_id, intent_id) VALUES (796, 4);
INSERT INTO website_intents (website_id, intent_id) VALUES (796, 6);
INSERT INTO website_personas (website_id, persona_id) VALUES (796, 6);
INSERT INTO website_personas (website_id, persona_id) VALUES (796, 2);
INSERT INTO websites (id, name, slug, url, short_description, purpose, category_id, click_count, is_active) VALUES (797, 'NextForge', 'nextforge-2297', 'https://nextforge-2297.com', 'An incredibly advanced AI tool revolutionizing the way you handle automation & agent. Try NextForge today.', 'Productivity Engine', 8, 0, 1);
INSERT INTO website_intents (website_id, intent_id) VALUES (797, 5);
INSERT INTO website_intents (website_id, intent_id) VALUES (797, 4);
INSERT INTO website_personas (website_id, persona_id) VALUES (797, 6);
INSERT INTO websites (id, name, slug, url, short_description, purpose, category_id, click_count, is_active) VALUES (798, 'CogniAI', 'cogniai-2015', 'https://cogniai-2015.com', 'An incredibly advanced AI tool revolutionizing the way you handle automation & agent. Try CogniAI today.', 'Creative Studio', 8, 0, 1);
INSERT INTO website_intents (website_id, intent_id) VALUES (798, 4);
INSERT INTO website_intents (website_id, intent_id) VALUES (798, 1);
INSERT INTO website_personas (website_id, persona_id) VALUES (798, 6);
INSERT INTO website_personas (website_id, persona_id) VALUES (798, 4);
INSERT INTO websites (id, name, slug, url, short_description, purpose, category_id, click_count, is_active) VALUES (799, 'Proify', 'proify-1324', 'https://proify-1324.com', 'Enhance your productivity with Proify. Perfect for seamless automation & agent automation.', 'Productivity Engine', 8, 0, 1);
INSERT INTO website_intents (website_id, intent_id) VALUES (799, 3);
INSERT INTO website_intents (website_id, intent_id) VALUES (799, 2);
INSERT INTO website_personas (website_id, persona_id) VALUES (799, 1);
INSERT INTO websites (id, name, slug, url, short_description, purpose, category_id, click_count, is_active) VALUES (800, 'Synthely', 'synthely-3361', 'https://synthely-3361.com', 'An incredibly advanced AI tool revolutionizing the way you handle automation & agent. Try Synthely today.', 'Creative Studio', 8, 0, 1);
INSERT INTO website_intents (website_id, intent_id) VALUES (800, 5);
INSERT INTO website_personas (website_id, persona_id) VALUES (800, 1);
INSERT INTO websites (id, name, slug, url, short_description, purpose, category_id, click_count, is_active) VALUES (801, 'ZenFlow Pro', 'zenflow-pro-8494', 'https://zenflow-pro-8494.com', 'An incredibly advanced AI tool revolutionizing the way you handle automation & agent. Try ZenFlow Pro today.', 'Productivity Engine', 8, 0, 1);
INSERT INTO website_intents (website_id, intent_id) VALUES (801, 2);
INSERT INTO website_personas (website_id, persona_id) VALUES (801, 1);
INSERT INTO websites (id, name, slug, url, short_description, purpose, category_id, click_count, is_active) VALUES (802, 'QuickMind', 'quickmind-7028', 'https://quickmind-7028.com', 'Enhance your productivity with QuickMind. Perfect for seamless automation & agent automation.', 'Creative Studio', 8, 0, 1);
INSERT INTO website_intents (website_id, intent_id) VALUES (802, 3);
INSERT INTO website_intents (website_id, intent_id) VALUES (802, 6);
INSERT INTO website_personas (website_id, persona_id) VALUES (802, 6);
INSERT INTO website_personas (website_id, persona_id) VALUES (802, 5);
INSERT INTO websites (id, name, slug, url, short_description, purpose, category_id, click_count, is_active) VALUES (803, 'FlowFlow Pro', 'flowflow-pro-9634', 'https://flowflow-pro-9634.com', 'An incredibly advanced AI tool revolutionizing the way you handle automation & agent. Try FlowFlow Pro today.', 'Productivity Engine', 8, 0, 1);
INSERT INTO website_intents (website_id, intent_id) VALUES (803, 3);
INSERT INTO website_intents (website_id, intent_id) VALUES (803, 2);
INSERT INTO website_personas (website_id, persona_id) VALUES (803, 6);
INSERT INTO website_personas (website_id, persona_id) VALUES (803, 5);
INSERT INTO websites (id, name, slug, url, short_description, purpose, category_id, click_count, is_active) VALUES (804, 'VibeAI', 'vibeai-5502', 'https://vibeai-5502.com', 'An incredibly advanced AI tool revolutionizing the way you handle automation & agent. Try VibeAI today.', 'Creative Studio', 8, 0, 1);
INSERT INTO website_intents (website_id, intent_id) VALUES (804, 5);
INSERT INTO website_personas (website_id, persona_id) VALUES (804, 4);
INSERT INTO websites (id, name, slug, url, short_description, purpose, category_id, click_count, is_active) VALUES (805, 'Geniify', 'geniify-4748', 'https://geniify-4748.com', 'Enhance your productivity with Geniify. Perfect for seamless automation & agent automation.', 'Productivity Engine', 8, 0, 1);
INSERT INTO website_intents (website_id, intent_id) VALUES (805, 3);
INSERT INTO website_personas (website_id, persona_id) VALUES (805, 1);
INSERT INTO websites (id, name, slug, url, short_description, purpose, category_id, click_count, is_active) VALUES (806, 'ZenForge', 'zenforge-419', 'https://zenforge-419.com', 'An incredibly advanced AI tool revolutionizing the way you handle automation & agent. Try ZenForge today.', 'Creative Studio', 8, 0, 1);
INSERT INTO website_intents (website_id, intent_id) VALUES (806, 4);
INSERT INTO website_personas (website_id, persona_id) VALUES (806, 6);
INSERT INTO websites (id, name, slug, url, short_description, purpose, category_id, click_count, is_active) VALUES (807, 'ZenGen', 'zengen-2747', 'https://zengen-2747.com', 'An incredibly advanced AI tool revolutionizing the way you handle automation & agent. Try ZenGen today.', 'Productivity Engine', 8, 0, 1);
INSERT INTO website_intents (website_id, intent_id) VALUES (807, 1);
INSERT INTO website_personas (website_id, persona_id) VALUES (807, 4);
INSERT INTO website_personas (website_id, persona_id) VALUES (807, 2);
INSERT INTO websites (id, name, slug, url, short_description, purpose, category_id, click_count, is_active) VALUES (808, 'ZenSync Pro', 'zensync-pro-4828', 'https://zensync-pro-4828.com', 'Enhance your productivity with ZenSync Pro. Perfect for seamless automation & agent automation.', 'Creative Studio', 8, 0, 1);
INSERT INTO website_intents (website_id, intent_id) VALUES (808, 4);
INSERT INTO website_intents (website_id, intent_id) VALUES (808, 6);
INSERT INTO website_personas (website_id, persona_id) VALUES (808, 4);
INSERT INTO website_personas (website_id, persona_id) VALUES (808, 2);
INSERT INTO websites (id, name, slug, url, short_description, purpose, category_id, click_count, is_active) VALUES (809, 'FlowSync', 'flowsync-3009', 'https://flowsync-3009.com', 'An incredibly advanced AI tool revolutionizing the way you handle automation & agent. Try FlowSync today.', 'Productivity Engine', 8, 0, 1);
INSERT INTO website_intents (website_id, intent_id) VALUES (809, 6);
INSERT INTO website_intents (website_id, intent_id) VALUES (809, 5);
INSERT INTO website_personas (website_id, persona_id) VALUES (809, 4);
INSERT INTO websites (id, name, slug, url, short_description, purpose, category_id, click_count, is_active) VALUES (810, 'Smartify', 'smartify-2470', 'https://smartify-2470.com', 'An incredibly advanced AI tool revolutionizing the way you handle automation & agent. Try Smartify today.', 'Creative Studio', 8, 0, 1);
INSERT INTO website_intents (website_id, intent_id) VALUES (810, 3);
INSERT INTO website_personas (website_id, persona_id) VALUES (810, 4);
INSERT INTO website_personas (website_id, persona_id) VALUES (810, 2);
INSERT INTO websites (id, name, slug, url, short_description, purpose, category_id, click_count, is_active) VALUES (811, 'DeepForge', 'deepforge-6779', 'https://deepforge-6779.com', 'Enhance your productivity with DeepForge. Perfect for seamless automation & agent automation.', 'Productivity Engine', 8, 0, 1);
INSERT INTO website_intents (website_id, intent_id) VALUES (811, 4);
INSERT INTO website_personas (website_id, persona_id) VALUES (811, 2);
INSERT INTO website_personas (website_id, persona_id) VALUES (811, 3);
INSERT INTO websites (id, name, slug, url, short_description, purpose, category_id, click_count, is_active) VALUES (812, 'GeniBot Pro', 'genibot-pro-3455', 'https://genibot-pro-3455.com', 'An incredibly advanced AI tool revolutionizing the way you handle automation & agent. Try GeniBot Pro today.', 'Creative Studio', 8, 0, 1);
INSERT INTO website_intents (website_id, intent_id) VALUES (812, 6);
INSERT INTO website_personas (website_id, persona_id) VALUES (812, 1);
INSERT INTO websites (id, name, slug, url, short_description, purpose, category_id, click_count, is_active) VALUES (813, 'VibeFlow Pro', 'vibeflow-pro-8174', 'https://vibeflow-pro-8174.com', 'An incredibly advanced AI tool revolutionizing the way you handle automation & agent. Try VibeFlow Pro today.', 'Productivity Engine', 8, 0, 1);
INSERT INTO website_intents (website_id, intent_id) VALUES (813, 1);
INSERT INTO website_intents (website_id, intent_id) VALUES (813, 5);
INSERT INTO website_personas (website_id, persona_id) VALUES (813, 1);
INSERT INTO website_personas (website_id, persona_id) VALUES (813, 2);
INSERT INTO websites (id, name, slug, url, short_description, purpose, category_id, click_count, is_active) VALUES (814, 'HyperSync Pro', 'hypersync-pro-2363', 'https://hypersync-pro-2363.com', 'Enhance your productivity with HyperSync Pro. Perfect for seamless automation & agent automation.', 'Creative Studio', 8, 0, 1);
INSERT INTO website_intents (website_id, intent_id) VALUES (814, 1);
INSERT INTO website_intents (website_id, intent_id) VALUES (814, 2);
INSERT INTO website_personas (website_id, persona_id) VALUES (814, 1);
INSERT INTO websites (id, name, slug, url, short_description, purpose, category_id, click_count, is_active) VALUES (815, 'Syntheify', 'syntheify-3508', 'https://syntheify-3508.com', 'Enhance your productivity with Syntheify. Perfect for seamless audio & music automation.', 'Productivity Engine', 9, 0, 1);
INSERT INTO website_intents (website_id, intent_id) VALUES (815, 2);
INSERT INTO website_personas (website_id, persona_id) VALUES (815, 4);
INSERT INTO website_personas (website_id, persona_id) VALUES (815, 2);
INSERT INTO websites (id, name, slug, url, short_description, purpose, category_id, click_count, is_active) VALUES (816, 'QuickMind', 'quickmind-6734', 'https://quickmind-6734.com', 'An incredibly advanced AI tool revolutionizing the way you handle audio & music. Try QuickMind today.', 'Creative Studio', 9, 0, 1);
INSERT INTO website_intents (website_id, intent_id) VALUES (816, 3);
INSERT INTO website_personas (website_id, persona_id) VALUES (816, 5);
INSERT INTO websites (id, name, slug, url, short_description, purpose, category_id, click_count, is_active) VALUES (817, 'AutoMate', 'automate-4629', 'https://automate-4629.com', 'An incredibly advanced AI tool revolutionizing the way you handle audio & music. Try AutoMate today.', 'Productivity Engine', 9, 0, 1);
INSERT INTO website_intents (website_id, intent_id) VALUES (817, 4);
INSERT INTO website_personas (website_id, persona_id) VALUES (817, 1);
INSERT INTO website_personas (website_id, persona_id) VALUES (817, 2);
INSERT INTO websites (id, name, slug, url, short_description, purpose, category_id, click_count, is_active) VALUES (818, 'NextBase Pro', 'nextbase-pro-8776', 'https://nextbase-pro-8776.com', 'Enhance your productivity with NextBase Pro. Perfect for seamless audio & music automation.', 'Creative Studio', 9, 0, 1);
INSERT INTO website_intents (website_id, intent_id) VALUES (818, 1);
INSERT INTO website_intents (website_id, intent_id) VALUES (818, 4);
INSERT INTO website_personas (website_id, persona_id) VALUES (818, 3);
INSERT INTO website_personas (website_id, persona_id) VALUES (818, 4);
INSERT INTO websites (id, name, slug, url, short_description, purpose, category_id, click_count, is_active) VALUES (819, 'SmartAI', 'smartai-1231', 'https://smartai-1231.com', 'An incredibly advanced AI tool revolutionizing the way you handle audio & music. Try SmartAI today.', 'Productivity Engine', 9, 0, 1);
INSERT INTO website_intents (website_id, intent_id) VALUES (819, 4);
INSERT INTO website_intents (website_id, intent_id) VALUES (819, 2);
INSERT INTO website_personas (website_id, persona_id) VALUES (819, 6);
INSERT INTO websites (id, name, slug, url, short_description, purpose, category_id, click_count, is_active) VALUES (820, 'HyperAI', 'hyperai-8721', 'https://hyperai-8721.com', 'An incredibly advanced AI tool revolutionizing the way you handle audio & music. Try HyperAI today.', 'Creative Studio', 9, 0, 1);
INSERT INTO website_intents (website_id, intent_id) VALUES (820, 3);
INSERT INTO website_personas (website_id, persona_id) VALUES (820, 6);
INSERT INTO websites (id, name, slug, url, short_description, purpose, category_id, click_count, is_active) VALUES (821, 'VibeMind', 'vibemind-7002', 'https://vibemind-7002.com', 'Enhance your productivity with VibeMind. Perfect for seamless audio & music automation.', 'Productivity Engine', 9, 0, 1);
INSERT INTO website_intents (website_id, intent_id) VALUES (821, 1);
INSERT INTO website_intents (website_id, intent_id) VALUES (821, 4);
INSERT INTO website_personas (website_id, persona_id) VALUES (821, 4);
INSERT INTO website_personas (website_id, persona_id) VALUES (821, 1);
INSERT INTO websites (id, name, slug, url, short_description, purpose, category_id, click_count, is_active) VALUES (822, 'Smartify', 'smartify-9840', 'https://smartify-9840.com', 'An incredibly advanced AI tool revolutionizing the way you handle audio & music. Try Smartify today.', 'Creative Studio', 9, 0, 1);
INSERT INTO website_intents (website_id, intent_id) VALUES (822, 1);
INSERT INTO website_intents (website_id, intent_id) VALUES (822, 2);
INSERT INTO website_personas (website_id, persona_id) VALUES (822, 4);
INSERT INTO website_personas (website_id, persona_id) VALUES (822, 6);
INSERT INTO websites (id, name, slug, url, short_description, purpose, category_id, click_count, is_active) VALUES (823, 'SmartBot', 'smartbot-1903', 'https://smartbot-1903.com', 'An incredibly advanced AI tool revolutionizing the way you handle audio & music. Try SmartBot today.', 'Productivity Engine', 9, 0, 1);
INSERT INTO website_intents (website_id, intent_id) VALUES (823, 1);
INSERT INTO website_personas (website_id, persona_id) VALUES (823, 3);
INSERT INTO websites (id, name, slug, url, short_description, purpose, category_id, click_count, is_active) VALUES (824, 'SmartForge', 'smartforge-3306', 'https://smartforge-3306.com', 'Enhance your productivity with SmartForge. Perfect for seamless audio & music automation.', 'Creative Studio', 9, 0, 1);
INSERT INTO website_intents (website_id, intent_id) VALUES (824, 1);
INSERT INTO website_intents (website_id, intent_id) VALUES (824, 5);
INSERT INTO website_personas (website_id, persona_id) VALUES (824, 6);
INSERT INTO websites (id, name, slug, url, short_description, purpose, category_id, click_count, is_active) VALUES (825, 'SmartAI', 'smartai-2201', 'https://smartai-2201.com', 'An incredibly advanced AI tool revolutionizing the way you handle audio & music. Try SmartAI today.', 'Productivity Engine', 9, 0, 1);
INSERT INTO website_intents (website_id, intent_id) VALUES (825, 2);
INSERT INTO website_intents (website_id, intent_id) VALUES (825, 1);
INSERT INTO website_personas (website_id, persona_id) VALUES (825, 1);
INSERT INTO websites (id, name, slug, url, short_description, purpose, category_id, click_count, is_active) VALUES (826, 'FlowFlow Pro', 'flowflow-pro-1246', 'https://flowflow-pro-1246.com', 'An incredibly advanced AI tool revolutionizing the way you handle audio & music. Try FlowFlow Pro today.', 'Creative Studio', 9, 0, 1);
INSERT INTO website_intents (website_id, intent_id) VALUES (826, 6);
INSERT INTO website_intents (website_id, intent_id) VALUES (826, 1);
INSERT INTO website_personas (website_id, persona_id) VALUES (826, 1);
INSERT INTO websites (id, name, slug, url, short_description, purpose, category_id, click_count, is_active) VALUES (827, 'AutoCraft', 'autocraft-3336', 'https://autocraft-3336.com', 'Enhance your productivity with AutoCraft. Perfect for seamless audio & music automation.', 'Productivity Engine', 9, 0, 1);
INSERT INTO website_intents (website_id, intent_id) VALUES (827, 1);
INSERT INTO website_intents (website_id, intent_id) VALUES (827, 6);
INSERT INTO website_personas (website_id, persona_id) VALUES (827, 3);
INSERT INTO websites (id, name, slug, url, short_description, purpose, category_id, click_count, is_active) VALUES (828, 'AutoBase Pro', 'autobase-pro-2663', 'https://autobase-pro-2663.com', 'An incredibly advanced AI tool revolutionizing the way you handle audio & music. Try AutoBase Pro today.', 'Creative Studio', 9, 0, 1);
INSERT INTO website_intents (website_id, intent_id) VALUES (828, 4);
INSERT INTO website_personas (website_id, persona_id) VALUES (828, 4);
INSERT INTO website_personas (website_id, persona_id) VALUES (828, 1);
INSERT INTO websites (id, name, slug, url, short_description, purpose, category_id, click_count, is_active) VALUES (829, 'FlowMate', 'flowmate-8499', 'https://flowmate-8499.com', 'An incredibly advanced AI tool revolutionizing the way you handle audio & music. Try FlowMate today.', 'Productivity Engine', 9, 0, 1);
INSERT INTO website_intents (website_id, intent_id) VALUES (829, 5);
INSERT INTO website_intents (website_id, intent_id) VALUES (829, 2);
INSERT INTO website_personas (website_id, persona_id) VALUES (829, 1);
INSERT INTO websites (id, name, slug, url, short_description, purpose, category_id, click_count, is_active) VALUES (830, 'HyperForge', 'hyperforge-8170', 'https://hyperforge-8170.com', 'Enhance your productivity with HyperForge. Perfect for seamless audio & music automation.', 'Creative Studio', 9, 0, 1);
INSERT INTO website_intents (website_id, intent_id) VALUES (830, 3);
INSERT INTO website_intents (website_id, intent_id) VALUES (830, 2);
INSERT INTO website_personas (website_id, persona_id) VALUES (830, 4);
INSERT INTO website_personas (website_id, persona_id) VALUES (830, 3);
INSERT INTO websites (id, name, slug, url, short_description, purpose, category_id, click_count, is_active) VALUES (831, 'ProMind', 'promind-801', 'https://promind-801.com', 'An incredibly advanced AI tool revolutionizing the way you handle audio & music. Try ProMind today.', 'Productivity Engine', 9, 0, 1);
INSERT INTO website_intents (website_id, intent_id) VALUES (831, 1);
INSERT INTO website_personas (website_id, persona_id) VALUES (831, 1);
INSERT INTO website_personas (website_id, persona_id) VALUES (831, 2);
INSERT INTO websites (id, name, slug, url, short_description, purpose, category_id, click_count, is_active) VALUES (832, 'VibeBase', 'vibebase-9048', 'https://vibebase-9048.com', 'An incredibly advanced AI tool revolutionizing the way you handle audio & music. Try VibeBase today.', 'Creative Studio', 9, 0, 1);
INSERT INTO website_intents (website_id, intent_id) VALUES (832, 1);
INSERT INTO website_intents (website_id, intent_id) VALUES (832, 6);
INSERT INTO website_personas (website_id, persona_id) VALUES (832, 3);
INSERT INTO website_personas (website_id, persona_id) VALUES (832, 5);
INSERT INTO websites (id, name, slug, url, short_description, purpose, category_id, click_count, is_active) VALUES (833, 'CogniFlow', 'cogniflow-7930', 'https://cogniflow-7930.com', 'Enhance your productivity with CogniFlow. Perfect for seamless audio & music automation.', 'Productivity Engine', 9, 0, 1);
INSERT INTO website_intents (website_id, intent_id) VALUES (833, 4);
INSERT INTO website_intents (website_id, intent_id) VALUES (833, 1);
INSERT INTO website_personas (website_id, persona_id) VALUES (833, 2);
INSERT INTO website_personas (website_id, persona_id) VALUES (833, 1);
INSERT INTO websites (id, name, slug, url, short_description, purpose, category_id, click_count, is_active) VALUES (834, 'Flowly', 'flowly-8268', 'https://flowly-8268.com', 'An incredibly advanced AI tool revolutionizing the way you handle audio & music. Try Flowly today.', 'Creative Studio', 9, 0, 1);
INSERT INTO website_intents (website_id, intent_id) VALUES (834, 5);
INSERT INTO website_personas (website_id, persona_id) VALUES (834, 4);
INSERT INTO website_personas (website_id, persona_id) VALUES (834, 3);
INSERT INTO websites (id, name, slug, url, short_description, purpose, category_id, click_count, is_active) VALUES (835, 'GeniMind', 'genimind-2342', 'https://genimind-2342.com', 'An incredibly advanced AI tool revolutionizing the way you handle audio & music. Try GeniMind today.', 'Productivity Engine', 9, 0, 1);
INSERT INTO website_intents (website_id, intent_id) VALUES (835, 1);
INSERT INTO website_personas (website_id, persona_id) VALUES (835, 2);
INSERT INTO website_personas (website_id, persona_id) VALUES (835, 3);
INSERT INTO websites (id, name, slug, url, short_description, purpose, category_id, click_count, is_active) VALUES (836, 'SmartMind Pro', 'smartmind-pro-2799', 'https://smartmind-pro-2799.com', 'Enhance your productivity with SmartMind Pro. Perfect for seamless audio & music automation.', 'Creative Studio', 9, 0, 1);
INSERT INTO website_intents (website_id, intent_id) VALUES (836, 3);
INSERT INTO website_intents (website_id, intent_id) VALUES (836, 1);
INSERT INTO website_personas (website_id, persona_id) VALUES (836, 6);
INSERT INTO websites (id, name, slug, url, short_description, purpose, category_id, click_count, is_active) VALUES (837, 'AutoAI Pro', 'autoai-pro-4509', 'https://autoai-pro-4509.com', 'An incredibly advanced AI tool revolutionizing the way you handle audio & music. Try AutoAI Pro today.', 'Productivity Engine', 9, 0, 1);
INSERT INTO website_intents (website_id, intent_id) VALUES (837, 6);
INSERT INTO website_intents (website_id, intent_id) VALUES (837, 5);
INSERT INTO website_personas (website_id, persona_id) VALUES (837, 1);
INSERT INTO website_personas (website_id, persona_id) VALUES (837, 2);
INSERT INTO websites (id, name, slug, url, short_description, purpose, category_id, click_count, is_active) VALUES (838, 'QuickMind', 'quickmind-4757', 'https://quickmind-4757.com', 'An incredibly advanced AI tool revolutionizing the way you handle audio & music. Try QuickMind today.', 'Creative Studio', 9, 0, 1);
INSERT INTO website_intents (website_id, intent_id) VALUES (838, 4);
INSERT INTO website_intents (website_id, intent_id) VALUES (838, 3);
INSERT INTO website_personas (website_id, persona_id) VALUES (838, 5);
INSERT INTO website_personas (website_id, persona_id) VALUES (838, 1);
INSERT INTO websites (id, name, slug, url, short_description, purpose, category_id, click_count, is_active) VALUES (839, 'GeniCraft', 'genicraft-6106', 'https://genicraft-6106.com', 'Enhance your productivity with GeniCraft. Perfect for seamless audio & music automation.', 'Productivity Engine', 9, 0, 1);
INSERT INTO website_intents (website_id, intent_id) VALUES (839, 4);
INSERT INTO website_personas (website_id, persona_id) VALUES (839, 2);
INSERT INTO website_personas (website_id, persona_id) VALUES (839, 4);
INSERT INTO websites (id, name, slug, url, short_description, purpose, category_id, click_count, is_active) VALUES (840, 'DeepMind', 'deepmind-2477', 'https://deepmind-2477.com', 'An incredibly advanced AI tool revolutionizing the way you handle audio & music. Try DeepMind today.', 'Creative Studio', 9, 0, 1);
INSERT INTO website_intents (website_id, intent_id) VALUES (840, 4);
INSERT INTO website_personas (website_id, persona_id) VALUES (840, 2);
INSERT INTO websites (id, name, slug, url, short_description, purpose, category_id, click_count, is_active) VALUES (841, 'NextBase', 'nextbase-9665', 'https://nextbase-9665.com', 'An incredibly advanced AI tool revolutionizing the way you handle audio & music. Try NextBase today.', 'Productivity Engine', 9, 0, 1);
INSERT INTO website_intents (website_id, intent_id) VALUES (841, 5);
INSERT INTO website_intents (website_id, intent_id) VALUES (841, 2);
INSERT INTO website_personas (website_id, persona_id) VALUES (841, 1);
INSERT INTO website_personas (website_id, persona_id) VALUES (841, 5);
INSERT INTO websites (id, name, slug, url, short_description, purpose, category_id, click_count, is_active) VALUES (842, 'ZenForge Pro', 'zenforge-pro-2507', 'https://zenforge-pro-2507.com', 'Enhance your productivity with ZenForge Pro. Perfect for seamless audio & music automation.', 'Creative Studio', 9, 0, 1);
INSERT INTO website_intents (website_id, intent_id) VALUES (842, 5);
INSERT INTO website_personas (website_id, persona_id) VALUES (842, 6);
INSERT INTO websites (id, name, slug, url, short_description, purpose, category_id, click_count, is_active) VALUES (843, 'SyntheSync', 'synthesync-4767', 'https://synthesync-4767.com', 'An incredibly advanced AI tool revolutionizing the way you handle audio & music. Try SyntheSync today.', 'Productivity Engine', 9, 0, 1);
INSERT INTO website_intents (website_id, intent_id) VALUES (843, 6);
INSERT INTO website_personas (website_id, persona_id) VALUES (843, 3);
INSERT INTO website_personas (website_id, persona_id) VALUES (843, 4);
INSERT INTO websites (id, name, slug, url, short_description, purpose, category_id, click_count, is_active) VALUES (844, 'FlowGen', 'flowgen-7621', 'https://flowgen-7621.com', 'An incredibly advanced AI tool revolutionizing the way you handle audio & music. Try FlowGen today.', 'Creative Studio', 9, 0, 1);
INSERT INTO website_intents (website_id, intent_id) VALUES (844, 3);
INSERT INTO website_intents (website_id, intent_id) VALUES (844, 4);
INSERT INTO website_personas (website_id, persona_id) VALUES (844, 5);
INSERT INTO website_personas (website_id, persona_id) VALUES (844, 6);
INSERT INTO websites (id, name, slug, url, short_description, purpose, category_id, click_count, is_active) VALUES (845, 'SmartFlow', 'smartflow-7850', 'https://smartflow-7850.com', 'Enhance your productivity with SmartFlow. Perfect for seamless audio & music automation.', 'Productivity Engine', 9, 0, 1);
INSERT INTO website_intents (website_id, intent_id) VALUES (845, 1);
INSERT INTO website_personas (website_id, persona_id) VALUES (845, 1);
INSERT INTO website_personas (website_id, persona_id) VALUES (845, 2);
INSERT INTO websites (id, name, slug, url, short_description, purpose, category_id, click_count, is_active) VALUES (846, 'SmartMind', 'smartmind-3228', 'https://smartmind-3228.com', 'An incredibly advanced AI tool revolutionizing the way you handle audio & music. Try SmartMind today.', 'Creative Studio', 9, 0, 1);
INSERT INTO website_intents (website_id, intent_id) VALUES (846, 6);
INSERT INTO website_intents (website_id, intent_id) VALUES (846, 5);
INSERT INTO website_personas (website_id, persona_id) VALUES (846, 5);
INSERT INTO website_personas (website_id, persona_id) VALUES (846, 4);
INSERT INTO websites (id, name, slug, url, short_description, purpose, category_id, click_count, is_active) VALUES (847, 'DeepFlow', 'deepflow-3492', 'https://deepflow-3492.com', 'An incredibly advanced AI tool revolutionizing the way you handle audio & music. Try DeepFlow today.', 'Productivity Engine', 9, 0, 1);
INSERT INTO website_intents (website_id, intent_id) VALUES (847, 6);
INSERT INTO website_intents (website_id, intent_id) VALUES (847, 1);
INSERT INTO website_personas (website_id, persona_id) VALUES (847, 5);
INSERT INTO websites (id, name, slug, url, short_description, purpose, category_id, click_count, is_active) VALUES (848, 'CogniAI Pro', 'cogniai-pro-9716', 'https://cogniai-pro-9716.com', 'Enhance your productivity with CogniAI Pro. Perfect for seamless audio & music automation.', 'Creative Studio', 9, 0, 1);
INSERT INTO website_intents (website_id, intent_id) VALUES (848, 3);
INSERT INTO website_intents (website_id, intent_id) VALUES (848, 2);
INSERT INTO website_personas (website_id, persona_id) VALUES (848, 1);
INSERT INTO website_personas (website_id, persona_id) VALUES (848, 2);
INSERT INTO websites (id, name, slug, url, short_description, purpose, category_id, click_count, is_active) VALUES (849, 'CogniCraft', 'cognicraft-7709', 'https://cognicraft-7709.com', 'An incredibly advanced AI tool revolutionizing the way you handle audio & music. Try CogniCraft today.', 'Productivity Engine', 9, 0, 1);
INSERT INTO website_intents (website_id, intent_id) VALUES (849, 5);
INSERT INTO website_intents (website_id, intent_id) VALUES (849, 4);
INSERT INTO website_personas (website_id, persona_id) VALUES (849, 6);
INSERT INTO websites (id, name, slug, url, short_description, purpose, category_id, click_count, is_active) VALUES (850, 'Hyperify', 'hyperify-8997', 'https://hyperify-8997.com', 'An incredibly advanced AI tool revolutionizing the way you handle audio & music. Try Hyperify today.', 'Creative Studio', 9, 0, 1);
INSERT INTO website_intents (website_id, intent_id) VALUES (850, 1);
INSERT INTO website_personas (website_id, persona_id) VALUES (850, 1);
INSERT INTO website_personas (website_id, persona_id) VALUES (850, 4);
INSERT INTO websites (id, name, slug, url, short_description, purpose, category_id, click_count, is_active) VALUES (851, 'NextMate Pro', 'nextmate-pro-8268', 'https://nextmate-pro-8268.com', 'Enhance your productivity with NextMate Pro. Perfect for seamless audio & music automation.', 'Productivity Engine', 9, 0, 1);
INSERT INTO website_intents (website_id, intent_id) VALUES (851, 6);
INSERT INTO website_personas (website_id, persona_id) VALUES (851, 1);
INSERT INTO website_personas (website_id, persona_id) VALUES (851, 4);
INSERT INTO websites (id, name, slug, url, short_description, purpose, category_id, click_count, is_active) VALUES (852, 'Nextly', 'nextly-9992', 'https://nextly-9992.com', 'An incredibly advanced AI tool revolutionizing the way you handle audio & music. Try Nextly today.', 'Creative Studio', 9, 0, 1);
INSERT INTO website_intents (website_id, intent_id) VALUES (852, 2);
INSERT INTO website_personas (website_id, persona_id) VALUES (852, 5);
INSERT INTO website_personas (website_id, persona_id) VALUES (852, 2);
INSERT INTO websites (id, name, slug, url, short_description, purpose, category_id, click_count, is_active) VALUES (853, 'DeepAI', 'deepai-219', 'https://deepai-219.com', 'An incredibly advanced AI tool revolutionizing the way you handle audio & music. Try DeepAI today.', 'Productivity Engine', 9, 0, 1);
INSERT INTO website_intents (website_id, intent_id) VALUES (853, 2);
INSERT INTO website_intents (website_id, intent_id) VALUES (853, 5);
INSERT INTO website_personas (website_id, persona_id) VALUES (853, 1);
INSERT INTO website_personas (website_id, persona_id) VALUES (853, 6);
INSERT INTO websites (id, name, slug, url, short_description, purpose, category_id, click_count, is_active) VALUES (854, 'FlowMind', 'flowmind-6786', 'https://flowmind-6786.com', 'Enhance your productivity with FlowMind. Perfect for seamless audio & music automation.', 'Creative Studio', 9, 0, 1);
INSERT INTO website_intents (website_id, intent_id) VALUES (854, 4);
INSERT INTO website_personas (website_id, persona_id) VALUES (854, 3);
INSERT INTO websites (id, name, slug, url, short_description, purpose, category_id, click_count, is_active) VALUES (855, 'GeniMate Pro', 'genimate-pro-5446', 'https://genimate-pro-5446.com', 'An incredibly advanced AI tool revolutionizing the way you handle audio & music. Try GeniMate Pro today.', 'Productivity Engine', 9, 0, 1);
INSERT INTO website_intents (website_id, intent_id) VALUES (855, 3);
INSERT INTO website_intents (website_id, intent_id) VALUES (855, 2);
INSERT INTO website_personas (website_id, persona_id) VALUES (855, 1);
INSERT INTO websites (id, name, slug, url, short_description, purpose, category_id, click_count, is_active) VALUES (856, 'ProCraft', 'procraft-7728', 'https://procraft-7728.com', 'An incredibly advanced AI tool revolutionizing the way you handle audio & music. Try ProCraft today.', 'Creative Studio', 9, 0, 1);
INSERT INTO website_intents (website_id, intent_id) VALUES (856, 1);
INSERT INTO website_personas (website_id, persona_id) VALUES (856, 6);
INSERT INTO websites (id, name, slug, url, short_description, purpose, category_id, click_count, is_active) VALUES (857, 'CogniMate', 'cognimate-7189', 'https://cognimate-7189.com', 'Enhance your productivity with CogniMate. Perfect for seamless audio & music automation.', 'Productivity Engine', 9, 0, 1);
INSERT INTO website_intents (website_id, intent_id) VALUES (857, 1);
INSERT INTO website_intents (website_id, intent_id) VALUES (857, 6);
INSERT INTO website_personas (website_id, persona_id) VALUES (857, 1);
INSERT INTO websites (id, name, slug, url, short_description, purpose, category_id, click_count, is_active) VALUES (858, 'Cognily', 'cognily-9501', 'https://cognily-9501.com', 'An incredibly advanced AI tool revolutionizing the way you handle audio & music. Try Cognily today.', 'Creative Studio', 9, 0, 1);
INSERT INTO website_intents (website_id, intent_id) VALUES (858, 1);
INSERT INTO website_intents (website_id, intent_id) VALUES (858, 2);
INSERT INTO website_personas (website_id, persona_id) VALUES (858, 3);
INSERT INTO websites (id, name, slug, url, short_description, purpose, category_id, click_count, is_active) VALUES (859, 'CogniCraft Pro', 'cognicraft-pro-5536', 'https://cognicraft-pro-5536.com', 'An incredibly advanced AI tool revolutionizing the way you handle audio & music. Try CogniCraft Pro today.', 'Productivity Engine', 9, 0, 1);
INSERT INTO website_intents (website_id, intent_id) VALUES (859, 6);
INSERT INTO website_intents (website_id, intent_id) VALUES (859, 5);
INSERT INTO website_personas (website_id, persona_id) VALUES (859, 1);
INSERT INTO websites (id, name, slug, url, short_description, purpose, category_id, click_count, is_active) VALUES (860, 'FlowGen', 'flowgen-4987', 'https://flowgen-4987.com', 'Enhance your productivity with FlowGen. Perfect for seamless audio & music automation.', 'Creative Studio', 9, 0, 1);
INSERT INTO website_intents (website_id, intent_id) VALUES (860, 1);
INSERT INTO website_personas (website_id, persona_id) VALUES (860, 3);
INSERT INTO website_personas (website_id, persona_id) VALUES (860, 1);
INSERT INTO websites (id, name, slug, url, short_description, purpose, category_id, click_count, is_active) VALUES (861, 'GeniSync', 'genisync-4912', 'https://genisync-4912.com', 'An incredibly advanced AI tool revolutionizing the way you handle audio & music. Try GeniSync today.', 'Productivity Engine', 9, 0, 1);
INSERT INTO website_intents (website_id, intent_id) VALUES (861, 2);
INSERT INTO website_intents (website_id, intent_id) VALUES (861, 3);
INSERT INTO website_personas (website_id, persona_id) VALUES (861, 4);
INSERT INTO websites (id, name, slug, url, short_description, purpose, category_id, click_count, is_active) VALUES (862, 'VibeMind', 'vibemind-8812', 'https://vibemind-8812.com', 'An incredibly advanced AI tool revolutionizing the way you handle audio & music. Try VibeMind today.', 'Creative Studio', 9, 0, 1);
INSERT INTO website_intents (website_id, intent_id) VALUES (862, 4);
INSERT INTO website_intents (website_id, intent_id) VALUES (862, 1);
INSERT INTO website_personas (website_id, persona_id) VALUES (862, 2);
INSERT INTO websites (id, name, slug, url, short_description, purpose, category_id, click_count, is_active) VALUES (863, 'ProAI', 'proai-5951', 'https://proai-5951.com', 'Enhance your productivity with ProAI. Perfect for seamless audio & music automation.', 'Productivity Engine', 9, 0, 1);
INSERT INTO website_intents (website_id, intent_id) VALUES (863, 2);
INSERT INTO website_personas (website_id, persona_id) VALUES (863, 3);
INSERT INTO websites (id, name, slug, url, short_description, purpose, category_id, click_count, is_active) VALUES (864, 'HyperBase', 'hyperbase-3826', 'https://hyperbase-3826.com', 'An incredibly advanced AI tool revolutionizing the way you handle audio & music. Try HyperBase today.', 'Creative Studio', 9, 0, 1);
INSERT INTO website_intents (website_id, intent_id) VALUES (864, 4);
INSERT INTO website_personas (website_id, persona_id) VALUES (864, 4);
INSERT INTO websites (id, name, slug, url, short_description, purpose, category_id, click_count, is_active) VALUES (865, 'QuickGen', 'quickgen-2182', 'https://quickgen-2182.com', 'An incredibly advanced AI tool revolutionizing the way you handle audio & music. Try QuickGen today.', 'Productivity Engine', 9, 0, 1);
INSERT INTO website_intents (website_id, intent_id) VALUES (865, 3);
INSERT INTO website_intents (website_id, intent_id) VALUES (865, 5);
INSERT INTO website_personas (website_id, persona_id) VALUES (865, 4);
INSERT INTO websites (id, name, slug, url, short_description, purpose, category_id, click_count, is_active) VALUES (866, 'SmartBase', 'smartbase-7968', 'https://smartbase-7968.com', 'Enhance your productivity with SmartBase. Perfect for seamless audio & music automation.', 'Creative Studio', 9, 0, 1);
INSERT INTO website_intents (website_id, intent_id) VALUES (866, 6);
INSERT INTO website_intents (website_id, intent_id) VALUES (866, 1);
INSERT INTO website_personas (website_id, persona_id) VALUES (866, 3);
INSERT INTO website_personas (website_id, persona_id) VALUES (866, 1);
INSERT INTO websites (id, name, slug, url, short_description, purpose, category_id, click_count, is_active) VALUES (867, 'SmartCraft Pro', 'smartcraft-pro-4598', 'https://smartcraft-pro-4598.com', 'An incredibly advanced AI tool revolutionizing the way you handle audio & music. Try SmartCraft Pro today.', 'Productivity Engine', 9, 0, 1);
INSERT INTO website_intents (website_id, intent_id) VALUES (867, 5);
INSERT INTO website_intents (website_id, intent_id) VALUES (867, 1);
INSERT INTO website_personas (website_id, persona_id) VALUES (867, 1);
INSERT INTO website_personas (website_id, persona_id) VALUES (867, 6);
INSERT INTO websites (id, name, slug, url, short_description, purpose, category_id, click_count, is_active) VALUES (868, 'VibeSync', 'vibesync-9160', 'https://vibesync-9160.com', 'An incredibly advanced AI tool revolutionizing the way you handle audio & music. Try VibeSync today.', 'Creative Studio', 9, 0, 1);
INSERT INTO website_intents (website_id, intent_id) VALUES (868, 6);
INSERT INTO website_personas (website_id, persona_id) VALUES (868, 3);
INSERT INTO websites (id, name, slug, url, short_description, purpose, category_id, click_count, is_active) VALUES (869, 'Genily', 'genily-6707', 'https://genily-6707.com', 'Enhance your productivity with Genily. Perfect for seamless audio & music automation.', 'Productivity Engine', 9, 0, 1);
INSERT INTO website_intents (website_id, intent_id) VALUES (869, 3);
INSERT INTO website_intents (website_id, intent_id) VALUES (869, 4);
INSERT INTO website_personas (website_id, persona_id) VALUES (869, 2);
INSERT INTO websites (id, name, slug, url, short_description, purpose, category_id, click_count, is_active) VALUES (870, 'CogniSync', 'cognisync-2536', 'https://cognisync-2536.com', 'An incredibly advanced AI tool revolutionizing the way you handle audio & music. Try CogniSync today.', 'Creative Studio', 9, 0, 1);
INSERT INTO website_intents (website_id, intent_id) VALUES (870, 2);
INSERT INTO website_personas (website_id, persona_id) VALUES (870, 4);
INSERT INTO websites (id, name, slug, url, short_description, purpose, category_id, click_count, is_active) VALUES (871, 'Quickly', 'quickly-5295', 'https://quickly-5295.com', 'An incredibly advanced AI tool revolutionizing the way you handle audio & music. Try Quickly today.', 'Productivity Engine', 9, 0, 1);
INSERT INTO website_intents (website_id, intent_id) VALUES (871, 1);
INSERT INTO website_personas (website_id, persona_id) VALUES (871, 3);
INSERT INTO websites (id, name, slug, url, short_description, purpose, category_id, click_count, is_active) VALUES (872, 'CogniFlow', 'cogniflow-5946', 'https://cogniflow-5946.com', 'Enhance your productivity with CogniFlow. Perfect for seamless audio & music automation.', 'Creative Studio', 9, 0, 1);
INSERT INTO website_intents (website_id, intent_id) VALUES (872, 6);
INSERT INTO website_intents (website_id, intent_id) VALUES (872, 1);
INSERT INTO website_personas (website_id, persona_id) VALUES (872, 1);
INSERT INTO websites (id, name, slug, url, short_description, purpose, category_id, click_count, is_active) VALUES (873, 'ZenBot', 'zenbot-4076', 'https://zenbot-4076.com', 'An incredibly advanced AI tool revolutionizing the way you handle audio & music. Try ZenBot today.', 'Productivity Engine', 9, 0, 1);
INSERT INTO website_intents (website_id, intent_id) VALUES (873, 6);
INSERT INTO website_personas (website_id, persona_id) VALUES (873, 1);
INSERT INTO website_personas (website_id, persona_id) VALUES (873, 2);
INSERT INTO websites (id, name, slug, url, short_description, purpose, category_id, click_count, is_active) VALUES (874, 'QuickFlow', 'quickflow-7597', 'https://quickflow-7597.com', 'An incredibly advanced AI tool revolutionizing the way you handle audio & music. Try QuickFlow today.', 'Creative Studio', 9, 0, 1);
INSERT INTO website_intents (website_id, intent_id) VALUES (874, 3);
INSERT INTO website_intents (website_id, intent_id) VALUES (874, 5);
INSERT INTO website_personas (website_id, persona_id) VALUES (874, 4);
INSERT INTO website_personas (website_id, persona_id) VALUES (874, 5);
INSERT INTO websites (id, name, slug, url, short_description, purpose, category_id, click_count, is_active) VALUES (875, 'AutoFlow Pro', 'autoflow-pro-7265', 'https://autoflow-pro-7265.com', 'Enhance your productivity with AutoFlow Pro. Perfect for seamless audio & music automation.', 'Productivity Engine', 9, 0, 1);
INSERT INTO website_intents (website_id, intent_id) VALUES (875, 5);
INSERT INTO website_intents (website_id, intent_id) VALUES (875, 4);
INSERT INTO website_personas (website_id, persona_id) VALUES (875, 3);
INSERT INTO websites (id, name, slug, url, short_description, purpose, category_id, click_count, is_active) VALUES (876, 'GeniSync', 'genisync-5943', 'https://genisync-5943.com', 'An incredibly advanced AI tool revolutionizing the way you handle audio & music. Try GeniSync today.', 'Creative Studio', 9, 0, 1);
INSERT INTO website_intents (website_id, intent_id) VALUES (876, 6);
INSERT INTO website_personas (website_id, persona_id) VALUES (876, 3);
INSERT INTO websites (id, name, slug, url, short_description, purpose, category_id, click_count, is_active) VALUES (877, 'QuickSync', 'quicksync-2910', 'https://quicksync-2910.com', 'An incredibly advanced AI tool revolutionizing the way you handle audio & music. Try QuickSync today.', 'Productivity Engine', 9, 0, 1);
INSERT INTO website_intents (website_id, intent_id) VALUES (877, 1);
INSERT INTO website_personas (website_id, persona_id) VALUES (877, 6);
INSERT INTO website_personas (website_id, persona_id) VALUES (877, 1);
INSERT INTO websites (id, name, slug, url, short_description, purpose, category_id, click_count, is_active) VALUES (878, 'SmartBot', 'smartbot-5087', 'https://smartbot-5087.com', 'Enhance your productivity with SmartBot. Perfect for seamless audio & music automation.', 'Creative Studio', 9, 0, 1);
INSERT INTO website_intents (website_id, intent_id) VALUES (878, 2);
INSERT INTO website_intents (website_id, intent_id) VALUES (878, 4);
INSERT INTO website_personas (website_id, persona_id) VALUES (878, 4);
INSERT INTO website_personas (website_id, persona_id) VALUES (878, 3);
INSERT INTO websites (id, name, slug, url, short_description, purpose, category_id, click_count, is_active) VALUES (879, 'Quickly Pro', 'quickly-pro-6356', 'https://quickly-pro-6356.com', 'An incredibly advanced AI tool revolutionizing the way you handle audio & music. Try Quickly Pro today.', 'Productivity Engine', 9, 0, 1);
INSERT INTO website_intents (website_id, intent_id) VALUES (879, 2);
INSERT INTO website_intents (website_id, intent_id) VALUES (879, 3);
INSERT INTO website_personas (website_id, persona_id) VALUES (879, 5);
INSERT INTO website_personas (website_id, persona_id) VALUES (879, 1);
INSERT INTO websites (id, name, slug, url, short_description, purpose, category_id, click_count, is_active) VALUES (880, 'SyntheMate', 'synthemate-6970', 'https://synthemate-6970.com', 'An incredibly advanced AI tool revolutionizing the way you handle audio & music. Try SyntheMate today.', 'Creative Studio', 9, 0, 1);
INSERT INTO website_intents (website_id, intent_id) VALUES (880, 6);
INSERT INTO website_intents (website_id, intent_id) VALUES (880, 5);
INSERT INTO website_personas (website_id, persona_id) VALUES (880, 1);
INSERT INTO websites (id, name, slug, url, short_description, purpose, category_id, click_count, is_active) VALUES (881, 'NextFlow Pro', 'nextflow-pro-5097', 'https://nextflow-pro-5097.com', 'Enhance your productivity with NextFlow Pro. Perfect for seamless audio & music automation.', 'Productivity Engine', 9, 0, 1);
INSERT INTO website_intents (website_id, intent_id) VALUES (881, 4);
INSERT INTO website_personas (website_id, persona_id) VALUES (881, 4);
INSERT INTO website_personas (website_id, persona_id) VALUES (881, 3);
INSERT INTO websites (id, name, slug, url, short_description, purpose, category_id, click_count, is_active) VALUES (882, 'Zenify', 'zenify-686', 'https://zenify-686.com', 'An incredibly advanced AI tool revolutionizing the way you handle audio & music. Try Zenify today.', 'Creative Studio', 9, 0, 1);
INSERT INTO website_intents (website_id, intent_id) VALUES (882, 3);
INSERT INTO website_intents (website_id, intent_id) VALUES (882, 2);
INSERT INTO website_personas (website_id, persona_id) VALUES (882, 4);
INSERT INTO website_personas (website_id, persona_id) VALUES (882, 1);
INSERT INTO websites (id, name, slug, url, short_description, purpose, category_id, click_count, is_active) VALUES (883, 'FlowBot Pro', 'flowbot-pro-3962', 'https://flowbot-pro-3962.com', 'An incredibly advanced AI tool revolutionizing the way you handle audio & music. Try FlowBot Pro today.', 'Productivity Engine', 9, 0, 1);
INSERT INTO website_intents (website_id, intent_id) VALUES (883, 5);
INSERT INTO website_personas (website_id, persona_id) VALUES (883, 1);
INSERT INTO websites (id, name, slug, url, short_description, purpose, category_id, click_count, is_active) VALUES (884, 'AutoMind Pro', 'automind-pro-995', 'https://automind-pro-995.com', 'Enhance your productivity with AutoMind Pro. Perfect for seamless audio & music automation.', 'Creative Studio', 9, 0, 1);
INSERT INTO website_intents (website_id, intent_id) VALUES (884, 1);
INSERT INTO website_intents (website_id, intent_id) VALUES (884, 2);
INSERT INTO website_personas (website_id, persona_id) VALUES (884, 1);
INSERT INTO website_personas (website_id, persona_id) VALUES (884, 2);
INSERT INTO websites (id, name, slug, url, short_description, purpose, category_id, click_count, is_active) VALUES (885, 'DeepBase', 'deepbase-3925', 'https://deepbase-3925.com', 'An incredibly advanced AI tool revolutionizing the way you handle audio & music. Try DeepBase today.', 'Productivity Engine', 9, 0, 1);
INSERT INTO website_intents (website_id, intent_id) VALUES (885, 1);
INSERT INTO website_personas (website_id, persona_id) VALUES (885, 1);
INSERT INTO website_personas (website_id, persona_id) VALUES (885, 2);
INSERT INTO websites (id, name, slug, url, short_description, purpose, category_id, click_count, is_active) VALUES (886, 'Smartly', 'smartly-6871', 'https://smartly-6871.com', 'An incredibly advanced AI tool revolutionizing the way you handle audio & music. Try Smartly today.', 'Creative Studio', 9, 0, 1);
INSERT INTO website_intents (website_id, intent_id) VALUES (886, 1);
INSERT INTO website_personas (website_id, persona_id) VALUES (886, 6);
INSERT INTO websites (id, name, slug, url, short_description, purpose, category_id, click_count, is_active) VALUES (887, 'FlowBot', 'flowbot-1378', 'https://flowbot-1378.com', 'Enhance your productivity with FlowBot. Perfect for seamless audio & music automation.', 'Productivity Engine', 9, 0, 1);
INSERT INTO website_intents (website_id, intent_id) VALUES (887, 1);
INSERT INTO website_personas (website_id, persona_id) VALUES (887, 2);
INSERT INTO website_personas (website_id, persona_id) VALUES (887, 5);
INSERT INTO websites (id, name, slug, url, short_description, purpose, category_id, click_count, is_active) VALUES (888, 'AutoBot Pro', 'autobot-pro-6863', 'https://autobot-pro-6863.com', 'An incredibly advanced AI tool revolutionizing the way you handle audio & music. Try AutoBot Pro today.', 'Creative Studio', 9, 0, 1);
INSERT INTO website_intents (website_id, intent_id) VALUES (888, 3);
INSERT INTO website_personas (website_id, persona_id) VALUES (888, 1);
INSERT INTO websites (id, name, slug, url, short_description, purpose, category_id, click_count, is_active) VALUES (889, 'VibeCraft', 'vibecraft-2395', 'https://vibecraft-2395.com', 'An incredibly advanced AI tool revolutionizing the way you handle audio & music. Try VibeCraft today.', 'Productivity Engine', 9, 0, 1);
INSERT INTO website_intents (website_id, intent_id) VALUES (889, 1);
INSERT INTO website_intents (website_id, intent_id) VALUES (889, 4);
INSERT INTO website_personas (website_id, persona_id) VALUES (889, 2);
INSERT INTO websites (id, name, slug, url, short_description, purpose, category_id, click_count, is_active) VALUES (890, 'Proly', 'proly-2843', 'https://proly-2843.com', 'Enhance your productivity with Proly. Perfect for seamless audio & music automation.', 'Creative Studio', 9, 0, 1);
INSERT INTO website_intents (website_id, intent_id) VALUES (890, 1);
INSERT INTO website_intents (website_id, intent_id) VALUES (890, 2);
INSERT INTO website_personas (website_id, persona_id) VALUES (890, 2);
INSERT INTO website_personas (website_id, persona_id) VALUES (890, 6);
INSERT INTO websites (id, name, slug, url, short_description, purpose, category_id, click_count, is_active) VALUES (891, 'GeniAI Pro', 'geniai-pro-6411', 'https://geniai-pro-6411.com', 'An incredibly advanced AI tool revolutionizing the way you handle audio & music. Try GeniAI Pro today.', 'Productivity Engine', 9, 0, 1);
INSERT INTO website_intents (website_id, intent_id) VALUES (891, 6);
INSERT INTO website_personas (website_id, persona_id) VALUES (891, 6);
INSERT INTO website_personas (website_id, persona_id) VALUES (891, 5);
INSERT INTO websites (id, name, slug, url, short_description, purpose, category_id, click_count, is_active) VALUES (892, 'ZenMate', 'zenmate-3212', 'https://zenmate-3212.com', 'An incredibly advanced AI tool revolutionizing the way you handle audio & music. Try ZenMate today.', 'Creative Studio', 9, 0, 1);
INSERT INTO website_intents (website_id, intent_id) VALUES (892, 4);
INSERT INTO website_intents (website_id, intent_id) VALUES (892, 3);
INSERT INTO website_personas (website_id, persona_id) VALUES (892, 1);
INSERT INTO website_personas (website_id, persona_id) VALUES (892, 2);
INSERT INTO websites (id, name, slug, url, short_description, purpose, category_id, click_count, is_active) VALUES (893, 'DeepForge Pro', 'deepforge-pro-9638', 'https://deepforge-pro-9638.com', 'Enhance your productivity with DeepForge Pro. Perfect for seamless audio & music automation.', 'Productivity Engine', 9, 0, 1);
INSERT INTO website_intents (website_id, intent_id) VALUES (893, 6);
INSERT INTO website_personas (website_id, persona_id) VALUES (893, 3);
INSERT INTO website_personas (website_id, persona_id) VALUES (893, 4);
INSERT INTO websites (id, name, slug, url, short_description, purpose, category_id, click_count, is_active) VALUES (894, 'NextGen Pro', 'nextgen-pro-8529', 'https://nextgen-pro-8529.com', 'An incredibly advanced AI tool revolutionizing the way you handle audio & music. Try NextGen Pro today.', 'Creative Studio', 9, 0, 1);
INSERT INTO website_intents (website_id, intent_id) VALUES (894, 1);
INSERT INTO website_intents (website_id, intent_id) VALUES (894, 4);
INSERT INTO website_personas (website_id, persona_id) VALUES (894, 4);
INSERT INTO websites (id, name, slug, url, short_description, purpose, category_id, click_count, is_active) VALUES (895, 'VibeGen', 'vibegen-3117', 'https://vibegen-3117.com', 'An incredibly advanced AI tool revolutionizing the way you handle audio & music. Try VibeGen today.', 'Productivity Engine', 9, 0, 1);
INSERT INTO website_intents (website_id, intent_id) VALUES (895, 5);
INSERT INTO website_intents (website_id, intent_id) VALUES (895, 1);
INSERT INTO website_personas (website_id, persona_id) VALUES (895, 1);
INSERT INTO website_personas (website_id, persona_id) VALUES (895, 2);
INSERT INTO websites (id, name, slug, url, short_description, purpose, category_id, click_count, is_active) VALUES (896, 'VibeMate', 'vibemate-5060', 'https://vibemate-5060.com', 'Enhance your productivity with VibeMate. Perfect for seamless audio & music automation.', 'Creative Studio', 9, 0, 1);
INSERT INTO website_intents (website_id, intent_id) VALUES (896, 6);
INSERT INTO website_personas (website_id, persona_id) VALUES (896, 2);
INSERT INTO website_personas (website_id, persona_id) VALUES (896, 4);
INSERT INTO websites (id, name, slug, url, short_description, purpose, category_id, click_count, is_active) VALUES (897, 'VibeSync', 'vibesync-1422', 'https://vibesync-1422.com', 'An incredibly advanced AI tool revolutionizing the way you handle audio & music. Try VibeSync today.', 'Productivity Engine', 9, 0, 1);
INSERT INTO website_intents (website_id, intent_id) VALUES (897, 1);
INSERT INTO website_intents (website_id, intent_id) VALUES (897, 4);
INSERT INTO website_personas (website_id, persona_id) VALUES (897, 5);
INSERT INTO website_personas (website_id, persona_id) VALUES (897, 4);
INSERT INTO websites (id, name, slug, url, short_description, purpose, category_id, click_count, is_active) VALUES (898, 'HyperMind', 'hypermind-746', 'https://hypermind-746.com', 'An incredibly advanced AI tool revolutionizing the way you handle audio & music. Try HyperMind today.', 'Creative Studio', 9, 0, 1);
INSERT INTO website_intents (website_id, intent_id) VALUES (898, 5);
INSERT INTO website_personas (website_id, persona_id) VALUES (898, 6);
INSERT INTO websites (id, name, slug, url, short_description, purpose, category_id, click_count, is_active) VALUES (899, 'ProGen Pro', 'progen-pro-4050', 'https://progen-pro-4050.com', 'Enhance your productivity with ProGen Pro. Perfect for seamless audio & music automation.', 'Productivity Engine', 9, 0, 1);
INSERT INTO website_intents (website_id, intent_id) VALUES (899, 2);
INSERT INTO website_personas (website_id, persona_id) VALUES (899, 1);
INSERT INTO websites (id, name, slug, url, short_description, purpose, category_id, click_count, is_active) VALUES (900, 'SmartFlow', 'smartflow-2935', 'https://smartflow-2935.com', 'An incredibly advanced AI tool revolutionizing the way you handle audio & music. Try SmartFlow today.', 'Creative Studio', 9, 0, 1);
INSERT INTO website_intents (website_id, intent_id) VALUES (900, 6);
INSERT INTO website_intents (website_id, intent_id) VALUES (900, 3);
INSERT INTO website_personas (website_id, persona_id) VALUES (900, 4);
INSERT INTO websites (id, name, slug, url, short_description, purpose, category_id, click_count, is_active) VALUES (901, 'SyntheBot', 'synthebot-4940', 'https://synthebot-4940.com', 'An incredibly advanced AI tool revolutionizing the way you handle audio & music. Try SyntheBot today.', 'Productivity Engine', 9, 0, 1);
INSERT INTO website_intents (website_id, intent_id) VALUES (901, 3);
INSERT INTO website_personas (website_id, persona_id) VALUES (901, 4);
INSERT INTO websites (id, name, slug, url, short_description, purpose, category_id, click_count, is_active) VALUES (902, 'QuickBot', 'quickbot-7712', 'https://quickbot-7712.com', 'Enhance your productivity with QuickBot. Perfect for seamless audio & music automation.', 'Creative Studio', 9, 0, 1);
INSERT INTO website_intents (website_id, intent_id) VALUES (902, 4);
INSERT INTO website_personas (website_id, persona_id) VALUES (902, 2);
INSERT INTO website_personas (website_id, persona_id) VALUES (902, 4);
INSERT INTO websites (id, name, slug, url, short_description, purpose, category_id, click_count, is_active) VALUES (903, 'Nextly', 'nextly-9903', 'https://nextly-9903.com', 'An incredibly advanced AI tool revolutionizing the way you handle audio & music. Try Nextly today.', 'Productivity Engine', 9, 0, 1);
INSERT INTO website_intents (website_id, intent_id) VALUES (903, 1);
INSERT INTO website_intents (website_id, intent_id) VALUES (903, 2);
INSERT INTO website_personas (website_id, persona_id) VALUES (903, 1);
INSERT INTO website_personas (website_id, persona_id) VALUES (903, 2);
INSERT INTO websites (id, name, slug, url, short_description, purpose, category_id, click_count, is_active) VALUES (904, 'QuickBase Pro', 'quickbase-pro-6613', 'https://quickbase-pro-6613.com', 'An incredibly advanced AI tool revolutionizing the way you handle audio & music. Try QuickBase Pro today.', 'Creative Studio', 9, 0, 1);
INSERT INTO website_intents (website_id, intent_id) VALUES (904, 3);
INSERT INTO website_personas (website_id, persona_id) VALUES (904, 4);
INSERT INTO website_personas (website_id, persona_id) VALUES (904, 3);
INSERT INTO websites (id, name, slug, url, short_description, purpose, category_id, click_count, is_active) VALUES (905, 'CogniGen', 'cognigen-5579', 'https://cognigen-5579.com', 'Enhance your productivity with CogniGen. Perfect for seamless audio & music automation.', 'Productivity Engine', 9, 0, 1);
INSERT INTO website_intents (website_id, intent_id) VALUES (905, 6);
INSERT INTO website_personas (website_id, persona_id) VALUES (905, 3);
INSERT INTO website_personas (website_id, persona_id) VALUES (905, 2);
INSERT INTO websites (id, name, slug, url, short_description, purpose, category_id, click_count, is_active) VALUES (906, 'Vibely Pro', 'vibely-pro-4187', 'https://vibely-pro-4187.com', 'An incredibly advanced AI tool revolutionizing the way you handle audio & music. Try Vibely Pro today.', 'Creative Studio', 9, 0, 1);
INSERT INTO website_intents (website_id, intent_id) VALUES (906, 3);
INSERT INTO website_personas (website_id, persona_id) VALUES (906, 3);
INSERT INTO website_personas (website_id, persona_id) VALUES (906, 2);
INSERT INTO websites (id, name, slug, url, short_description, purpose, category_id, click_count, is_active) VALUES (907, 'GeniSync', 'genisync-5157', 'https://genisync-5157.com', 'An incredibly advanced AI tool revolutionizing the way you handle audio & music. Try GeniSync today.', 'Productivity Engine', 9, 0, 1);
INSERT INTO website_intents (website_id, intent_id) VALUES (907, 1);
INSERT INTO website_intents (website_id, intent_id) VALUES (907, 6);
INSERT INTO website_personas (website_id, persona_id) VALUES (907, 1);
INSERT INTO website_personas (website_id, persona_id) VALUES (907, 2);
INSERT INTO websites (id, name, slug, url, short_description, purpose, category_id, click_count, is_active) VALUES (908, 'CogniGen', 'cognigen-6032', 'https://cognigen-6032.com', 'Enhance your productivity with CogniGen. Perfect for seamless audio & music automation.', 'Creative Studio', 9, 0, 1);
INSERT INTO website_intents (website_id, intent_id) VALUES (908, 1);
INSERT INTO website_personas (website_id, persona_id) VALUES (908, 3);
INSERT INTO website_personas (website_id, persona_id) VALUES (908, 2);
INSERT INTO websites (id, name, slug, url, short_description, purpose, category_id, click_count, is_active) VALUES (909, 'CogniGen', 'cognigen-1180', 'https://cognigen-1180.com', 'An incredibly advanced AI tool revolutionizing the way you handle audio & music. Try CogniGen today.', 'Productivity Engine', 9, 0, 1);
INSERT INTO website_intents (website_id, intent_id) VALUES (909, 3);
INSERT INTO website_personas (website_id, persona_id) VALUES (909, 3);
INSERT INTO websites (id, name, slug, url, short_description, purpose, category_id, click_count, is_active) VALUES (910, 'NextMate', 'nextmate-2330', 'https://nextmate-2330.com', 'An incredibly advanced AI tool revolutionizing the way you handle audio & music. Try NextMate today.', 'Creative Studio', 9, 0, 1);
INSERT INTO website_intents (website_id, intent_id) VALUES (910, 5);
INSERT INTO website_intents (website_id, intent_id) VALUES (910, 4);
INSERT INTO website_personas (website_id, persona_id) VALUES (910, 4);
INSERT INTO website_personas (website_id, persona_id) VALUES (910, 5);
INSERT INTO websites (id, name, slug, url, short_description, purpose, category_id, click_count, is_active) VALUES (911, 'QuickGen Pro', 'quickgen-pro-7633', 'https://quickgen-pro-7633.com', 'Enhance your productivity with QuickGen Pro. Perfect for seamless audio & music automation.', 'Productivity Engine', 9, 0, 1);
INSERT INTO website_intents (website_id, intent_id) VALUES (911, 2);
INSERT INTO website_intents (website_id, intent_id) VALUES (911, 5);
INSERT INTO website_personas (website_id, persona_id) VALUES (911, 2);
INSERT INTO websites (id, name, slug, url, short_description, purpose, category_id, click_count, is_active) VALUES (912, 'DeepBot Pro', 'deepbot-pro-3403', 'https://deepbot-pro-3403.com', 'An incredibly advanced AI tool revolutionizing the way you handle audio & music. Try DeepBot Pro today.', 'Creative Studio', 9, 0, 1);
INSERT INTO website_intents (website_id, intent_id) VALUES (912, 4);
INSERT INTO website_personas (website_id, persona_id) VALUES (912, 1);
INSERT INTO website_personas (website_id, persona_id) VALUES (912, 3);
INSERT INTO websites (id, name, slug, url, short_description, purpose, category_id, click_count, is_active) VALUES (913, 'Nextify', 'nextify-4464', 'https://nextify-4464.com', 'An incredibly advanced AI tool revolutionizing the way you handle audio & music. Try Nextify today.', 'Productivity Engine', 9, 0, 1);
INSERT INTO website_intents (website_id, intent_id) VALUES (913, 1);
INSERT INTO website_intents (website_id, intent_id) VALUES (913, 2);
INSERT INTO website_personas (website_id, persona_id) VALUES (913, 2);
INSERT INTO websites (id, name, slug, url, short_description, purpose, category_id, click_count, is_active) VALUES (914, 'Zenify', 'zenify-2804', 'https://zenify-2804.com', 'Enhance your productivity with Zenify. Perfect for seamless audio & music automation.', 'Creative Studio', 9, 0, 1);
INSERT INTO website_intents (website_id, intent_id) VALUES (914, 6);
INSERT INTO website_intents (website_id, intent_id) VALUES (914, 5);
INSERT INTO website_personas (website_id, persona_id) VALUES (914, 5);
INSERT INTO website_personas (website_id, persona_id) VALUES (914, 4);
INSERT INTO websites (id, name, slug, url, short_description, purpose, category_id, click_count, is_active) VALUES (915, 'Syntheify', 'syntheify-402', 'https://syntheify-402.com', 'Enhance your productivity with Syntheify. Perfect for seamless presentation & document automation.', 'Productivity Engine', 10, 0, 1);
INSERT INTO website_intents (website_id, intent_id) VALUES (915, 3);
INSERT INTO website_personas (website_id, persona_id) VALUES (915, 1);
INSERT INTO website_personas (website_id, persona_id) VALUES (915, 2);
INSERT INTO websites (id, name, slug, url, short_description, purpose, category_id, click_count, is_active) VALUES (916, 'SyntheAI Pro', 'syntheai-pro-1725', 'https://syntheai-pro-1725.com', 'An incredibly advanced AI tool revolutionizing the way you handle presentation & document. Try SyntheAI Pro today.', 'Creative Studio', 10, 0, 1);
INSERT INTO website_intents (website_id, intent_id) VALUES (916, 1);
INSERT INTO website_personas (website_id, persona_id) VALUES (916, 3);
INSERT INTO website_personas (website_id, persona_id) VALUES (916, 2);
INSERT INTO websites (id, name, slug, url, short_description, purpose, category_id, click_count, is_active) VALUES (917, 'HyperBase', 'hyperbase-8539', 'https://hyperbase-8539.com', 'An incredibly advanced AI tool revolutionizing the way you handle presentation & document. Try HyperBase today.', 'Productivity Engine', 10, 0, 1);
INSERT INTO website_intents (website_id, intent_id) VALUES (917, 6);
INSERT INTO website_intents (website_id, intent_id) VALUES (917, 2);
INSERT INTO website_personas (website_id, persona_id) VALUES (917, 2);
INSERT INTO websites (id, name, slug, url, short_description, purpose, category_id, click_count, is_active) VALUES (918, 'FlowBot', 'flowbot-1283', 'https://flowbot-1283.com', 'Enhance your productivity with FlowBot. Perfect for seamless presentation & document automation.', 'Creative Studio', 10, 0, 1);
INSERT INTO website_intents (website_id, intent_id) VALUES (918, 1);
INSERT INTO website_personas (website_id, persona_id) VALUES (918, 1);
INSERT INTO website_personas (website_id, persona_id) VALUES (918, 2);
INSERT INTO websites (id, name, slug, url, short_description, purpose, category_id, click_count, is_active) VALUES (919, 'SyntheSync', 'synthesync-9427', 'https://synthesync-9427.com', 'An incredibly advanced AI tool revolutionizing the way you handle presentation & document. Try SyntheSync today.', 'Productivity Engine', 10, 0, 1);
INSERT INTO website_intents (website_id, intent_id) VALUES (919, 4);
INSERT INTO website_intents (website_id, intent_id) VALUES (919, 3);
INSERT INTO website_personas (website_id, persona_id) VALUES (919, 6);
INSERT INTO website_personas (website_id, persona_id) VALUES (919, 2);
INSERT INTO websites (id, name, slug, url, short_description, purpose, category_id, click_count, is_active) VALUES (920, 'SyntheCraft Pro', 'synthecraft-pro-9242', 'https://synthecraft-pro-9242.com', 'An incredibly advanced AI tool revolutionizing the way you handle presentation & document. Try SyntheCraft Pro today.', 'Creative Studio', 10, 0, 1);
INSERT INTO website_intents (website_id, intent_id) VALUES (920, 1);
INSERT INTO website_intents (website_id, intent_id) VALUES (920, 2);
INSERT INTO website_personas (website_id, persona_id) VALUES (920, 2);
INSERT INTO websites (id, name, slug, url, short_description, purpose, category_id, click_count, is_active) VALUES (921, 'ProAI', 'proai-1257', 'https://proai-1257.com', 'Enhance your productivity with ProAI. Perfect for seamless presentation & document automation.', 'Productivity Engine', 10, 0, 1);
INSERT INTO website_intents (website_id, intent_id) VALUES (921, 4);
INSERT INTO website_personas (website_id, persona_id) VALUES (921, 1);
INSERT INTO website_personas (website_id, persona_id) VALUES (921, 6);
INSERT INTO websites (id, name, slug, url, short_description, purpose, category_id, click_count, is_active) VALUES (922, 'GeniFlow', 'geniflow-5991', 'https://geniflow-5991.com', 'An incredibly advanced AI tool revolutionizing the way you handle presentation & document. Try GeniFlow today.', 'Creative Studio', 10, 0, 1);
INSERT INTO website_intents (website_id, intent_id) VALUES (922, 1);
INSERT INTO website_personas (website_id, persona_id) VALUES (922, 2);
INSERT INTO websites (id, name, slug, url, short_description, purpose, category_id, click_count, is_active) VALUES (923, 'VibeAI Pro', 'vibeai-pro-6650', 'https://vibeai-pro-6650.com', 'An incredibly advanced AI tool revolutionizing the way you handle presentation & document. Try VibeAI Pro today.', 'Productivity Engine', 10, 0, 1);
INSERT INTO website_intents (website_id, intent_id) VALUES (923, 6);
INSERT INTO website_intents (website_id, intent_id) VALUES (923, 5);
INSERT INTO website_personas (website_id, persona_id) VALUES (923, 2);
INSERT INTO websites (id, name, slug, url, short_description, purpose, category_id, click_count, is_active) VALUES (924, 'QuickMate Pro', 'quickmate-pro-4154', 'https://quickmate-pro-4154.com', 'Enhance your productivity with QuickMate Pro. Perfect for seamless presentation & document automation.', 'Creative Studio', 10, 0, 1);
INSERT INTO website_intents (website_id, intent_id) VALUES (924, 5);
INSERT INTO website_personas (website_id, persona_id) VALUES (924, 4);
INSERT INTO website_personas (website_id, persona_id) VALUES (924, 3);
INSERT INTO websites (id, name, slug, url, short_description, purpose, category_id, click_count, is_active) VALUES (925, 'DeepAI Pro', 'deepai-pro-288', 'https://deepai-pro-288.com', 'An incredibly advanced AI tool revolutionizing the way you handle presentation & document. Try DeepAI Pro today.', 'Productivity Engine', 10, 0, 1);
INSERT INTO website_intents (website_id, intent_id) VALUES (925, 1);
INSERT INTO website_intents (website_id, intent_id) VALUES (925, 4);
INSERT INTO website_personas (website_id, persona_id) VALUES (925, 4);
INSERT INTO websites (id, name, slug, url, short_description, purpose, category_id, click_count, is_active) VALUES (926, 'Cognily', 'cognily-4722', 'https://cognily-4722.com', 'An incredibly advanced AI tool revolutionizing the way you handle presentation & document. Try Cognily today.', 'Creative Studio', 10, 0, 1);
INSERT INTO website_intents (website_id, intent_id) VALUES (926, 1);
INSERT INTO website_personas (website_id, persona_id) VALUES (926, 2);
INSERT INTO website_personas (website_id, persona_id) VALUES (926, 3);
INSERT INTO websites (id, name, slug, url, short_description, purpose, category_id, click_count, is_active) VALUES (927, 'Quickly Pro', 'quickly-pro-5607', 'https://quickly-pro-5607.com', 'Enhance your productivity with Quickly Pro. Perfect for seamless presentation & document automation.', 'Productivity Engine', 10, 0, 1);
INSERT INTO website_intents (website_id, intent_id) VALUES (927, 6);
INSERT INTO website_personas (website_id, persona_id) VALUES (927, 2);
INSERT INTO websites (id, name, slug, url, short_description, purpose, category_id, click_count, is_active) VALUES (928, 'HyperGen', 'hypergen-9126', 'https://hypergen-9126.com', 'An incredibly advanced AI tool revolutionizing the way you handle presentation & document. Try HyperGen today.', 'Creative Studio', 10, 0, 1);
INSERT INTO website_intents (website_id, intent_id) VALUES (928, 1);
INSERT INTO website_personas (website_id, persona_id) VALUES (928, 1);
INSERT INTO website_personas (website_id, persona_id) VALUES (928, 2);
INSERT INTO websites (id, name, slug, url, short_description, purpose, category_id, click_count, is_active) VALUES (929, 'ProMind Pro', 'promind-pro-2934', 'https://promind-pro-2934.com', 'An incredibly advanced AI tool revolutionizing the way you handle presentation & document. Try ProMind Pro today.', 'Productivity Engine', 10, 0, 1);
INSERT INTO website_intents (website_id, intent_id) VALUES (929, 1);
INSERT INTO website_personas (website_id, persona_id) VALUES (929, 2);
INSERT INTO websites (id, name, slug, url, short_description, purpose, category_id, click_count, is_active) VALUES (930, 'Smartly Pro', 'smartly-pro-4535', 'https://smartly-pro-4535.com', 'Enhance your productivity with Smartly Pro. Perfect for seamless presentation & document automation.', 'Creative Studio', 10, 0, 1);
INSERT INTO website_intents (website_id, intent_id) VALUES (930, 5);
INSERT INTO website_personas (website_id, persona_id) VALUES (930, 3);
INSERT INTO website_personas (website_id, persona_id) VALUES (930, 2);
INSERT INTO websites (id, name, slug, url, short_description, purpose, category_id, click_count, is_active) VALUES (931, 'ZenCraft', 'zencraft-4413', 'https://zencraft-4413.com', 'An incredibly advanced AI tool revolutionizing the way you handle presentation & document. Try ZenCraft today.', 'Productivity Engine', 10, 0, 1);
INSERT INTO website_intents (website_id, intent_id) VALUES (931, 5);
INSERT INTO website_intents (website_id, intent_id) VALUES (931, 4);
INSERT INTO website_personas (website_id, persona_id) VALUES (931, 4);
INSERT INTO website_personas (website_id, persona_id) VALUES (931, 3);
INSERT INTO websites (id, name, slug, url, short_description, purpose, category_id, click_count, is_active) VALUES (932, 'ZenForge', 'zenforge-6170', 'https://zenforge-6170.com', 'An incredibly advanced AI tool revolutionizing the way you handle presentation & document. Try ZenForge today.', 'Creative Studio', 10, 0, 1);
INSERT INTO website_intents (website_id, intent_id) VALUES (932, 2);
INSERT INTO website_personas (website_id, persona_id) VALUES (932, 4);
INSERT INTO websites (id, name, slug, url, short_description, purpose, category_id, click_count, is_active) VALUES (933, 'CogniCraft Pro', 'cognicraft-pro-7989', 'https://cognicraft-pro-7989.com', 'Enhance your productivity with CogniCraft Pro. Perfect for seamless presentation & document automation.', 'Productivity Engine', 10, 0, 1);
INSERT INTO website_intents (website_id, intent_id) VALUES (933, 6);
INSERT INTO website_personas (website_id, persona_id) VALUES (933, 2);
INSERT INTO websites (id, name, slug, url, short_description, purpose, category_id, click_count, is_active) VALUES (934, 'AutoBase Pro', 'autobase-pro-2139', 'https://autobase-pro-2139.com', 'An incredibly advanced AI tool revolutionizing the way you handle presentation & document. Try AutoBase Pro today.', 'Creative Studio', 10, 0, 1);
INSERT INTO website_intents (website_id, intent_id) VALUES (934, 1);
INSERT INTO website_personas (website_id, persona_id) VALUES (934, 2);
INSERT INTO websites (id, name, slug, url, short_description, purpose, category_id, click_count, is_active) VALUES (935, 'VibeGen', 'vibegen-9924', 'https://vibegen-9924.com', 'An incredibly advanced AI tool revolutionizing the way you handle presentation & document. Try VibeGen today.', 'Productivity Engine', 10, 0, 1);
INSERT INTO website_intents (website_id, intent_id) VALUES (935, 2);
INSERT INTO website_personas (website_id, persona_id) VALUES (935, 5);
INSERT INTO websites (id, name, slug, url, short_description, purpose, category_id, click_count, is_active) VALUES (936, 'SyntheBot Pro', 'synthebot-pro-9190', 'https://synthebot-pro-9190.com', 'Enhance your productivity with SyntheBot Pro. Perfect for seamless presentation & document automation.', 'Creative Studio', 10, 0, 1);
INSERT INTO website_intents (website_id, intent_id) VALUES (936, 2);
INSERT INTO website_personas (website_id, persona_id) VALUES (936, 2);
INSERT INTO websites (id, name, slug, url, short_description, purpose, category_id, click_count, is_active) VALUES (937, 'AutoFlow', 'autoflow-7496', 'https://autoflow-7496.com', 'An incredibly advanced AI tool revolutionizing the way you handle presentation & document. Try AutoFlow today.', 'Productivity Engine', 10, 0, 1);
INSERT INTO website_intents (website_id, intent_id) VALUES (937, 4);
INSERT INTO website_intents (website_id, intent_id) VALUES (937, 1);
INSERT INTO website_personas (website_id, persona_id) VALUES (937, 3);
INSERT INTO website_personas (website_id, persona_id) VALUES (937, 5);
INSERT INTO websites (id, name, slug, url, short_description, purpose, category_id, click_count, is_active) VALUES (938, 'SmartGen', 'smartgen-4744', 'https://smartgen-4744.com', 'An incredibly advanced AI tool revolutionizing the way you handle presentation & document. Try SmartGen today.', 'Creative Studio', 10, 0, 1);
INSERT INTO website_intents (website_id, intent_id) VALUES (938, 6);
INSERT INTO website_personas (website_id, persona_id) VALUES (938, 4);
INSERT INTO websites (id, name, slug, url, short_description, purpose, category_id, click_count, is_active) VALUES (939, 'Hyperify', 'hyperify-8768', 'https://hyperify-8768.com', 'Enhance your productivity with Hyperify. Perfect for seamless presentation & document automation.', 'Productivity Engine', 10, 0, 1);
INSERT INTO website_intents (website_id, intent_id) VALUES (939, 3);
INSERT INTO website_intents (website_id, intent_id) VALUES (939, 2);
INSERT INTO website_personas (website_id, persona_id) VALUES (939, 5);
INSERT INTO websites (id, name, slug, url, short_description, purpose, category_id, click_count, is_active) VALUES (940, 'VibeBot', 'vibebot-8180', 'https://vibebot-8180.com', 'An incredibly advanced AI tool revolutionizing the way you handle presentation & document. Try VibeBot today.', 'Creative Studio', 10, 0, 1);
INSERT INTO website_intents (website_id, intent_id) VALUES (940, 1);
INSERT INTO website_intents (website_id, intent_id) VALUES (940, 6);
INSERT INTO website_personas (website_id, persona_id) VALUES (940, 5);
INSERT INTO websites (id, name, slug, url, short_description, purpose, category_id, click_count, is_active) VALUES (941, 'Proify', 'proify-7108', 'https://proify-7108.com', 'An incredibly advanced AI tool revolutionizing the way you handle presentation & document. Try Proify today.', 'Productivity Engine', 10, 0, 1);
INSERT INTO website_intents (website_id, intent_id) VALUES (941, 4);
INSERT INTO website_personas (website_id, persona_id) VALUES (941, 5);
INSERT INTO websites (id, name, slug, url, short_description, purpose, category_id, click_count, is_active) VALUES (942, 'ProMind Pro', 'promind-pro-7266', 'https://promind-pro-7266.com', 'Enhance your productivity with ProMind Pro. Perfect for seamless presentation & document automation.', 'Creative Studio', 10, 0, 1);
INSERT INTO website_intents (website_id, intent_id) VALUES (942, 1);
INSERT INTO website_intents (website_id, intent_id) VALUES (942, 2);
INSERT INTO website_personas (website_id, persona_id) VALUES (942, 1);
INSERT INTO websites (id, name, slug, url, short_description, purpose, category_id, click_count, is_active) VALUES (943, 'Hyperify', 'hyperify-1221', 'https://hyperify-1221.com', 'An incredibly advanced AI tool revolutionizing the way you handle presentation & document. Try Hyperify today.', 'Productivity Engine', 10, 0, 1);
INSERT INTO website_intents (website_id, intent_id) VALUES (943, 2);
INSERT INTO website_intents (website_id, intent_id) VALUES (943, 1);
INSERT INTO website_personas (website_id, persona_id) VALUES (943, 3);
INSERT INTO websites (id, name, slug, url, short_description, purpose, category_id, click_count, is_active) VALUES (944, 'ProAI', 'proai-124', 'https://proai-124.com', 'An incredibly advanced AI tool revolutionizing the way you handle presentation & document. Try ProAI today.', 'Creative Studio', 10, 0, 1);
INSERT INTO website_intents (website_id, intent_id) VALUES (944, 3);
INSERT INTO website_intents (website_id, intent_id) VALUES (944, 4);
INSERT INTO website_personas (website_id, persona_id) VALUES (944, 2);
INSERT INTO websites (id, name, slug, url, short_description, purpose, category_id, click_count, is_active) VALUES (945, 'FlowBase Pro', 'flowbase-pro-161', 'https://flowbase-pro-161.com', 'Enhance your productivity with FlowBase Pro. Perfect for seamless presentation & document automation.', 'Productivity Engine', 10, 0, 1);
INSERT INTO website_intents (website_id, intent_id) VALUES (945, 1);
INSERT INTO website_personas (website_id, persona_id) VALUES (945, 1);
INSERT INTO website_personas (website_id, persona_id) VALUES (945, 2);
INSERT INTO websites (id, name, slug, url, short_description, purpose, category_id, click_count, is_active) VALUES (946, 'ProBot Pro', 'probot-pro-2531', 'https://probot-pro-2531.com', 'An incredibly advanced AI tool revolutionizing the way you handle presentation & document. Try ProBot Pro today.', 'Creative Studio', 10, 0, 1);
INSERT INTO website_intents (website_id, intent_id) VALUES (946, 5);
INSERT INTO website_personas (website_id, persona_id) VALUES (946, 1);
INSERT INTO websites (id, name, slug, url, short_description, purpose, category_id, click_count, is_active) VALUES (947, 'HyperSync Pro', 'hypersync-pro-1160', 'https://hypersync-pro-1160.com', 'An incredibly advanced AI tool revolutionizing the way you handle presentation & document. Try HyperSync Pro today.', 'Productivity Engine', 10, 0, 1);
INSERT INTO website_intents (website_id, intent_id) VALUES (947, 1);
INSERT INTO website_personas (website_id, persona_id) VALUES (947, 4);
INSERT INTO websites (id, name, slug, url, short_description, purpose, category_id, click_count, is_active) VALUES (948, 'NextFlow', 'nextflow-7287', 'https://nextflow-7287.com', 'Enhance your productivity with NextFlow. Perfect for seamless presentation & document automation.', 'Creative Studio', 10, 0, 1);
INSERT INTO website_intents (website_id, intent_id) VALUES (948, 5);
INSERT INTO website_intents (website_id, intent_id) VALUES (948, 6);
INSERT INTO website_personas (website_id, persona_id) VALUES (948, 1);
INSERT INTO websites (id, name, slug, url, short_description, purpose, category_id, click_count, is_active) VALUES (949, 'SmartGen', 'smartgen-4764', 'https://smartgen-4764.com', 'An incredibly advanced AI tool revolutionizing the way you handle presentation & document. Try SmartGen today.', 'Productivity Engine', 10, 0, 1);
INSERT INTO website_intents (website_id, intent_id) VALUES (949, 2);
INSERT INTO website_personas (website_id, persona_id) VALUES (949, 1);
INSERT INTO websites (id, name, slug, url, short_description, purpose, category_id, click_count, is_active) VALUES (950, 'DeepForge Pro', 'deepforge-pro-9461', 'https://deepforge-pro-9461.com', 'An incredibly advanced AI tool revolutionizing the way you handle presentation & document. Try DeepForge Pro today.', 'Creative Studio', 10, 0, 1);
INSERT INTO website_intents (website_id, intent_id) VALUES (950, 6);
INSERT INTO website_intents (website_id, intent_id) VALUES (950, 5);
INSERT INTO website_personas (website_id, persona_id) VALUES (950, 1);
INSERT INTO websites (id, name, slug, url, short_description, purpose, category_id, click_count, is_active) VALUES (951, 'QuickAI Pro', 'quickai-pro-5200', 'https://quickai-pro-5200.com', 'Enhance your productivity with QuickAI Pro. Perfect for seamless presentation & document automation.', 'Productivity Engine', 10, 0, 1);
INSERT INTO website_intents (website_id, intent_id) VALUES (951, 3);
INSERT INTO website_personas (website_id, persona_id) VALUES (951, 3);
INSERT INTO websites (id, name, slug, url, short_description, purpose, category_id, click_count, is_active) VALUES (952, 'Quickify', 'quickify-2079', 'https://quickify-2079.com', 'An incredibly advanced AI tool revolutionizing the way you handle presentation & document. Try Quickify today.', 'Creative Studio', 10, 0, 1);
INSERT INTO website_intents (website_id, intent_id) VALUES (952, 2);
INSERT INTO website_intents (website_id, intent_id) VALUES (952, 3);
INSERT INTO website_personas (website_id, persona_id) VALUES (952, 2);
INSERT INTO websites (id, name, slug, url, short_description, purpose, category_id, click_count, is_active) VALUES (953, 'Vibely', 'vibely-6634', 'https://vibely-6634.com', 'An incredibly advanced AI tool revolutionizing the way you handle presentation & document. Try Vibely today.', 'Productivity Engine', 10, 0, 1);
INSERT INTO website_intents (website_id, intent_id) VALUES (953, 3);
INSERT INTO website_intents (website_id, intent_id) VALUES (953, 2);
INSERT INTO website_personas (website_id, persona_id) VALUES (953, 1);
INSERT INTO websites (id, name, slug, url, short_description, purpose, category_id, click_count, is_active) VALUES (954, 'FlowForge', 'flowforge-3826', 'https://flowforge-3826.com', 'Enhance your productivity with FlowForge. Perfect for seamless presentation & document automation.', 'Creative Studio', 10, 0, 1);
INSERT INTO website_intents (website_id, intent_id) VALUES (954, 4);
INSERT INTO website_personas (website_id, persona_id) VALUES (954, 3);
INSERT INTO website_personas (website_id, persona_id) VALUES (954, 6);
INSERT INTO websites (id, name, slug, url, short_description, purpose, category_id, click_count, is_active) VALUES (955, 'SmartCraft', 'smartcraft-1805', 'https://smartcraft-1805.com', 'An incredibly advanced AI tool revolutionizing the way you handle presentation & document. Try SmartCraft today.', 'Productivity Engine', 10, 0, 1);
INSERT INTO website_intents (website_id, intent_id) VALUES (955, 1);
INSERT INTO website_personas (website_id, persona_id) VALUES (955, 4);
INSERT INTO websites (id, name, slug, url, short_description, purpose, category_id, click_count, is_active) VALUES (956, 'AutoMind', 'automind-8481', 'https://automind-8481.com', 'An incredibly advanced AI tool revolutionizing the way you handle presentation & document. Try AutoMind today.', 'Creative Studio', 10, 0, 1);
INSERT INTO website_intents (website_id, intent_id) VALUES (956, 4);
INSERT INTO website_intents (website_id, intent_id) VALUES (956, 3);
INSERT INTO website_personas (website_id, persona_id) VALUES (956, 2);
INSERT INTO website_personas (website_id, persona_id) VALUES (956, 1);
INSERT INTO websites (id, name, slug, url, short_description, purpose, category_id, click_count, is_active) VALUES (957, 'GeniGen', 'genigen-4807', 'https://genigen-4807.com', 'Enhance your productivity with GeniGen. Perfect for seamless presentation & document automation.', 'Productivity Engine', 10, 0, 1);
INSERT INTO website_intents (website_id, intent_id) VALUES (957, 1);
INSERT INTO website_personas (website_id, persona_id) VALUES (957, 1);
INSERT INTO website_personas (website_id, persona_id) VALUES (957, 4);
INSERT INTO websites (id, name, slug, url, short_description, purpose, category_id, click_count, is_active) VALUES (958, 'FlowFlow Pro', 'flowflow-pro-7738', 'https://flowflow-pro-7738.com', 'An incredibly advanced AI tool revolutionizing the way you handle presentation & document. Try FlowFlow Pro today.', 'Creative Studio', 10, 0, 1);
INSERT INTO website_intents (website_id, intent_id) VALUES (958, 5);
INSERT INTO website_personas (website_id, persona_id) VALUES (958, 2);
INSERT INTO websites (id, name, slug, url, short_description, purpose, category_id, click_count, is_active) VALUES (959, 'ProFlow Pro', 'proflow-pro-5740', 'https://proflow-pro-5740.com', 'An incredibly advanced AI tool revolutionizing the way you handle presentation & document. Try ProFlow Pro today.', 'Productivity Engine', 10, 0, 1);
INSERT INTO website_intents (website_id, intent_id) VALUES (959, 4);
INSERT INTO website_intents (website_id, intent_id) VALUES (959, 3);
INSERT INTO website_personas (website_id, persona_id) VALUES (959, 5);
INSERT INTO website_personas (website_id, persona_id) VALUES (959, 1);
INSERT INTO websites (id, name, slug, url, short_description, purpose, category_id, click_count, is_active) VALUES (960, 'VibeSync Pro', 'vibesync-pro-4719', 'https://vibesync-pro-4719.com', 'Enhance your productivity with VibeSync Pro. Perfect for seamless presentation & document automation.', 'Creative Studio', 10, 0, 1);
INSERT INTO website_intents (website_id, intent_id) VALUES (960, 2);
INSERT INTO website_personas (website_id, persona_id) VALUES (960, 6);
INSERT INTO website_personas (website_id, persona_id) VALUES (960, 1);
INSERT INTO websites (id, name, slug, url, short_description, purpose, category_id, click_count, is_active) VALUES (961, 'HyperSync Pro', 'hypersync-pro-126', 'https://hypersync-pro-126.com', 'An incredibly advanced AI tool revolutionizing the way you handle presentation & document. Try HyperSync Pro today.', 'Productivity Engine', 10, 0, 1);
INSERT INTO website_intents (website_id, intent_id) VALUES (961, 4);
INSERT INTO website_personas (website_id, persona_id) VALUES (961, 6);
INSERT INTO websites (id, name, slug, url, short_description, purpose, category_id, click_count, is_active) VALUES (962, 'SyntheForge', 'syntheforge-8648', 'https://syntheforge-8648.com', 'An incredibly advanced AI tool revolutionizing the way you handle presentation & document. Try SyntheForge today.', 'Creative Studio', 10, 0, 1);
INSERT INTO website_intents (website_id, intent_id) VALUES (962, 4);
INSERT INTO website_intents (website_id, intent_id) VALUES (962, 3);
INSERT INTO website_personas (website_id, persona_id) VALUES (962, 5);
INSERT INTO websites (id, name, slug, url, short_description, purpose, category_id, click_count, is_active) VALUES (963, 'Zenly Pro', 'zenly-pro-9156', 'https://zenly-pro-9156.com', 'Enhance your productivity with Zenly Pro. Perfect for seamless presentation & document automation.', 'Productivity Engine', 10, 0, 1);
INSERT INTO website_intents (website_id, intent_id) VALUES (963, 5);
INSERT INTO website_intents (website_id, intent_id) VALUES (963, 3);
INSERT INTO website_personas (website_id, persona_id) VALUES (963, 1);
INSERT INTO websites (id, name, slug, url, short_description, purpose, category_id, click_count, is_active) VALUES (964, 'NextBase Pro', 'nextbase-pro-4976', 'https://nextbase-pro-4976.com', 'An incredibly advanced AI tool revolutionizing the way you handle presentation & document. Try NextBase Pro today.', 'Creative Studio', 10, 0, 1);
INSERT INTO website_intents (website_id, intent_id) VALUES (964, 2);
INSERT INTO website_intents (website_id, intent_id) VALUES (964, 6);
INSERT INTO website_personas (website_id, persona_id) VALUES (964, 1);
INSERT INTO website_personas (website_id, persona_id) VALUES (964, 2);
INSERT INTO websites (id, name, slug, url, short_description, purpose, category_id, click_count, is_active) VALUES (965, 'QuickAI', 'quickai-4144', 'https://quickai-4144.com', 'An incredibly advanced AI tool revolutionizing the way you handle presentation & document. Try QuickAI today.', 'Productivity Engine', 10, 0, 1);
INSERT INTO website_intents (website_id, intent_id) VALUES (965, 1);
INSERT INTO website_intents (website_id, intent_id) VALUES (965, 2);
INSERT INTO website_personas (website_id, persona_id) VALUES (965, 1);
INSERT INTO websites (id, name, slug, url, short_description, purpose, category_id, click_count, is_active) VALUES (966, 'AutoCraft', 'autocraft-8593', 'https://autocraft-8593.com', 'Enhance your productivity with AutoCraft. Perfect for seamless presentation & document automation.', 'Creative Studio', 10, 0, 1);
INSERT INTO website_intents (website_id, intent_id) VALUES (966, 4);
INSERT INTO website_personas (website_id, persona_id) VALUES (966, 1);
INSERT INTO websites (id, name, slug, url, short_description, purpose, category_id, click_count, is_active) VALUES (967, 'Geniify', 'geniify-2694', 'https://geniify-2694.com', 'An incredibly advanced AI tool revolutionizing the way you handle presentation & document. Try Geniify today.', 'Productivity Engine', 10, 0, 1);
INSERT INTO website_intents (website_id, intent_id) VALUES (967, 1);
INSERT INTO website_intents (website_id, intent_id) VALUES (967, 2);
INSERT INTO website_personas (website_id, persona_id) VALUES (967, 5);
INSERT INTO websites (id, name, slug, url, short_description, purpose, category_id, click_count, is_active) VALUES (968, 'NextBase', 'nextbase-3159', 'https://nextbase-3159.com', 'An incredibly advanced AI tool revolutionizing the way you handle presentation & document. Try NextBase today.', 'Creative Studio', 10, 0, 1);
INSERT INTO website_intents (website_id, intent_id) VALUES (968, 1);
INSERT INTO website_personas (website_id, persona_id) VALUES (968, 5);
INSERT INTO websites (id, name, slug, url, short_description, purpose, category_id, click_count, is_active) VALUES (969, 'SmartCraft Pro', 'smartcraft-pro-9991', 'https://smartcraft-pro-9991.com', 'Enhance your productivity with SmartCraft Pro. Perfect for seamless presentation & document automation.', 'Productivity Engine', 10, 0, 1);
INSERT INTO website_intents (website_id, intent_id) VALUES (969, 4);
INSERT INTO website_personas (website_id, persona_id) VALUES (969, 6);
INSERT INTO websites (id, name, slug, url, short_description, purpose, category_id, click_count, is_active) VALUES (970, 'ZenGen Pro', 'zengen-pro-3596', 'https://zengen-pro-3596.com', 'An incredibly advanced AI tool revolutionizing the way you handle presentation & document. Try ZenGen Pro today.', 'Creative Studio', 10, 0, 1);
INSERT INTO website_intents (website_id, intent_id) VALUES (970, 4);
INSERT INTO website_personas (website_id, persona_id) VALUES (970, 1);
INSERT INTO websites (id, name, slug, url, short_description, purpose, category_id, click_count, is_active) VALUES (971, 'HyperBase', 'hyperbase-2405', 'https://hyperbase-2405.com', 'An incredibly advanced AI tool revolutionizing the way you handle presentation & document. Try HyperBase today.', 'Productivity Engine', 10, 0, 1);
INSERT INTO website_intents (website_id, intent_id) VALUES (971, 4);
INSERT INTO website_personas (website_id, persona_id) VALUES (971, 5);
INSERT INTO website_personas (website_id, persona_id) VALUES (971, 4);
INSERT INTO websites (id, name, slug, url, short_description, purpose, category_id, click_count, is_active) VALUES (972, 'ZenSync', 'zensync-6387', 'https://zensync-6387.com', 'Enhance your productivity with ZenSync. Perfect for seamless presentation & document automation.', 'Creative Studio', 10, 0, 1);
INSERT INTO website_intents (website_id, intent_id) VALUES (972, 3);
INSERT INTO website_intents (website_id, intent_id) VALUES (972, 2);
INSERT INTO website_personas (website_id, persona_id) VALUES (972, 1);
INSERT INTO websites (id, name, slug, url, short_description, purpose, category_id, click_count, is_active) VALUES (973, 'Hyperly', 'hyperly-4062', 'https://hyperly-4062.com', 'An incredibly advanced AI tool revolutionizing the way you handle presentation & document. Try Hyperly today.', 'Productivity Engine', 10, 0, 1);
INSERT INTO website_intents (website_id, intent_id) VALUES (973, 2);
INSERT INTO website_personas (website_id, persona_id) VALUES (973, 2);
INSERT INTO websites (id, name, slug, url, short_description, purpose, category_id, click_count, is_active) VALUES (974, 'DeepCraft', 'deepcraft-9173', 'https://deepcraft-9173.com', 'An incredibly advanced AI tool revolutionizing the way you handle presentation & document. Try DeepCraft today.', 'Creative Studio', 10, 0, 1);
INSERT INTO website_intents (website_id, intent_id) VALUES (974, 1);
INSERT INTO website_personas (website_id, persona_id) VALUES (974, 1);
INSERT INTO website_personas (website_id, persona_id) VALUES (974, 6);
INSERT INTO websites (id, name, slug, url, short_description, purpose, category_id, click_count, is_active) VALUES (975, 'Smartify', 'smartify-6836', 'https://smartify-6836.com', 'Enhance your productivity with Smartify. Perfect for seamless presentation & document automation.', 'Productivity Engine', 10, 0, 1);
INSERT INTO website_intents (website_id, intent_id) VALUES (975, 4);
INSERT INTO website_intents (website_id, intent_id) VALUES (975, 3);
INSERT INTO website_personas (website_id, persona_id) VALUES (975, 1);
INSERT INTO websites (id, name, slug, url, short_description, purpose, category_id, click_count, is_active) VALUES (976, 'ProMind Pro', 'promind-pro-121', 'https://promind-pro-121.com', 'An incredibly advanced AI tool revolutionizing the way you handle presentation & document. Try ProMind Pro today.', 'Creative Studio', 10, 0, 1);
INSERT INTO website_intents (website_id, intent_id) VALUES (976, 6);
INSERT INTO website_personas (website_id, persona_id) VALUES (976, 3);
INSERT INTO website_personas (website_id, persona_id) VALUES (976, 2);
INSERT INTO websites (id, name, slug, url, short_description, purpose, category_id, click_count, is_active) VALUES (977, 'ProFlow', 'proflow-26', 'https://proflow-26.com', 'An incredibly advanced AI tool revolutionizing the way you handle presentation & document. Try ProFlow today.', 'Productivity Engine', 10, 0, 1);
INSERT INTO website_intents (website_id, intent_id) VALUES (977, 6);
INSERT INTO website_personas (website_id, persona_id) VALUES (977, 3);
INSERT INTO websites (id, name, slug, url, short_description, purpose, category_id, click_count, is_active) VALUES (978, 'Cognily Pro', 'cognily-pro-1716', 'https://cognily-pro-1716.com', 'Enhance your productivity with Cognily Pro. Perfect for seamless presentation & document automation.', 'Creative Studio', 10, 0, 1);
INSERT INTO website_intents (website_id, intent_id) VALUES (978, 4);
INSERT INTO website_personas (website_id, persona_id) VALUES (978, 4);
INSERT INTO website_personas (website_id, persona_id) VALUES (978, 2);
INSERT INTO websites (id, name, slug, url, short_description, purpose, category_id, click_count, is_active) VALUES (979, 'ProCraft', 'procraft-1724', 'https://procraft-1724.com', 'An incredibly advanced AI tool revolutionizing the way you handle presentation & document. Try ProCraft today.', 'Productivity Engine', 10, 0, 1);
INSERT INTO website_intents (website_id, intent_id) VALUES (979, 1);
INSERT INTO website_intents (website_id, intent_id) VALUES (979, 2);
INSERT INTO website_personas (website_id, persona_id) VALUES (979, 1);
INSERT INTO website_personas (website_id, persona_id) VALUES (979, 4);
INSERT INTO websites (id, name, slug, url, short_description, purpose, category_id, click_count, is_active) VALUES (980, 'GeniFlow Pro', 'geniflow-pro-4377', 'https://geniflow-pro-4377.com', 'An incredibly advanced AI tool revolutionizing the way you handle presentation & document. Try GeniFlow Pro today.', 'Creative Studio', 10, 0, 1);
INSERT INTO website_intents (website_id, intent_id) VALUES (980, 4);
INSERT INTO website_intents (website_id, intent_id) VALUES (980, 2);
INSERT INTO website_personas (website_id, persona_id) VALUES (980, 2);
INSERT INTO websites (id, name, slug, url, short_description, purpose, category_id, click_count, is_active) VALUES (981, 'QuickForge', 'quickforge-5121', 'https://quickforge-5121.com', 'Enhance your productivity with QuickForge. Perfect for seamless presentation & document automation.', 'Productivity Engine', 10, 0, 1);
INSERT INTO website_intents (website_id, intent_id) VALUES (981, 6);
INSERT INTO website_intents (website_id, intent_id) VALUES (981, 5);
INSERT INTO website_personas (website_id, persona_id) VALUES (981, 1);
INSERT INTO website_personas (website_id, persona_id) VALUES (981, 2);
INSERT INTO websites (id, name, slug, url, short_description, purpose, category_id, click_count, is_active) VALUES (982, 'DeepAI', 'deepai-7370', 'https://deepai-7370.com', 'An incredibly advanced AI tool revolutionizing the way you handle presentation & document. Try DeepAI today.', 'Creative Studio', 10, 0, 1);
INSERT INTO website_intents (website_id, intent_id) VALUES (982, 2);
INSERT INTO website_intents (website_id, intent_id) VALUES (982, 1);
INSERT INTO website_personas (website_id, persona_id) VALUES (982, 2);
INSERT INTO websites (id, name, slug, url, short_description, purpose, category_id, click_count, is_active) VALUES (983, 'AutoForge', 'autoforge-9758', 'https://autoforge-9758.com', 'An incredibly advanced AI tool revolutionizing the way you handle presentation & document. Try AutoForge today.', 'Productivity Engine', 10, 0, 1);
INSERT INTO website_intents (website_id, intent_id) VALUES (983, 4);
INSERT INTO website_intents (website_id, intent_id) VALUES (983, 1);
INSERT INTO website_personas (website_id, persona_id) VALUES (983, 4);
INSERT INTO websites (id, name, slug, url, short_description, purpose, category_id, click_count, is_active) VALUES (984, 'QuickForge', 'quickforge-9805', 'https://quickforge-9805.com', 'Enhance your productivity with QuickForge. Perfect for seamless presentation & document automation.', 'Creative Studio', 10, 0, 1);
INSERT INTO website_intents (website_id, intent_id) VALUES (984, 4);
INSERT INTO website_intents (website_id, intent_id) VALUES (984, 3);
INSERT INTO website_personas (website_id, persona_id) VALUES (984, 3);
INSERT INTO websites (id, name, slug, url, short_description, purpose, category_id, click_count, is_active) VALUES (985, 'SyntheForge', 'syntheforge-2644', 'https://syntheforge-2644.com', 'An incredibly advanced AI tool revolutionizing the way you handle presentation & document. Try SyntheForge today.', 'Productivity Engine', 10, 0, 1);
INSERT INTO website_intents (website_id, intent_id) VALUES (985, 5);
INSERT INTO website_personas (website_id, persona_id) VALUES (985, 1);
INSERT INTO website_personas (website_id, persona_id) VALUES (985, 5);
INSERT INTO websites (id, name, slug, url, short_description, purpose, category_id, click_count, is_active) VALUES (986, 'HyperBase', 'hyperbase-5850', 'https://hyperbase-5850.com', 'An incredibly advanced AI tool revolutionizing the way you handle presentation & document. Try HyperBase today.', 'Creative Studio', 10, 0, 1);
INSERT INTO website_intents (website_id, intent_id) VALUES (986, 5);
INSERT INTO website_personas (website_id, persona_id) VALUES (986, 3);
INSERT INTO website_personas (website_id, persona_id) VALUES (986, 5);
INSERT INTO websites (id, name, slug, url, short_description, purpose, category_id, click_count, is_active) VALUES (987, 'QuickFlow', 'quickflow-8975', 'https://quickflow-8975.com', 'Enhance your productivity with QuickFlow. Perfect for seamless presentation & document automation.', 'Productivity Engine', 10, 0, 1);
INSERT INTO website_intents (website_id, intent_id) VALUES (987, 1);
INSERT INTO website_intents (website_id, intent_id) VALUES (987, 6);
INSERT INTO website_personas (website_id, persona_id) VALUES (987, 3);
INSERT INTO website_personas (website_id, persona_id) VALUES (987, 2);
INSERT INTO websites (id, name, slug, url, short_description, purpose, category_id, click_count, is_active) VALUES (988, 'Deeply', 'deeply-8734', 'https://deeply-8734.com', 'An incredibly advanced AI tool revolutionizing the way you handle presentation & document. Try Deeply today.', 'Creative Studio', 10, 0, 1);
INSERT INTO website_intents (website_id, intent_id) VALUES (988, 4);
INSERT INTO website_intents (website_id, intent_id) VALUES (988, 3);
INSERT INTO website_personas (website_id, persona_id) VALUES (988, 4);
INSERT INTO websites (id, name, slug, url, short_description, purpose, category_id, click_count, is_active) VALUES (989, 'SyntheCraft Pro', 'synthecraft-pro-6960', 'https://synthecraft-pro-6960.com', 'An incredibly advanced AI tool revolutionizing the way you handle presentation & document. Try SyntheCraft Pro today.', 'Productivity Engine', 10, 0, 1);
INSERT INTO website_intents (website_id, intent_id) VALUES (989, 1);
INSERT INTO website_personas (website_id, persona_id) VALUES (989, 5);
INSERT INTO websites (id, name, slug, url, short_description, purpose, category_id, click_count, is_active) VALUES (990, 'Flowify', 'flowify-1733', 'https://flowify-1733.com', 'Enhance your productivity with Flowify. Perfect for seamless presentation & document automation.', 'Creative Studio', 10, 0, 1);
INSERT INTO website_intents (website_id, intent_id) VALUES (990, 2);
INSERT INTO website_intents (website_id, intent_id) VALUES (990, 3);
INSERT INTO website_personas (website_id, persona_id) VALUES (990, 2);
INSERT INTO website_personas (website_id, persona_id) VALUES (990, 6);
INSERT INTO websites (id, name, slug, url, short_description, purpose, category_id, click_count, is_active) VALUES (991, 'DeepSync', 'deepsync-2670', 'https://deepsync-2670.com', 'An incredibly advanced AI tool revolutionizing the way you handle presentation & document. Try DeepSync today.', 'Productivity Engine', 10, 0, 1);
INSERT INTO website_intents (website_id, intent_id) VALUES (991, 5);
INSERT INTO website_personas (website_id, persona_id) VALUES (991, 1);
INSERT INTO websites (id, name, slug, url, short_description, purpose, category_id, click_count, is_active) VALUES (992, 'DeepMind', 'deepmind-4925', 'https://deepmind-4925.com', 'An incredibly advanced AI tool revolutionizing the way you handle presentation & document. Try DeepMind today.', 'Creative Studio', 10, 0, 1);
INSERT INTO website_intents (website_id, intent_id) VALUES (992, 5);
INSERT INTO website_intents (website_id, intent_id) VALUES (992, 4);
INSERT INTO website_personas (website_id, persona_id) VALUES (992, 4);
INSERT INTO websites (id, name, slug, url, short_description, purpose, category_id, click_count, is_active) VALUES (993, 'ZenBot', 'zenbot-6534', 'https://zenbot-6534.com', 'Enhance your productivity with ZenBot. Perfect for seamless presentation & document automation.', 'Productivity Engine', 10, 0, 1);
INSERT INTO website_intents (website_id, intent_id) VALUES (993, 1);
INSERT INTO website_personas (website_id, persona_id) VALUES (993, 4);
INSERT INTO websites (id, name, slug, url, short_description, purpose, category_id, click_count, is_active) VALUES (994, 'ZenAI Pro', 'zenai-pro-555', 'https://zenai-pro-555.com', 'An incredibly advanced AI tool revolutionizing the way you handle presentation & document. Try ZenAI Pro today.', 'Creative Studio', 10, 0, 1);
INSERT INTO website_intents (website_id, intent_id) VALUES (994, 4);
INSERT INTO website_intents (website_id, intent_id) VALUES (994, 5);
INSERT INTO website_personas (website_id, persona_id) VALUES (994, 4);
INSERT INTO websites (id, name, slug, url, short_description, purpose, category_id, click_count, is_active) VALUES (995, 'HyperSync', 'hypersync-5436', 'https://hypersync-5436.com', 'An incredibly advanced AI tool revolutionizing the way you handle presentation & document. Try HyperSync today.', 'Productivity Engine', 10, 0, 1);
INSERT INTO website_intents (website_id, intent_id) VALUES (995, 1);
INSERT INTO website_intents (website_id, intent_id) VALUES (995, 3);
INSERT INTO website_personas (website_id, persona_id) VALUES (995, 1);
INSERT INTO website_personas (website_id, persona_id) VALUES (995, 2);
INSERT INTO websites (id, name, slug, url, short_description, purpose, category_id, click_count, is_active) VALUES (996, 'Flowly', 'flowly-3701', 'https://flowly-3701.com', 'Enhance your productivity with Flowly. Perfect for seamless presentation & document automation.', 'Creative Studio', 10, 0, 1);
INSERT INTO website_intents (website_id, intent_id) VALUES (996, 3);
INSERT INTO website_personas (website_id, persona_id) VALUES (996, 1);
INSERT INTO website_personas (website_id, persona_id) VALUES (996, 2);
INSERT INTO websites (id, name, slug, url, short_description, purpose, category_id, click_count, is_active) VALUES (997, 'SyntheFlow', 'syntheflow-4437', 'https://syntheflow-4437.com', 'An incredibly advanced AI tool revolutionizing the way you handle presentation & document. Try SyntheFlow today.', 'Productivity Engine', 10, 0, 1);
INSERT INTO website_intents (website_id, intent_id) VALUES (997, 6);
INSERT INTO website_intents (website_id, intent_id) VALUES (997, 4);
INSERT INTO website_personas (website_id, persona_id) VALUES (997, 1);
INSERT INTO website_personas (website_id, persona_id) VALUES (997, 3);
INSERT INTO websites (id, name, slug, url, short_description, purpose, category_id, click_count, is_active) VALUES (998, 'ZenBase', 'zenbase-3591', 'https://zenbase-3591.com', 'An incredibly advanced AI tool revolutionizing the way you handle presentation & document. Try ZenBase today.', 'Creative Studio', 10, 0, 1);
INSERT INTO website_intents (website_id, intent_id) VALUES (998, 5);
INSERT INTO website_intents (website_id, intent_id) VALUES (998, 4);
INSERT INTO website_personas (website_id, persona_id) VALUES (998, 5);
INSERT INTO websites (id, name, slug, url, short_description, purpose, category_id, click_count, is_active) VALUES (999, 'AutoBase', 'autobase-7619', 'https://autobase-7619.com', 'Enhance your productivity with AutoBase. Perfect for seamless presentation & document automation.', 'Productivity Engine', 10, 0, 1);
INSERT INTO website_intents (website_id, intent_id) VALUES (999, 3);
INSERT INTO website_intents (website_id, intent_id) VALUES (999, 1);
INSERT INTO website_personas (website_id, persona_id) VALUES (999, 6);
INSERT INTO websites (id, name, slug, url, short_description, purpose, category_id, click_count, is_active) VALUES (1000, 'NextAI Pro', 'nextai-pro-2579', 'https://nextai-pro-2579.com', 'An incredibly advanced AI tool revolutionizing the way you handle presentation & document. Try NextAI Pro today.', 'Creative Studio', 10, 0, 1);
INSERT INTO website_intents (website_id, intent_id) VALUES (1000, 2);
INSERT INTO website_intents (website_id, intent_id) VALUES (1000, 1);
INSERT INTO website_personas (website_id, persona_id) VALUES (1000, 4);
INSERT INTO websites (id, name, slug, url, short_description, purpose, category_id, click_count, is_active) VALUES (1001, 'AutoFlow Pro', 'autoflow-pro-3281', 'https://autoflow-pro-3281.com', 'An incredibly advanced AI tool revolutionizing the way you handle presentation & document. Try AutoFlow Pro today.', 'Productivity Engine', 10, 0, 1);
INSERT INTO website_intents (website_id, intent_id) VALUES (1001, 1);
INSERT INTO website_intents (website_id, intent_id) VALUES (1001, 4);
INSERT INTO website_personas (website_id, persona_id) VALUES (1001, 3);
INSERT INTO website_personas (website_id, persona_id) VALUES (1001, 6);
INSERT INTO websites (id, name, slug, url, short_description, purpose, category_id, click_count, is_active) VALUES (1002, 'NextSync Pro', 'nextsync-pro-9057', 'https://nextsync-pro-9057.com', 'Enhance your productivity with NextSync Pro. Perfect for seamless presentation & document automation.', 'Creative Studio', 10, 0, 1);
INSERT INTO website_intents (website_id, intent_id) VALUES (1002, 1);
INSERT INTO website_personas (website_id, persona_id) VALUES (1002, 1);
INSERT INTO website_personas (website_id, persona_id) VALUES (1002, 2);
INSERT INTO websites (id, name, slug, url, short_description, purpose, category_id, click_count, is_active) VALUES (1003, 'ZenMind', 'zenmind-5081', 'https://zenmind-5081.com', 'An incredibly advanced AI tool revolutionizing the way you handle presentation & document. Try ZenMind today.', 'Productivity Engine', 10, 0, 1);
INSERT INTO website_intents (website_id, intent_id) VALUES (1003, 4);
INSERT INTO website_personas (website_id, persona_id) VALUES (1003, 1);
INSERT INTO website_personas (website_id, persona_id) VALUES (1003, 2);
INSERT INTO websites (id, name, slug, url, short_description, purpose, category_id, click_count, is_active) VALUES (1004, 'DeepMate', 'deepmate-7697', 'https://deepmate-7697.com', 'An incredibly advanced AI tool revolutionizing the way you handle presentation & document. Try DeepMate today.', 'Creative Studio', 10, 0, 1);
INSERT INTO website_intents (website_id, intent_id) VALUES (1004, 1);
INSERT INTO website_intents (website_id, intent_id) VALUES (1004, 2);
INSERT INTO website_personas (website_id, persona_id) VALUES (1004, 1);
INSERT INTO website_personas (website_id, persona_id) VALUES (1004, 2);
INSERT INTO websites (id, name, slug, url, short_description, purpose, category_id, click_count, is_active) VALUES (1005, 'SyntheBase', 'synthebase-4581', 'https://synthebase-4581.com', 'Enhance your productivity with SyntheBase. Perfect for seamless presentation & document automation.', 'Productivity Engine', 10, 0, 1);
INSERT INTO website_intents (website_id, intent_id) VALUES (1005, 3);
INSERT INTO website_intents (website_id, intent_id) VALUES (1005, 1);
INSERT INTO website_personas (website_id, persona_id) VALUES (1005, 1);
INSERT INTO websites (id, name, slug, url, short_description, purpose, category_id, click_count, is_active) VALUES (1006, 'DeepBase', 'deepbase-7722', 'https://deepbase-7722.com', 'An incredibly advanced AI tool revolutionizing the way you handle presentation & document. Try DeepBase today.', 'Creative Studio', 10, 0, 1);
INSERT INTO website_intents (website_id, intent_id) VALUES (1006, 1);
INSERT INTO website_personas (website_id, persona_id) VALUES (1006, 3);
INSERT INTO website_personas (website_id, persona_id) VALUES (1006, 4);
INSERT INTO websites (id, name, slug, url, short_description, purpose, category_id, click_count, is_active) VALUES (1007, 'SmartForge', 'smartforge-5387', 'https://smartforge-5387.com', 'An incredibly advanced AI tool revolutionizing the way you handle presentation & document. Try SmartForge today.', 'Productivity Engine', 10, 0, 1);
INSERT INTO website_intents (website_id, intent_id) VALUES (1007, 2);
INSERT INTO website_personas (website_id, persona_id) VALUES (1007, 2);
INSERT INTO websites (id, name, slug, url, short_description, purpose, category_id, click_count, is_active) VALUES (1008, 'HyperMate', 'hypermate-1874', 'https://hypermate-1874.com', 'Enhance your productivity with HyperMate. Perfect for seamless presentation & document automation.', 'Creative Studio', 10, 0, 1);
INSERT INTO website_intents (website_id, intent_id) VALUES (1008, 2);
INSERT INTO website_personas (website_id, persona_id) VALUES (1008, 6);
INSERT INTO websites (id, name, slug, url, short_description, purpose, category_id, click_count, is_active) VALUES (1009, 'VibeFlow', 'vibeflow-3332', 'https://vibeflow-3332.com', 'An incredibly advanced AI tool revolutionizing the way you handle presentation & document. Try VibeFlow today.', 'Productivity Engine', 10, 0, 1);
INSERT INTO website_intents (website_id, intent_id) VALUES (1009, 1);
INSERT INTO website_personas (website_id, persona_id) VALUES (1009, 6);
INSERT INTO websites (id, name, slug, url, short_description, purpose, category_id, click_count, is_active) VALUES (1010, 'SmartSync', 'smartsync-8590', 'https://smartsync-8590.com', 'An incredibly advanced AI tool revolutionizing the way you handle presentation & document. Try SmartSync today.', 'Creative Studio', 10, 0, 1);
INSERT INTO website_intents (website_id, intent_id) VALUES (1010, 2);
INSERT INTO website_intents (website_id, intent_id) VALUES (1010, 5);
INSERT INTO website_personas (website_id, persona_id) VALUES (1010, 2);
INSERT INTO website_personas (website_id, persona_id) VALUES (1010, 4);
INSERT INTO websites (id, name, slug, url, short_description, purpose, category_id, click_count, is_active) VALUES (1011, 'FlowSync', 'flowsync-5331', 'https://flowsync-5331.com', 'Enhance your productivity with FlowSync. Perfect for seamless presentation & document automation.', 'Productivity Engine', 10, 0, 1);
INSERT INTO website_intents (website_id, intent_id) VALUES (1011, 5);
INSERT INTO website_personas (website_id, persona_id) VALUES (1011, 2);
INSERT INTO website_personas (website_id, persona_id) VALUES (1011, 5);
INSERT INTO websites (id, name, slug, url, short_description, purpose, category_id, click_count, is_active) VALUES (1012, 'NextMate', 'nextmate-4706', 'https://nextmate-4706.com', 'An incredibly advanced AI tool revolutionizing the way you handle presentation & document. Try NextMate today.', 'Creative Studio', 10, 0, 1);
INSERT INTO website_intents (website_id, intent_id) VALUES (1012, 5);
INSERT INTO website_personas (website_id, persona_id) VALUES (1012, 1);
INSERT INTO website_personas (website_id, persona_id) VALUES (1012, 6);
INSERT INTO websites (id, name, slug, url, short_description, purpose, category_id, click_count, is_active) VALUES (1013, 'SyntheForge', 'syntheforge-1924', 'https://syntheforge-1924.com', 'An incredibly advanced AI tool revolutionizing the way you handle presentation & document. Try SyntheForge today.', 'Productivity Engine', 10, 0, 1);
INSERT INTO website_intents (website_id, intent_id) VALUES (1013, 4);
INSERT INTO website_personas (website_id, persona_id) VALUES (1013, 1);
INSERT INTO websites (id, name, slug, url, short_description, purpose, category_id, click_count, is_active) VALUES (1014, 'ZenBase', 'zenbase-6903', 'https://zenbase-6903.com', 'Enhance your productivity with ZenBase. Perfect for seamless presentation & document automation.', 'Creative Studio', 10, 0, 1);
INSERT INTO website_intents (website_id, intent_id) VALUES (1014, 1);
INSERT INTO website_personas (website_id, persona_id) VALUES (1014, 2);
